Email,Name,Subject,Template Type,Body
"info@sugarhousebakery.com","Sugarhouse Bakery Manila","Quick question about Sugarhouse Bakery Manila's tech needs","default","Good day,  I came across Sugarhouse Bakery Manila and was impressed by what you're building.  I'm Robert James, founder of STRUKKD LABS. We're a full-stack development studio based in the Philippines.  We've helped similar businesses streamline their operations with custom software solutions.  I'd love to learn more about Sugarhouse Bakery Manila's challenges. Do you have 15 minutes for a quick chat?  I'm happy to build a free prototype to show you what's possible.  Here's what we've been working on: - STRUKKD LABS: https://strukkdlabs.vercel.app/ - My portfolio: https://rj-portfolio-resume.vercel.app/  Totally understand if the timing isn't right. But if you're thinking about improving your digital presence, I'd love to help.  Cheers, Robert James Cabansay Founder, STRUKKD LABS https://strukkdlabs.vercel.app/  --- 📧 rjamscxx@gmail.com 🌐 strukkdlabs.vercel.app 💼 rj-portfolio-resume.vercel.app"
"info@craftpointbrewing.com","Craft Point Brewing PH","Quick question about Craft Point Brewing PH's tech needs","default","Hi there,  I noticed Craft Point Brewing PH in the brewpub needing events and reservation system space and wanted to reach out.  I'm Robert James, founder of STRUKKD LABS. We're a full-stack development studio based in the Philippines.  We help businesses like Craft Point Brewing PH build custom software that saves time and increases revenue.  Would you be open to a quick 15-minute call to discuss how we might help Craft Point Brewing PH?  I'm happy to build a free prototype to show you what's possible.  Here's what we've been working on: - STRUKKD LABS: https://strukkdlabs.vercel.app/ - My portfolio: https://rj-portfolio-resume.vercel.app/  Totally understand if the timing isn't right. But if you're thinking about improving your digital presence, I'd love to help.  Cheers, Robert James Cabansay Founder, STRUKKD LABS https://strukkdlabs.vercel.app/  --- 📧 rjamscxx@gmail.com 🌐 strukkdlabs.vercel.app 💼 rj-portfolio-resume.vercel.app"
"info@bulldogpub.com","Bulldog Pub Manila","Quick question about Bulldog Pub Manila's tech needs","default","Hello,  While researching sports bar needing event management system businesses, I found Bulldog Pub Manila and thought of reaching out.  I'm Robert James, founder of STRUKKD LABS. We're a full-stack development studio based in the Philippines.  We've helped similar businesses streamline their operations with custom software solutions.  Would you be open to a quick 15-minute call to discuss how we might help Bulldog Pub Manila?  I'm happy to build a free prototype to show you what's possible.  Here's what we've been working on: - STRUKKD LABS: https://strukkdlabs.vercel.app/ - My portfolio: https://rj-portfolio-resume.vercel.app/  Totally understand if the timing isn't right. But if you're thinking about improving your digital presence, I'd love to help.  Cheers, Robert James Cabansay Founder, STRUKKD LABS https://strukkdlabs.vercel.app/  --- 📧 rjamscxx@gmail.com 🌐 strukkdlabs.vercel.app 💼 rj-portfolio-resume.vercel.app"
"info@seascapevillage.com","Seascape Village Manila","Quick question about Seascape Village Manila's tech needs","restaurant","Hi there,  I've heard great things about Seascape Village Manila and wanted to reach out.  I'm Robert James, founder of STRUKKD LABS. We're a full-stack development studio based in the Philippines.  Our team builds custom reservation and delivery platforms for restaurants.  Would you be open to a quick 15-minute call to discuss how we might help Seascape Village Manila?  I'm happy to build a free prototype to show you what's possible.  Here's what we've been working on: - STRUKKD LABS: https://strukkdlabs.vercel.app/ - My portfolio: https://rj-portfolio-resume.vercel.app/  Totally understand if the timing isn't right. But if you're thinking about improving your digital presence, I'd love to help.  Cheers, Robert James Cabansay Founder, STRUKKD LABS https://strukkdlabs.vercel.app/  --- 📧 rjamscxx@gmail.com 🌐 strukkdlabs.vercel.app 💼 rj-portfolio-resume.vercel.app"
"info@brunchbureau.com","Brunch Bureau Manila","Quick question about Brunch Bureau Manila's tech needs","default","Hi there,  While researching brunch spot needing reservation and delivery businesses, I found Brunch Bureau Manila and thought of reaching out.  I'm Robert James, founder of STRUKKD LABS. We're a full-stack development studio based in the Philippines.  We've helped similar businesses streamline their operations with custom software solutions.  Would you be open to a quick 15-minute call to discuss how we might help Brunch Bureau Manila?  I'm happy to build a free prototype to show you what's possible.  Here's what we've been working on: - STRUKKD LABS: https://strukkdlabs.vercel.app/ - My portfolio: https://rj-portfolio-resume.vercel.app/  Totally understand if the timing isn't right. But if you're thinking about improving your digital presence, I'd love to help.  Cheers, Robert James Cabansay Founder, STRUKKD LABS https://strukkdlabs.vercel.app/  --- 📧 rjamscxx@gmail.com 🌐 strukkdlabs.vercel.app 💼 rj-portfolio-resume.vercel.app"
"info@birdhousegelato.com","Birdhouse Gelato PH","Quick question about Birdhouse Gelato PH's tech needs","default","Hello,  While researching gelato shop needing delivery and loyalty businesses, I found Birdhouse Gelato PH and thought of reaching out.  I'm Robert James, founder of STRUKKD LABS. We're a full-stack development studio based in the Philippines.  We've helped similar businesses streamline their operations with custom software solutions.  Would you be open to a quick 15-minute call to discuss how we might help Birdhouse Gelato PH?  I'm happy to build a free prototype to show you what's possible.  Here's what we've been working on: - STRUKKD LABS: https://strukkdlabs.vercel.app/ - My portfolio: https://rj-portfolio-resume.vercel.app/  Totally understand if the timing isn't right. But if you're thinking about improving your digital presence, I'd love to help.  Cheers, Robert James Cabansay Founder, STRUKKD LABS https://strukkdlabs.vercel.app/  --- 📧 rjamscxx@gmail.com 🌐 strukkdlabs.vercel.app 💼 rj-portfolio-resume.vercel.app"
"info@sentro1771.com","Sentro 1771","Quick question about Sentro 1771's tech needs","restaurant","Good day,  Your restaurant caught my attention while researching filipino restaurant needing online reservation businesses.  I'm Robert James, founder of STRUKKD LABS. We're a full-stack development studio based in the Philippines.  Our team builds custom reservation and delivery platforms for restaurants.  Would you be open to a quick 15-minute call to discuss how we might help Sentro 1771?  I'm happy to build a free prototype to show you what's possible.  Here's what we've been working on: - STRUKKD LABS: https://strukkdlabs.vercel.app/ - My portfolio: https://rj-portfolio-resume.vercel.app/  Totally understand if the timing isn't right. But if you're thinking about improving your digital presence, I'd love to help.  Cheers, Robert James Cabansay Founder, STRUKKD LABS https://strukkdlabs.vercel.app/  --- 📧 rjamscxx@gmail.com 🌐 strukkdlabs.vercel.app 💼 rj-portfolio-resume.vercel.app"
"info@holysmokesbbq.com","Holy Smokes BBQ","Quick question about Holy Smokes BBQ's tech needs","default","Hi there,  I came across Holy Smokes BBQ and was impressed by what you're building.  I'm Robert James, founder of STRUKKD LABS. We're a full-stack development studio based in the Philippines.  We've helped similar businesses streamline their operations with custom software solutions.  Would you be open to a quick 15-minute call to discuss how we might help Holy Smokes BBQ?  I'm happy to build a free prototype to show you what's possible.  Here's what we've been working on: - STRUKKD LABS: https://strukkdlabs.vercel.app/ - My portfolio: https://rj-portfolio-resume.vercel.app/  Totally understand if the timing isn't right. But if you're thinking about improving your digital presence, I'd love to help.  Cheers, Robert James Cabansay Founder, STRUKKD LABS https://strukkdlabs.vercel.app/  --- 📧 rjamscxx@gmail.com 🌐 strukkdlabs.vercel.app 💼 rj-portfolio-resume.vercel.app"
"info@quarterlifecoffee.com","Quarterlife Coffee PH","Quick question about Quarterlife Coffee PH's tech needs","cafe","Good day,  I found Quarterlife Coffee PH while researching cafes in BGC/Taguig and was impressed.  I'm Robert James, founder of STRUKKD LABS. We're a full-stack development studio based in the Philippines.  Our team creates beautiful websites and ordering systems for cafes.  Would you be interested in a free consultation to explore how we can help Quarterlife Coffee PH?  I'm happy to build a free prototype to show you what's possible.  Here's what we've been working on: - STRUKKD LABS: https://strukkdlabs.vercel.app/ - My portfolio: https://rj-portfolio-resume.vercel.app/  Totally understand if the timing isn't right. But if you're thinking about improving your digital presence, I'd love to help.  Cheers, Robert James Cabansay Founder, STRUKKD LABS https://strukkdlabs.vercel.app/  --- 📧 rjamscxx@gmail.com 🌐 strukkdlabs.vercel.app 💼 rj-portfolio-resume.vercel.app"
"info@booky.ph","Booky PH","Quick question about Booky PH's tech needs","restaurant","Hello,  Your restaurant caught my attention while researching restaurant discovery app needing platform development businesses.  I'm Robert James, founder of STRUKKD LABS. We're a full-stack development studio based in the Philippines.  We help restaurants like Booky PH build online ordering systems that increase sales by 30%.  Would you be open to a quick 15-minute call to discuss how we might help Booky PH?  I'm happy to build a free prototype to show you what's possible.  Here's what we've been working on: - STRUKKD LABS: https://strukkdlabs.vercel.app/ - My portfolio: https://rj-portfolio-resume.vercel.app/  Totally understand if the timing isn't right. But if you're thinking about improving your digital presence, I'd love to help.  Cheers, Robert James Cabansay Founder, STRUKKD LABS https://strukkdlabs.vercel.app/  --- 📧 rjamscxx@gmail.com 🌐 strukkdlabs.vercel.app 💼 rj-portfolio-resume.vercel.app"
"info@breadandbutterbakery.com","Bread & Butter Bakery","Quick question about Bread & Butter Bakery's tech needs","default","Good day,  I came across Bread & Butter Bakery and was impressed by what you're building.  I'm Robert James, founder of STRUKKD LABS. We're a full-stack development studio based in the Philippines.  We've helped similar businesses streamline their operations with custom software solutions.  Would you be open to a quick 15-minute call to discuss how we might help Bread & Butter Bakery?  I'm happy to build a free prototype to show you what's possible.  Here's what we've been working on: - STRUKKD LABS: https://strukkdlabs.vercel.app/ - My portfolio: https://rj-portfolio-resume.vercel.app/  Totally understand if the timing isn't right. But if you're thinking about improving your digital presence, I'd love to help.  Cheers, Robert James Cabansay Founder, STRUKKD LABS https://strukkdlabs.vercel.app/  --- 📧 rjamscxx@gmail.com 🌐 strukkdlabs.vercel.app 💼 rj-portfolio-resume.vercel.app"
"info@smileagaindental.com","Smile Again Dental Clinic","Quick question about Smile Again Dental Clinic's tech needs","default","Hello,  I came across Smile Again Dental Clinic and was impressed by what you're building.  I'm Robert James, founder of STRUKKD LABS. We're a full-stack development studio based in the Philippines.  We've helped similar businesses streamline their operations with custom software solutions.  Would you be open to a quick 15-minute call to discuss how we might help Smile Again Dental Clinic?  I'm happy to build a free prototype to show you what's possible.  Here's what we've been working on: - STRUKKD LABS: https://strukkdlabs.vercel.app/ - My portfolio: https://rj-portfolio-resume.vercel.app/  Totally understand if the timing isn't right. But if you're thinking about improving your digital presence, I'd love to help.  Cheers, Robert James Cabansay Founder, STRUKKD LABS https://strukkdlabs.vercel.app/  --- 📧 rjamscxx@gmail.com 🌐 strukkdlabs.vercel.app 💼 rj-portfolio-resume.vercel.app"
"info@happytoothdental.com","Happy Tooth Dental BGC","Quick question about Happy Tooth Dental BGC's tech needs","default","Good day,  I noticed Happy Tooth Dental BGC in the pediatric dental needing booking platform space and wanted to reach out.  I'm Robert James, founder of STRUKKD LABS. We're a full-stack development studio based in the Philippines.  We've helped similar businesses streamline their operations with custom software solutions.  Would you be open to a quick 15-minute call to discuss how we might help Happy Tooth Dental BGC?  I'm happy to build a free prototype to show you what's possible.  Here's what we've been working on: - STRUKKD LABS: https://strukkdlabs.vercel.app/ - My portfolio: https://rj-portfolio-resume.vercel.app/  Totally understand if the timing isn't right. But if you're thinking about improving your digital presence, I'd love to help.  Cheers, Robert James Cabansay Founder, STRUKKD LABS https://strukkdlabs.vercel.app/  --- 📧 rjamscxx@gmail.com 🌐 strukkdlabs.vercel.app 💼 rj-portfolio-resume.vercel.app"
"info@whitezonedental.com","White Zone Dental Cebu","Quick question about White Zone Dental Cebu's tech needs","default","Good day,  I came across White Zone Dental Cebu and was impressed by what you're building.  I'm Robert James, founder of STRUKKD LABS. We're a full-stack development studio based in the Philippines.  Our team specializes in building web apps and systems for companies like White Zone Dental Cebu.  Would you be open to a quick 15-minute call to discuss how we might help White Zone Dental Cebu?  I'm happy to build a free prototype to show you what's possible.  Here's what we've been working on: - STRUKKD LABS: https://strukkdlabs.vercel.app/ - My portfolio: https://rj-portfolio-resume.vercel.app/  Totally understand if the timing isn't right. But if you're thinking about improving your digital presence, I'd love to help.  Cheers, Robert James Cabansay Founder, STRUKKD LABS https://strukkdlabs.vercel.app/  --- 📧 rjamscxx@gmail.com 🌐 strukkdlabs.vercel.app 💼 rj-portfolio-resume.vercel.app"
"info@apexdentalstudio.com","Apex Dental Studio","Quick question about Apex Dental Studio's tech needs","default","Hello,  While researching digital dental lab needing ordering and tracking system businesses, I found Apex Dental Studio and thought of reaching out.  I'm Robert James, founder of STRUKKD LABS. We're a full-stack development studio based in the Philippines.  Our team specializes in building web apps and systems for companies like Apex Dental Studio.  Would you be open to a quick 15-minute call to discuss how we might help Apex Dental Studio?  I'm happy to build a free prototype to show you what's possible.  Here's what we've been working on: - STRUKKD LABS: https://strukkdlabs.vercel.app/ - My portfolio: https://rj-portfolio-resume.vercel.app/  Totally understand if the timing isn't right. But if you're thinking about improving your digital presence, I'd love to help.  Cheers, Robert James Cabansay Founder, STRUKKD LABS https://strukkdlabs.vercel.app/  --- 📧 rjamscxx@gmail.com 🌐 strukkdlabs.vercel.app 💼 rj-portfolio-resume.vercel.app"
"info@healthway.com.ph","Healthway Multi-Specialty","Quick question about Healthway Multi-Specialty's tech needs","default","Good day,  I noticed Healthway Multi-Specialty in the clinic chain needing online appointment system space and wanted to reach out.  I'm Robert James, founder of STRUKKD LABS. We're a full-stack development studio based in the Philippines.  Our team specializes in building web apps and systems for companies like Healthway Multi-Specialty.  I'd love to learn more about Healthway Multi-Specialty's challenges. Do you have 15 minutes for a quick chat?  I'm happy to build a free prototype to show you what's possible.  Here's what we've been working on: - STRUKKD LABS: https://strukkdlabs.vercel.app/ - My portfolio: https://rj-portfolio-resume.vercel.app/  Totally understand if the timing isn't right. But if you're thinking about improving your digital presence, I'd love to help.  Cheers, Robert James Cabansay Founder, STRUKKD LABS https://strukkdlabs.vercel.app/  --- 📧 rjamscxx@gmail.com 🌐 strukkdlabs.vercel.app 💼 rj-portfolio-resume.vercel.app"
"info@luminousskinclinic.com","Luminous Skin Clinic","Quick question about Luminous Skin Clinic's tech needs","default","Good day,  I noticed Luminous Skin Clinic in the skin clinic needing booking and treatment records space and wanted to reach out.  I'm Robert James, founder of STRUKKD LABS. We're a full-stack development studio based in the Philippines.  Our team specializes in building web apps and systems for companies like Luminous Skin Clinic.  I'd love to learn more about Luminous Skin Clinic's challenges. Do you have 15 minutes for a quick chat?  I'm happy to build a free prototype to show you what's possible.  Here's what we've been working on: - STRUKKD LABS: https://strukkdlabs.vercel.app/ - My portfolio: https://rj-portfolio-resume.vercel.app/  Totally understand if the timing isn't right. But if you're thinking about improving your digital presence, I'd love to help.  Cheers, Robert James Cabansay Founder, STRUKKD LABS https://strukkdlabs.vercel.app/  --- 📧 rjamscxx@gmail.com 🌐 strukkdlabs.vercel.app 💼 rj-portfolio-resume.vercel.app"
"info@wellnessfirstph.com","Wellness First PH","Quick question about Wellness First PH's tech needs","default","Hello,  I came across Wellness First PH and was impressed by what you're building.  I'm Robert James, founder of STRUKKD LABS. We're a full-stack development studio based in the Philippines.  We help businesses like Wellness First PH build custom software that saves time and increases revenue.  Would you be open to a quick 15-minute call to discuss how we might help Wellness First PH?  I'm happy to build a free prototype to show you what's possible.  Here's what we've been working on: - STRUKKD LABS: https://strukkdlabs.vercel.app/ - My portfolio: https://rj-portfolio-resume.vercel.app/  Totally understand if the timing isn't right. But if you're thinking about improving your digital presence, I'd love to help.  Cheers, Robert James Cabansay Founder, STRUKKD LABS https://strukkdlabs.vercel.app/  --- 📧 rjamscxx@gmail.com 🌐 strukkdlabs.vercel.app 💼 rj-portfolio-resume.vercel.app"
"info@radiancedermatology.com","Radiance Dermatology","Quick question about Radiance Dermatology's tech needs","default","Hello,  I noticed Radiance Dermatology in the dermatology needing patient records and booking space and wanted to reach out.  I'm Robert James, founder of STRUKKD LABS. We're a full-stack development studio based in the Philippines.  Our team specializes in building web apps and systems for companies like Radiance Dermatology.  I'd love to learn more about Radiance Dermatology's challenges. Do you have 15 minutes for a quick chat?  I'm happy to build a free prototype to show you what's possible.  Here's what we've been working on: - STRUKKD LABS: https://strukkdlabs.vercel.app/ - My portfolio: https://rj-portfolio-resume.vercel.app/  Totally understand if the timing isn't right. But if you're thinking about improving your digital presence, I'd love to help.  Cheers, Robert James Cabansay Founder, STRUKKD LABS https://strukkdlabs.vercel.app/  --- 📧 rjamscxx@gmail.com 🌐 strukkdlabs.vercel.app 💼 rj-portfolio-resume.vercel.app"
"info@luxespa.com","Luxe Spa PH","Quick question about Luxe Spa PH's tech needs","default","Good day,  I noticed Luxe Spa PH in the premium spa needing booking and membership system space and wanted to reach out.  I'm Robert James, founder of STRUKKD LABS. We're a full-stack development studio based in the Philippines.  Our team specializes in building web apps and systems for companies like Luxe Spa PH.  Would you be open to a quick 15-minute call to discuss how we might help Luxe Spa PH?  I'm happy to build a free prototype to show you what's possible.  Here's what we've been working on: - STRUKKD LABS: https://strukkdlabs.vercel.app/ - My portfolio: https://rj-portfolio-resume.vercel.app/  Totally understand if the timing isn't right. But if you're thinking about improving your digital presence, I'd love to help.  Cheers, Robert James Cabansay Founder, STRUKKD LABS https://strukkdlabs.vercel.app/  --- 📧 rjamscxx@gmail.com 🌐 strukkdlabs.vercel.app 💼 rj-portfolio-resume.vercel.app"
"info@thaiorchidspa.com","Thai Orchid Spa Manila","Quick question about Thai Orchid Spa Manila's tech needs","default","Hello,  While researching thai massage spa needing reservation platform businesses, I found Thai Orchid Spa Manila and thought of reaching out.  I'm Robert James, founder of STRUKKD LABS. We're a full-stack development studio based in the Philippines.  We've helped similar businesses streamline their operations with custom software solutions.  Would you be open to a quick 15-minute call to discuss how we might help Thai Orchid Spa Manila?  I'm happy to build a free prototype to show you what's possible.  Here's what we've been working on: - STRUKKD LABS: https://strukkdlabs.vercel.app/ - My portfolio: https://rj-portfolio-resume.vercel.app/  Totally understand if the timing isn't right. But if you're thinking about improving your digital presence, I'd love to help.  Cheers, Robert James Cabansay Founder, STRUKKD LABS https://strukkdlabs.vercel.app/  --- 📧 rjamscxx@gmail.com 🌐 strukkdlabs.vercel.app 💼 rj-portfolio-resume.vercel.app"
"info@zenspacewellness.com","Zen Space Wellness","Quick question about Zen Space Wellness's tech needs","default","Hi there,  I noticed Zen Space Wellness in the meditation and spa needing booking system space and wanted to reach out.  I'm Robert James, founder of STRUKKD LABS. We're a full-stack development studio based in the Philippines.  We've helped similar businesses streamline their operations with custom software solutions.  Would you be open to a quick 15-minute call to discuss how we might help Zen Space Wellness?  I'm happy to build a free prototype to show you what's possible.  Here's what we've been working on: - STRUKKD LABS: https://strukkdlabs.vercel.app/ - My portfolio: https://rj-portfolio-resume.vercel.app/  Totally understand if the timing isn't right. But if you're thinking about improving your digital presence, I'd love to help.  Cheers, Robert James Cabansay Founder, STRUKKD LABS https://strukkdlabs.vercel.app/  --- 📧 rjamscxx@gmail.com 🌐 strukkdlabs.vercel.app 💼 rj-portfolio-resume.vercel.app"
"info@aurawellnesscenter.com","Aura Wellness Center","Quick question about Aura Wellness Center's tech needs","default","Hello,  While researching wellness center needing booking and class scheduling businesses, I found Aura Wellness Center and thought of reaching out.  I'm Robert James, founder of STRUKKD LABS. We're a full-stack development studio based in the Philippines.  Our team specializes in building web apps and systems for companies like Aura Wellness Center.  I'd love to learn more about Aura Wellness Center's challenges. Do you have 15 minutes for a quick chat?  I'm happy to build a free prototype to show you what's possible.  Here's what we've been working on: - STRUKKD LABS: https://strukkdlabs.vercel.app/ - My portfolio: https://rj-portfolio-resume.vercel.app/  Totally understand if the timing isn't right. But if you're thinking about improving your digital presence, I'd love to help.  Cheers, Robert James Cabansay Founder, STRUKKD LABS https://strukkdlabs.vercel.app/  --- 📧 rjamscxx@gmail.com 🌐 strukkdlabs.vercel.app 💼 rj-portfolio-resume.vercel.app"
"info@thepadfitness.com","The Pad Integrated Fitness","Quick question about The Pad Integrated Fitness's tech needs","default","Hello,  While researching multi-discipline gym needing membership management businesses, I found The Pad Integrated Fitness and thought of reaching out.  I'm Robert James, founder of STRUKKD LABS. We're a full-stack development studio based in the Philippines.  We help businesses like The Pad Integrated Fitness build custom software that saves time and increases revenue.  I'd love to learn more about The Pad Integrated Fitness's challenges. Do you have 15 minutes for a quick chat?  I'm happy to build a free prototype to show you what's possible.  Here's what we've been working on: - STRUKKD LABS: https://strukkdlabs.vercel.app/ - My portfolio: https://rj-portfolio-resume.vercel.app/  Totally understand if the timing isn't right. But if you're thinking about improving your digital presence, I'd love to help.  Cheers, Robert James Cabansay Founder, STRUKKD LABS https://strukkdlabs.vercel.app/  --- 📧 rjamscxx@gmail.com 🌐 strukkdlabs.vercel.app 💼 rj-portfolio-resume.vercel.app"
"info@thecolorbarsalon.com","The Color Bar Salon","Quick question about The Color Bar Salon's tech needs","default","Hi there,  While researching hair color specialist needing online booking businesses, I found The Color Bar Salon and thought of reaching out.  I'm Robert James, founder of STRUKKD LABS. We're a full-stack development studio based in the Philippines.  We've helped similar businesses streamline their operations with custom software solutions.  Would you be open to a quick 15-minute call to discuss how we might help The Color Bar Salon?  I'm happy to build a free prototype to show you what's possible.  Here's what we've been working on: - STRUKKD LABS: https://strukkdlabs.vercel.app/ - My portfolio: https://rj-portfolio-resume.vercel.app/  Totally understand if the timing isn't right. But if you're thinking about improving your digital presence, I'd love to help.  Cheers, Robert James Cabansay Founder, STRUKKD LABS https://strukkdlabs.vercel.app/  --- 📧 rjamscxx@gmail.com 🌐 strukkdlabs.vercel.app 💼 rj-portfolio-resume.vercel.app"
"info@bloommentalhealth.com","Bloom Mental Health PH","Quick question about Bloom Mental Health PH's tech needs","default","Hello,  While researching mental health practice needing telehealth platform businesses, I found Bloom Mental Health PH and thought of reaching out.  I'm Robert James, founder of STRUKKD LABS. We're a full-stack development studio based in the Philippines.  We help businesses like Bloom Mental Health PH build custom software that saves time and increases revenue.  Would you be open to a quick 15-minute call to discuss how we might help Bloom Mental Health PH?  I'm happy to build a free prototype to show you what's possible.  Here's what we've been working on: - STRUKKD LABS: https://strukkdlabs.vercel.app/ - My portfolio: https://rj-portfolio-resume.vercel.app/  Totally understand if the timing isn't right. But if you're thinking about improving your digital presence, I'd love to help.  Cheers, Robert James Cabansay Founder, STRUKKD LABS https://strukkdlabs.vercel.app/  --- 📧 rjamscxx@gmail.com 🌐 strukkdlabs.vercel.app 💼 rj-portfolio-resume.vercel.app"
"info@furevervetclinic.com","FurEver Vet Clinic","Quick question about FurEver Vet Clinic's tech needs","default","Good day,  While researching pet grooming and vet needing booking platform businesses, I found FurEver Vet Clinic and thought of reaching out.  I'm Robert James, founder of STRUKKD LABS. We're a full-stack development studio based in the Philippines.  Our team specializes in building web apps and systems for companies like FurEver Vet Clinic.  I'd love to learn more about FurEver Vet Clinic's challenges. Do you have 15 minutes for a quick chat?  I'm happy to build a free prototype to show you what's possible.  Here's what we've been working on: - STRUKKD LABS: https://strukkdlabs.vercel.app/ - My portfolio: https://rj-portfolio-resume.vercel.app/  Totally understand if the timing isn't right. But if you're thinking about improving your digital presence, I'd love to help.  Cheers, Robert James Cabansay Founder, STRUKKD LABS https://strukkdlabs.vercel.app/  --- 📧 rjamscxx@gmail.com 🌐 strukkdlabs.vercel.app 💼 rj-portfolio-resume.vercel.app"
"info@eyeseeoptical.com","Eye See Optical Manila","Quick question about Eye See Optical Manila's tech needs","default","Hi there,  While researching optical shop needing appointment and ordering businesses, I found Eye See Optical Manila and thought of reaching out.  I'm Robert James, founder of STRUKKD LABS. We're a full-stack development studio based in the Philippines.  We've helped similar businesses streamline their operations with custom software solutions.  I'd love to learn more about Eye See Optical Manila's challenges. Do you have 15 minutes for a quick chat?  I'm happy to build a free prototype to show you what's possible.  Here's what we've been working on: - STRUKKD LABS: https://strukkdlabs.vercel.app/ - My portfolio: https://rj-portfolio-resume.vercel.app/  Totally understand if the timing isn't right. But if you're thinking about improving your digital presence, I'd love to help.  Cheers, Robert James Cabansay Founder, STRUKKD LABS https://strukkdlabs.vercel.app/  --- 📧 rjamscxx@gmail.com 🌐 strukkdlabs.vercel.app 💼 rj-portfolio-resume.vercel.app"
"info@clearvisionoptical.com","Clear Vision Optical","Quick question about Clear Vision Optical's tech needs","default","Good day,  While researching optical chain needing online ordering businesses, I found Clear Vision Optical and thought of reaching out.  I'm Robert James, founder of STRUKKD LABS. We're a full-stack development studio based in the Philippines.  We help businesses like Clear Vision Optical build custom software that saves time and increases revenue.  I'd love to learn more about Clear Vision Optical's challenges. Do you have 15 minutes for a quick chat?  I'm happy to build a free prototype to show you what's possible.  Here's what we've been working on: - STRUKKD LABS: https://strukkdlabs.vercel.app/ - My portfolio: https://rj-portfolio-resume.vercel.app/  Totally understand if the timing isn't right. But if you're thinking about improving your digital presence, I'd love to help.  Cheers, Robert James Cabansay Founder, STRUKKD LABS https://strukkdlabs.vercel.app/  --- 📧 rjamscxx@gmail.com 🌐 strukkdlabs.vercel.app 💼 rj-portfolio-resume.vercel.app"
"info@aestheticclinique.com","Aesthetic Clinique Manila","Quick question about Aesthetic Clinique Manila's tech needs","default","Hello,  While researching aesthetics clinic needing booking and crm businesses, I found Aesthetic Clinique Manila and thought of reaching out.  I'm Robert James, founder of STRUKKD LABS. We're a full-stack development studio based in the Philippines.  We've helped similar businesses streamline their operations with custom software solutions.  Would you be open to a quick 15-minute call to discuss how we might help Aesthetic Clinique Manila?  I'm happy to build a free prototype to show you what's possible.  Here's what we've been working on: - STRUKKD LABS: https://strukkdlabs.vercel.app/ - My portfolio: https://rj-portfolio-resume.vercel.app/  Totally understand if the timing isn't right. But if you're thinking about improving your digital presence, I'd love to help.  Cheers, Robert James Cabansay Founder, STRUKKD LABS https://strukkdlabs.vercel.app/  --- 📧 rjamscxx@gmail.com 🌐 strukkdlabs.vercel.app 💼 rj-portfolio-resume.vercel.app"
"info@spineandjointclinic.com","Spine & Joint Clinic","Quick question about Spine & Joint Clinic's tech needs","default","Hello,  I noticed Spine & Joint Clinic in the chiropractic clinic needing appointment system space and wanted to reach out.  I'm Robert James, founder of STRUKKD LABS. We're a full-stack development studio based in the Philippines.  We've helped similar businesses streamline their operations with custom software solutions.  I'd love to learn more about Spine & Joint Clinic's challenges. Do you have 15 minutes for a quick chat?  I'm happy to build a free prototype to show you what's possible.  Here's what we've been working on: - STRUKKD LABS: https://strukkdlabs.vercel.app/ - My portfolio: https://rj-portfolio-resume.vercel.app/  Totally understand if the timing isn't right. But if you're thinking about improving your digital presence, I'd love to help.  Cheers, Robert James Cabansay Founder, STRUKKD LABS https://strukkdlabs.vercel.app/  --- 📧 rjamscxx@gmail.com 🌐 strukkdlabs.vercel.app 💼 rj-portfolio-resume.vercel.app"
"info@fitmealph.com","FitMeal PH","Quick question about FitMeal PH's tech needs","default","Hi there,  I came across FitMeal PH and was impressed by what you're building.  I'm Robert James, founder of STRUKKD LABS. We're a full-stack development studio based in the Philippines.  We've helped similar businesses streamline their operations with custom software solutions.  I'd love to learn more about FitMeal PH's challenges. Do you have 15 minutes for a quick chat?  I'm happy to build a free prototype to show you what's possible.  Here's what we've been working on: - STRUKKD LABS: https://strukkdlabs.vercel.app/ - My portfolio: https://rj-portfolio-resume.vercel.app/  Totally understand if the timing isn't right. But if you're thinking about improving your digital presence, I'd love to help.  Cheers, Robert James Cabansay Founder, STRUKKD LABS https://strukkdlabs.vercel.app/  --- 📧 rjamscxx@gmail.com 🌐 strukkdlabs.vercel.app 💼 rj-portfolio-resume.vercel.app"
"info@mindshiftph.com","MindShift PH","Quick question about MindShift PH's tech needs","default","Good day,  I came across MindShift PH and was impressed by what you're building.  I'm Robert James, founder of STRUKKD LABS. We're a full-stack development studio based in the Philippines.  Our team specializes in building web apps and systems for companies like MindShift PH.  I'd love to learn more about MindShift PH's challenges. Do you have 15 minutes for a quick chat?  I'm happy to build a free prototype to show you what's possible.  Here's what we've been working on: - STRUKKD LABS: https://strukkdlabs.vercel.app/ - My portfolio: https://rj-portfolio-resume.vercel.app/  Totally understand if the timing isn't right. But if you're thinking about improving your digital presence, I'd love to help.  Cheers, Robert James Cabansay Founder, STRUKKD LABS https://strukkdlabs.vercel.app/  --- 📧 rjamscxx@gmail.com 🌐 strukkdlabs.vercel.app 💼 rj-portfolio-resume.vercel.app"
"info@selfcareph.com","SelfCare PH","Quick question about SelfCare PH's tech needs","default","Hello,  I came across SelfCare PH and was impressed by what you're building.  I'm Robert James, founder of STRUKKD LABS. We're a full-stack development studio based in the Philippines.  We've helped similar businesses streamline their operations with custom software solutions.  I'd love to learn more about SelfCare PH's challenges. Do you have 15 minutes for a quick chat?  I'm happy to build a free prototype to show you what's possible.  Here's what we've been working on: - STRUKKD LABS: https://strukkdlabs.vercel.app/ - My portfolio: https://rj-portfolio-resume.vercel.app/  Totally understand if the timing isn't right. But if you're thinking about improving your digital presence, I'd love to help.  Cheers, Robert James Cabansay Founder, STRUKKD LABS https://strukkdlabs.vercel.app/  --- 📧 rjamscxx@gmail.com 🌐 strukkdlabs.vercel.app 💼 rj-portfolio-resume.vercel.app"
"info@bloomwomensclinic.com","Bloom Women's Clinic","Quick question about Bloom Women's Clinic's tech needs","default","Hi there,  While researching ob-gyn clinic needing appointment system businesses, I found Bloom Women's Clinic and thought of reaching out.  I'm Robert James, founder of STRUKKD LABS. We're a full-stack development studio based in the Philippines.  We've helped similar businesses streamline their operations with custom software solutions.  Would you be open to a quick 15-minute call to discuss how we might help Bloom Women's Clinic?  I'm happy to build a free prototype to show you what's possible.  Here's what we've been working on: - STRUKKD LABS: https://strukkdlabs.vercel.app/ - My portfolio: https://rj-portfolio-resume.vercel.app/  Totally understand if the timing isn't right. But if you're thinking about improving your digital presence, I'd love to help.  Cheers, Robert James Cabansay Founder, STRUKKD LABS https://strukkdlabs.vercel.app/  --- 📧 rjamscxx@gmail.com 🌐 strukkdlabs.vercel.app 💼 rj-portfolio-resume.vercel.app"
"info@kidscarepediatrics.com","KidsCare Pediatrics","Quick question about KidsCare Pediatrics's tech needs","default","Hi there,  While researching pediatric clinic needing appointment booking businesses, I found KidsCare Pediatrics and thought of reaching out.  I'm Robert James, founder of STRUKKD LABS. We're a full-stack development studio based in the Philippines.  We've helped similar businesses streamline their operations with custom software solutions.  Would you be open to a quick 15-minute call to discuss how we might help KidsCare Pediatrics?  I'm happy to build a free prototype to show you what's possible.  Here's what we've been working on: - STRUKKD LABS: https://strukkdlabs.vercel.app/ - My portfolio: https://rj-portfolio-resume.vercel.app/  Totally understand if the timing isn't right. But if you're thinking about improving your digital presence, I'd love to help.  Cheers, Robert James Cabansay Founder, STRUKKD LABS https://strukkdlabs.vercel.app/  --- 📧 rjamscxx@gmail.com 🌐 strukkdlabs.vercel.app 💼 rj-portfolio-resume.vercel.app"
"info@primacaremedical.com","PrimaCare Medical","Quick question about PrimaCare Medical's tech needs","default","Hello,  I came across PrimaCare Medical and was impressed by what you're building.  I'm Robert James, founder of STRUKKD LABS. We're a full-stack development studio based in the Philippines.  We've helped similar businesses streamline their operations with custom software solutions.  I'd love to learn more about PrimaCare Medical's challenges. Do you have 15 minutes for a quick chat?  I'm happy to build a free prototype to show you what's possible.  Here's what we've been working on: - STRUKKD LABS: https://strukkdlabs.vercel.app/ - My portfolio: https://rj-portfolio-resume.vercel.app/  Totally understand if the timing isn't right. But if you're thinking about improving your digital presence, I'd love to help.  Cheers, Robert James Cabansay Founder, STRUKKD LABS https://strukkdlabs.vercel.app/  --- 📧 rjamscxx@gmail.com 🌐 strukkdlabs.vercel.app 💼 rj-portfolio-resume.vercel.app"
"info@homehealthph.com","HomeHealth PH","Quick question about HomeHealth PH's tech needs","default","Hi there,  I came across HomeHealth PH and was impressed by what you're building.  I'm Robert James, founder of STRUKKD LABS. We're a full-stack development studio based in the Philippines.  Our team specializes in building web apps and systems for companies like HomeHealth PH.  Would you be open to a quick 15-minute call to discuss how we might help HomeHealth PH?  I'm happy to build a free prototype to show you what's possible.  Here's what we've been working on: - STRUKKD LABS: https://strukkdlabs.vercel.app/ - My portfolio: https://rj-portfolio-resume.vercel.app/  Totally understand if the timing isn't right. But if you're thinking about improving your digital presence, I'd love to help.  Cheers, Robert James Cabansay Founder, STRUKKD LABS https://strukkdlabs.vercel.app/  --- 📧 rjamscxx@gmail.com 🌐 strukkdlabs.vercel.app 💼 rj-portfolio-resume.vercel.app"
"info@kidneycaredialysis.com","KidneyCare Dialysis","Quick question about KidneyCare Dialysis's tech needs","default","Hi there,  I came across KidneyCare Dialysis and was impressed by what you're building.  I'm Robert James, founder of STRUKKD LABS. We're a full-stack development studio based in the Philippines.  Our team specializes in building web apps and systems for companies like KidneyCare Dialysis.  I'd love to learn more about KidneyCare Dialysis's challenges. Do you have 15 minutes for a quick chat?  I'm happy to build a free prototype to show you what's possible.  Here's what we've been working on: - STRUKKD LABS: https://strukkdlabs.vercel.app/ - My portfolio: https://rj-portfolio-resume.vercel.app/  Totally understand if the timing isn't right. But if you're thinking about improving your digital presence, I'd love to help.  Cheers, Robert James Cabansay Founder, STRUKKD LABS https://strukkdlabs.vercel.app/  --- 📧 rjamscxx@gmail.com 🌐 strukkdlabs.vercel.app 💼 rj-portfolio-resume.vercel.app"
"info@acupuncturewellness.com","Acupuncture Wellness Center","Quick question about Acupuncture Wellness Center's tech needs","default","Hello,  I came across Acupuncture Wellness Center and was impressed by what you're building.  I'm Robert James, founder of STRUKKD LABS. We're a full-stack development studio based in the Philippines.  Our team specializes in building web apps and systems for companies like Acupuncture Wellness Center.  I'd love to learn more about Acupuncture Wellness Center's challenges. Do you have 15 minutes for a quick chat?  I'm happy to build a free prototype to show you what's possible.  Here's what we've been working on: - STRUKKD LABS: https://strukkdlabs.vercel.app/ - My portfolio: https://rj-portfolio-resume.vercel.app/  Totally understand if the timing isn't right. But if you're thinking about improving your digital presence, I'd love to help.  Cheers, Robert James Cabansay Founder, STRUKKD LABS https://strukkdlabs.vercel.app/  --- 📧 rjamscxx@gmail.com 🌐 strukkdlabs.vercel.app 💼 rj-portfolio-resume.vercel.app"
"info@perfectsmiledental.com","Perfect Smile Dental","Quick question about Perfect Smile Dental's tech needs","default","Hi there,  I came across Perfect Smile Dental and was impressed by what you're building.  I'm Robert James, founder of STRUKKD LABS. We're a full-stack development studio based in the Philippines.  We help businesses like Perfect Smile Dental build custom software that saves time and increases revenue.  I'd love to learn more about Perfect Smile Dental's challenges. Do you have 15 minutes for a quick chat?  I'm happy to build a free prototype to show you what's possible.  Here's what we've been working on: - STRUKKD LABS: https://strukkdlabs.vercel.app/ - My portfolio: https://rj-portfolio-resume.vercel.app/  Totally understand if the timing isn't right. But if you're thinking about improving your digital presence, I'd love to help.  Cheers, Robert James Cabansay Founder, STRUKKD LABS https://strukkdlabs.vercel.app/  --- 📧 rjamscxx@gmail.com 🌐 strukkdlabs.vercel.app 💼 rj-portfolio-resume.vercel.app"
"info@newhoperehab.com","NewHope Rehab","Quick question about NewHope Rehab's tech needs","default","Hello,  While researching rehabilitation center needing patient management businesses, I found NewHope Rehab and thought of reaching out.  I'm Robert James, founder of STRUKKD LABS. We're a full-stack development studio based in the Philippines.  Our team specializes in building web apps and systems for companies like NewHope Rehab.  Would you be open to a quick 15-minute call to discuss how we might help NewHope Rehab?  I'm happy to build a free prototype to show you what's possible.  Here's what we've been working on: - STRUKKD LABS: https://strukkdlabs.vercel.app/ - My portfolio: https://rj-portfolio-resume.vercel.app/  Totally understand if the timing isn't right. But if you're thinking about improving your digital presence, I'd love to help.  Cheers, Robert James Cabansay Founder, STRUKKD LABS https://strukkdlabs.vercel.app/  --- 📧 rjamscxx@gmail.com 🌐 strukkdlabs.vercel.app 💼 rj-portfolio-resume.vercel.app"
"info@qigongmanila.com","Qigong Manila","Quick question about Qigong Manila's tech needs","default","Hi there,  I came across Qigong Manila and was impressed by what you're building.  I'm Robert James, founder of STRUKKD LABS. We're a full-stack development studio based in the Philippines.  We help businesses like Qigong Manila build custom software that saves time and increases revenue.  I'd love to learn more about Qigong Manila's challenges. Do you have 15 minutes for a quick chat?  I'm happy to build a free prototype to show you what's possible.  Here's what we've been working on: - STRUKKD LABS: https://strukkdlabs.vercel.app/ - My portfolio: https://rj-portfolio-resume.vercel.app/  Totally understand if the timing isn't right. But if you're thinking about improving your digital presence, I'd love to help.  Cheers, Robert James Cabansay Founder, STRUKKD LABS https://strukkdlabs.vercel.app/  --- 📧 rjamscxx@gmail.com 🌐 strukkdlabs.vercel.app 💼 rj-portfolio-resume.vercel.app"
"info@dentalimplantmanila.com","DentalImplant Manila","Quick question about DentalImplant Manila's tech needs","default","Good day,  I came across DentalImplant Manila and was impressed by what you're building.  I'm Robert James, founder of STRUKKD LABS. We're a full-stack development studio based in the Philippines.  We've helped similar businesses streamline their operations with custom software solutions.  Would you be open to a quick 15-minute call to discuss how we might help DentalImplant Manila?  I'm happy to build a free prototype to show you what's possible.  Here's what we've been working on: - STRUKKD LABS: https://strukkdlabs.vercel.app/ - My portfolio: https://rj-portfolio-resume.vercel.app/  Totally understand if the timing isn't right. But if you're thinking about improving your digital presence, I'd love to help.  Cheers, Robert James Cabansay Founder, STRUKKD LABS https://strukkdlabs.vercel.app/  --- 📧 rjamscxx@gmail.com 🌐 strukkdlabs.vercel.app 💼 rj-portfolio-resume.vercel.app"
"info@tinyteethdental.com","TinyTeeth Dental","Quick question about TinyTeeth Dental's tech needs","default","Hi there,  I came across TinyTeeth Dental and was impressed by what you're building.  I'm Robert James, founder of STRUKKD LABS. We're a full-stack development studio based in the Philippines.  Our team specializes in building web apps and systems for companies like TinyTeeth Dental.  I'd love to learn more about TinyTeeth Dental's challenges. Do you have 15 minutes for a quick chat?  I'm happy to build a free prototype to show you what's possible.  Here's what we've been working on: - STRUKKD LABS: https://strukkdlabs.vercel.app/ - My portfolio: https://rj-portfolio-resume.vercel.app/  Totally understand if the timing isn't right. But if you're thinking about improving your digital presence, I'd love to help.  Cheers, Robert James Cabansay Founder, STRUKKD LABS https://strukkdlabs.vercel.app/  --- 📧 rjamscxx@gmail.com 🌐 strukkdlabs.vercel.app 💼 rj-portfolio-resume.vercel.app"
"info@tapaking.com","Tapa King Makati","Quick question about Tapa King Makati's tech needs","restaurant","Good day,  Your restaurant caught my attention while researching restaurant chain needing online ordering system businesses.  I'm Robert James, founder of STRUKKD LABS. We're a full-stack development studio based in the Philippines.  We help restaurants like Tapa King Makati build online ordering systems that increase sales by 30%.  I'd love to learn more about Tapa King Makati's challenges. Do you have 15 minutes for a quick chat?  I'm happy to build a free prototype to show you what's possible.  Here's what we've been working on: - STRUKKD LABS: https://strukkdlabs.vercel.app/ - My portfolio: https://rj-portfolio-resume.vercel.app/  Totally understand if the timing isn't right. But if you're thinking about improving your digital presence, I'd love to help.  Cheers, Robert James Cabansay Founder, STRUKKD LABS https://strukkdlabs.vercel.app/  --- 📧 rjamscxx@gmail.com 🌐 strukkdlabs.vercel.app 💼 rj-portfolio-resume.vercel.app"
"info@connieskitchen.com","Connie's Kitchen","Quick question about Connie's Kitchen's tech needs","restaurant","Good day,  I've heard great things about Connie's Kitchen and wanted to reach out.  I'm Robert James, founder of STRUKKD LABS. We're a full-stack development studio based in the Philippines.  We've helped similar restaurants streamline their operations with custom software.  Would you be open to a quick 15-minute call to discuss how we might help Connie's Kitchen?  I'm happy to build a free prototype to show you what's possible.  Here's what we've been working on: - STRUKKD LABS: https://strukkdlabs.vercel.app/ - My portfolio: https://rj-portfolio-resume.vercel.app/  Totally understand if the timing isn't right. But if you're thinking about improving your digital presence, I'd love to help.  Cheers, Robert James Cabansay Founder, STRUKKD LABS https://strukkdlabs.vercel.app/  --- 📧 rjamscxx@gmail.com 🌐 strukkdlabs.vercel.app 💼 rj-portfolio-resume.vercel.app"
"info@harlanholden.com","Harlan + Holden","Quick question about Harlan + Holden's tech needs","cafe","Hi there,  I found Harlan + Holden while researching cafes in Makati and was impressed.  I'm Robert James, founder of STRUKKD LABS. We're a full-stack development studio based in the Philippines.  Our team creates beautiful websites and ordering systems for cafes.  Would you be interested in a free consultation to explore how we can help Harlan + Holden?  I'm happy to build a free prototype to show you what's possible.  Here's what we've been working on: - STRUKKD LABS: https://strukkdlabs.vercel.app/ - My portfolio: https://rj-portfolio-resume.vercel.app/  Totally understand if the timing isn't right. But if you're thinking about improving your digital presence, I'd love to help.  Cheers, Robert James Cabansay Founder, STRUKKD LABS https://strukkdlabs.vercel.app/  --- 📧 rjamscxx@gmail.com 🌐 strukkdlabs.vercel.app 💼 rj-portfolio-resume.vercel.app"
"info@smilezonedental.com","SmileZone Dental Clinic","Quick question about SmileZone Dental Clinic's tech needs","default","Hello,  While researching dental clinic needing appointment booking and patient records businesses, I found SmileZone Dental Clinic and thought of reaching out.  I'm Robert James, founder of STRUKKD LABS. We're a full-stack development studio based in the Philippines.  Our team specializes in building web apps and systems for companies like SmileZone Dental Clinic.  I'd love to learn more about SmileZone Dental Clinic's challenges. Do you have 15 minutes for a quick chat?  I'm happy to build a free prototype to show you what's possible.  Here's what we've been working on: - STRUKKD LABS: https://strukkdlabs.vercel.app/ - My portfolio: https://rj-portfolio-resume.vercel.app/  Totally understand if the timing isn't right. But if you're thinking about improving your digital presence, I'd love to help.  Cheers, Robert James Cabansay Founder, STRUKKD LABS https://strukkdlabs.vercel.app/  --- 📧 rjamscxx@gmail.com 🌐 strukkdlabs.vercel.app 💼 rj-portfolio-resume.vercel.app"
"hello@gentletouchdental.com","Gentle Touch Dental","Quick question about Gentle Touch Dental's tech needs","default","Hello,  I noticed Gentle Touch Dental in the pediatric dental clinic needing child-friendly booking system space and wanted to reach out.  I'm Robert James, founder of STRUKKD LABS. We're a full-stack development studio based in the Philippines.  Our team specializes in building web apps and systems for companies like Gentle Touch Dental.  Would you be open to a quick 15-minute call to discuss how we might help Gentle Touch Dental?  I'm happy to build a free prototype to show you what's possible.  Here's what we've been working on: - STRUKKD LABS: https://strukkdlabs.vercel.app/ - My portfolio: https://rj-portfolio-resume.vercel.app/  Totally understand if the timing isn't right. But if you're thinking about improving your digital presence, I'd love to help.  Cheers, Robert James Cabansay Founder, STRUKKD LABS https://strukkdlabs.vercel.app/  --- 📧 rjamscxx@gmail.com 🌐 strukkdlabs.vercel.app 💼 rj-portfolio-resume.vercel.app"
"info@wellnessfirstclinic.com","WellnessFirst Clinic","Quick question about WellnessFirst Clinic's tech needs","default","Hello,  While researching wellness clinic needing health assessment and booking platform businesses, I found WellnessFirst Clinic and thought of reaching out.  I'm Robert James, founder of STRUKKD LABS. We're a full-stack development studio based in the Philippines.  We help businesses like WellnessFirst Clinic build custom software that saves time and increases revenue.  Would you be open to a quick 15-minute call to discuss how we might help WellnessFirst Clinic?  I'm happy to build a free prototype to show you what's possible.  Here's what we've been working on: - STRUKKD LABS: https://strukkdlabs.vercel.app/ - My portfolio: https://rj-portfolio-resume.vercel.app/  Totally understand if the timing isn't right. But if you're thinking about improving your digital presence, I'd love to help.  Cheers, Robert James Cabansay Founder, STRUKKD LABS https://strukkdlabs.vercel.app/  --- 📧 rjamscxx@gmail.com 🌐 strukkdlabs.vercel.app 💼 rj-portfolio-resume.vercel.app"
"hello@healthbridgeph.com","HealthBridge PH","Quick question about HealthBridge PH's tech needs","default","Good day,  I noticed HealthBridge PH in the medical clinic needing teleconsultation and prescription system space and wanted to reach out.  I'm Robert James, founder of STRUKKD LABS. We're a full-stack development studio based in the Philippines.  Our team specializes in building web apps and systems for companies like HealthBridge PH.  Would you be open to a quick 15-minute call to discuss how we might help HealthBridge PH?  I'm happy to build a free prototype to show you what's possible.  Here's what we've been working on: - STRUKKD LABS: https://strukkdlabs.vercel.app/ - My portfolio: https://rj-portfolio-resume.vercel.app/  Totally understand if the timing isn't right. But if you're thinking about improving your digital presence, I'd love to help.  Cheers, Robert James Cabansay Founder, STRUKKD LABS https://strukkdlabs.vercel.app/  --- 📧 rjamscxx@gmail.com 🌐 strukkdlabs.vercel.app 💼 rj-portfolio-resume.vercel.app"
"info@freshstartclinic.com","Fresh Start Clinic","Quick question about Fresh Start Clinic's tech needs","default","Hi there,  While researching wellness clinic needing detox program booking and tracking businesses, I found Fresh Start Clinic and thought of reaching out.  I'm Robert James, founder of STRUKKD LABS. We're a full-stack development studio based in the Philippines.  We've helped similar businesses streamline their operations with custom software solutions.  I'd love to learn more about Fresh Start Clinic's challenges. Do you have 15 minutes for a quick chat?  I'm happy to build a free prototype to show you what's possible.  Here's what we've been working on: - STRUKKD LABS: https://strukkdlabs.vercel.app/ - My portfolio: https://rj-portfolio-resume.vercel.app/  Totally understand if the timing isn't right. But if you're thinking about improving your digital presence, I'd love to help.  Cheers, Robert James Cabansay Founder, STRUKKD LABS https://strukkdlabs.vercel.app/  --- 📧 rjamscxx@gmail.com 🌐 strukkdlabs.vercel.app 💼 rj-portfolio-resume.vercel.app"
"info@riveraassociates.com","Rivera & Associates","Quick question about Rivera & Associates's tech needs","default","Hi there,  I came across Rivera & Associates and was impressed by what you're building.  I'm Robert James, founder of STRUKKD LABS. We're a full-stack development studio based in the Philippines.  We help businesses like Rivera & Associates build custom software that saves time and increases revenue.  I'd love to learn more about Rivera & Associates's challenges. Do you have 15 minutes for a quick chat?  I'm happy to build a free prototype to show you what's possible.  Here's what we've been working on: - STRUKKD LABS: https://strukkdlabs.vercel.app/ - My portfolio: https://rj-portfolio-resume.vercel.app/  Totally understand if the timing isn't right. But if you're thinking about improving your digital presence, I'd love to help.  Cheers, Robert James Cabansay Founder, STRUKKD LABS https://strukkdlabs.vercel.app/  --- 📧 rjamscxx@gmail.com 🌐 strukkdlabs.vercel.app 💼 rj-portfolio-resume.vercel.app"
"info@mendozalegalgroup.com","Mendoza Legal Group","Quick question about Mendoza Legal Group's tech needs","default","Hi there,  I came across Mendoza Legal Group and was impressed by what you're building.  I'm Robert James, founder of STRUKKD LABS. We're a full-stack development studio based in the Philippines.  We help businesses like Mendoza Legal Group build custom software that saves time and increases revenue.  I'd love to learn more about Mendoza Legal Group's challenges. Do you have 15 minutes for a quick chat?  I'm happy to build a free prototype to show you what's possible.  Here's what we've been working on: - STRUKKD LABS: https://strukkdlabs.vercel.app/ - My portfolio: https://rj-portfolio-resume.vercel.app/  Totally understand if the timing isn't right. But if you're thinking about improving your digital presence, I'd love to help.  Cheers, Robert James Cabansay Founder, STRUKKD LABS https://strukkdlabs.vercel.app/  --- 📧 rjamscxx@gmail.com 🌐 strukkdlabs.vercel.app 💼 rj-portfolio-resume.vercel.app"
"info@kulturafilipino.com","Kultura Filipino","Quick question about Kultura Filipino's tech needs","default","Hi there,  I came across Kultura Filipino and was impressed by what you're building.  I'm Robert James, founder of STRUKKD LABS. We're a full-stack development studio based in the Philippines.  We've helped similar businesses streamline their operations with custom software solutions.  Would you be open to a quick 15-minute call to discuss how we might help Kultura Filipino?  I'm happy to build a free prototype to show you what's possible.  Here's what we've been working on: - STRUKKD LABS: https://strukkdlabs.vercel.app/ - My portfolio: https://rj-portfolio-resume.vercel.app/  Totally understand if the timing isn't right. But if you're thinking about improving your digital presence, I'd love to help.  Cheers, Robert James Cabansay Founder, STRUKKD LABS https://strukkdlabs.vercel.app/  --- 📧 rjamscxx@gmail.com 🌐 strukkdlabs.vercel.app 💼 rj-portfolio-resume.vercel.app"
"info@techgadgethub.com","TechGadget Hub","Quick question about TechGadget Hub's tech needs","default","Good day,  While researching gadget store needing product comparison and warranty tracking businesses, I found TechGadget Hub and thought of reaching out.  I'm Robert James, founder of STRUKKD LABS. We're a full-stack development studio based in the Philippines.  Our team specializes in building web apps and systems for companies like TechGadget Hub.  I'd love to learn more about TechGadget Hub's challenges. Do you have 15 minutes for a quick chat?  I'm happy to build a free prototype to show you what's possible.  Here's what we've been working on: - STRUKKD LABS: https://strukkdlabs.vercel.app/ - My portfolio: https://rj-portfolio-resume.vercel.app/  Totally understand if the timing isn't right. But if you're thinking about improving your digital presence, I'd love to help.  Cheers, Robert James Cabansay Founder, STRUKKD LABS https://strukkdlabs.vercel.app/  --- 📧 rjamscxx@gmail.com 🌐 strukkdlabs.vercel.app 💼 rj-portfolio-resume.vercel.app"
"info@makerspacemanila.com","MakerSpace Manila","Quick question about MakerSpace Manila's tech needs","default","Hi there,  I came across MakerSpace Manila and was impressed by what you're building.  I'm Robert James, founder of STRUKKD LABS. We're a full-stack development studio based in the Philippines.  We help businesses like MakerSpace Manila build custom software that saves time and increases revenue.  Would you be open to a quick 15-minute call to discuss how we might help MakerSpace Manila?  I'm happy to build a free prototype to show you what's possible.  Here's what we've been working on: - STRUKKD LABS: https://strukkdlabs.vercel.app/ - My portfolio: https://rj-portfolio-resume.vercel.app/  Totally understand if the timing isn't right. But if you're thinking about improving your digital presence, I'd love to help.  Cheers, Robert James Cabansay Founder, STRUKKD LABS https://strukkdlabs.vercel.app/  --- 📧 rjamscxx@gmail.com 🌐 strukkdlabs.vercel.app 💼 rj-portfolio-resume.vercel.app"
"info@moveitph.com","MoveIt PH Logistics","Quick question about MoveIt PH Logistics's tech needs","default","Hi there,  I noticed MoveIt PH Logistics in the moving service needing booking and tracking system space and wanted to reach out.  I'm Robert James, founder of STRUKKD LABS. We're a full-stack development studio based in the Philippines.  Our team specializes in building web apps and systems for companies like MoveIt PH Logistics.  Would you be open to a quick 15-minute call to discuss how we might help MoveIt PH Logistics?  I'm happy to build a free prototype to show you what's possible.  Here's what we've been working on: - STRUKKD LABS: https://strukkdlabs.vercel.app/ - My portfolio: https://rj-portfolio-resume.vercel.app/  Totally understand if the timing isn't right. But if you're thinking about improving your digital presence, I'd love to help.  Cheers, Robert James Cabansay Founder, STRUKKD LABS https://strukkdlabs.vercel.app/  --- 📧 rjamscxx@gmail.com 🌐 strukkdlabs.vercel.app 💼 rj-portfolio-resume.vercel.app"
"info@diabetescarecenter.com","DiabetesCare Center","Quick question about DiabetesCare Center's tech needs","default","Hello,  I came across DiabetesCare Center and was impressed by what you're building.  I'm Robert James, founder of STRUKKD LABS. We're a full-stack development studio based in the Philippines.  Our team specializes in building web apps and systems for companies like DiabetesCare Center.  I'd love to learn more about DiabetesCare Center's challenges. Do you have 15 minutes for a quick chat?  I'm happy to build a free prototype to show you what's possible.  Here's what we've been working on: - STRUKKD LABS: https://strukkdlabs.vercel.app/ - My portfolio: https://rj-portfolio-resume.vercel.app/  Totally understand if the timing isn't right. But if you're thinking about improving your digital presence, I'd love to help.  Cheers, Robert James Cabansay Founder, STRUKKD LABS https://strukkdlabs.vercel.app/  --- 📧 rjamscxx@gmail.com 🌐 strukkdlabs.vercel.app 💼 rj-portfolio-resume.vercel.app"
"info@greenscapelandscaping.com","GreenScape Landscaping","Quick question about GreenScape Landscaping's tech needs","default","Hi there,  I came across GreenScape Landscaping and was impressed by what you're building.  I'm Robert James, founder of STRUKKD LABS. We're a full-stack development studio based in the Philippines.  We've helped similar businesses streamline their operations with custom software solutions.  I'd love to learn more about GreenScape Landscaping's challenges. Do you have 15 minutes for a quick chat?  I'm happy to build a free prototype to show you what's possible.  Here's what we've been working on: - STRUKKD LABS: https://strukkdlabs.vercel.app/ - My portfolio: https://rj-portfolio-resume.vercel.app/  Totally understand if the timing isn't right. But if you're thinking about improving your digital presence, I'd love to help.  Cheers, Robert James Cabansay Founder, STRUKKD LABS https://strukkdlabs.vercel.app/  --- 📧 rjamscxx@gmail.com 🌐 strukkdlabs.vercel.app 💼 rj-portfolio-resume.vercel.app"
"info@safeguardsecurityservices.com","SafeGuard Security Services","Quick question about SafeGuard Security Services's tech needs","default","Hi there,  While researching security agency needing guard scheduling and incident reporting businesses, I found SafeGuard Security Services and thought of reaching out.  I'm Robert James, founder of STRUKKD LABS. We're a full-stack development studio based in the Philippines.  We've helped similar businesses streamline their operations with custom software solutions.  I'd love to learn more about SafeGuard Security Services's challenges. Do you have 15 minutes for a quick chat?  I'm happy to build a free prototype to show you what's possible.  Here's what we've been working on: - STRUKKD LABS: https://strukkdlabs.vercel.app/ - My portfolio: https://rj-portfolio-resume.vercel.app/  Totally understand if the timing isn't right. But if you're thinking about improving your digital presence, I'd love to help.  Cheers, Robert James Cabansay Founder, STRUKKD LABS https://strukkdlabs.vercel.app/  --- 📧 rjamscxx@gmail.com 🌐 strukkdlabs.vercel.app 💼 rj-portfolio-resume.vercel.app"
"info@hustlehubph.com","Hustle Hub PH","Quick question about Hustle Hub PH's tech needs","default","Hi there,  I came across Hustle Hub PH and was impressed by what you're building.  I'm Robert James, founder of STRUKKD LABS. We're a full-stack development studio based in the Philippines.  We've helped similar businesses streamline their operations with custom software solutions.  Would you be open to a quick 15-minute call to discuss how we might help Hustle Hub PH?  I'm happy to build a free prototype to show you what's possible.  Here's what we've been working on: - STRUKKD LABS: https://strukkdlabs.vercel.app/ - My portfolio: https://rj-portfolio-resume.vercel.app/  Totally understand if the timing isn't right. But if you're thinking about improving your digital presence, I'd love to help.  Cheers, Robert James Cabansay Founder, STRUKKD LABS https://strukkdlabs.vercel.app/  --- 📧 rjamscxx@gmail.com 🌐 strukkdlabs.vercel.app 💼 rj-portfolio-resume.vercel.app"
"info@pixelstudioph.com","Pixel Studio PH","Quick question about Pixel Studio PH's tech needs","default","Good day,  I noticed Pixel Studio PH in the photo studio needing booking and gallery delivery system space and wanted to reach out.  I'm Robert James, founder of STRUKKD LABS. We're a full-stack development studio based in the Philippines.  We've helped similar businesses streamline their operations with custom software solutions.  Would you be open to a quick 15-minute call to discuss how we might help Pixel Studio PH?  I'm happy to build a free prototype to show you what's possible.  Here's what we've been working on: - STRUKKD LABS: https://strukkdlabs.vercel.app/ - My portfolio: https://rj-portfolio-resume.vercel.app/  Totally understand if the timing isn't right. But if you're thinking about improving your digital presence, I'd love to help.  Cheers, Robert James Cabansay Founder, STRUKKD LABS https://strukkdlabs.vercel.app/  --- 📧 rjamscxx@gmail.com 🌐 strukkdlabs.vercel.app 💼 rj-portfolio-resume.vercel.app"
"info@colabph.com","CoLab PH","Quick question about CoLab PH's tech needs","default","Good day,  I noticed CoLab PH in the innovation hub needing project matching and space booking space and wanted to reach out.  I'm Robert James, founder of STRUKKD LABS. We're a full-stack development studio based in the Philippines.  We've helped similar businesses streamline their operations with custom software solutions.  I'd love to learn more about CoLab PH's challenges. Do you have 15 minutes for a quick chat?  I'm happy to build a free prototype to show you what's possible.  Here's what we've been working on: - STRUKKD LABS: https://strukkdlabs.vercel.app/ - My portfolio: https://rj-portfolio-resume.vercel.app/  Totally understand if the timing isn't right. But if you're thinking about improving your digital presence, I'd love to help.  Cheers, Robert James Cabansay Founder, STRUKKD LABS https://strukkdlabs.vercel.app/  --- 📧 rjamscxx@gmail.com 🌐 strukkdlabs.vercel.app 💼 rj-portfolio-resume.vercel.app"
"info@contis.com.ph","Conti's Bakeshop","Quick question about Conti's Bakeshop's tech needs","default","Hi there,  While researching bakery chain needing online ordering and delivery system businesses, I found Conti's Bakeshop and thought of reaching out.  I'm Robert James, founder of STRUKKD LABS. We're a full-stack development studio based in the Philippines.  We help businesses like Conti's Bakeshop build custom software that saves time and increases revenue.  I'd love to learn more about Conti's Bakeshop's challenges. Do you have 15 minutes for a quick chat?  I'm happy to build a free prototype to show you what's possible.  Here's what we've been working on: - STRUKKD LABS: https://strukkdlabs.vercel.app/ - My portfolio: https://rj-portfolio-resume.vercel.app/  Totally understand if the timing isn't right. But if you're thinking about improving your digital presence, I'd love to help.  Cheers, Robert James Cabansay Founder, STRUKKD LABS https://strukkdlabs.vercel.app/  --- 📧 rjamscxx@gmail.com 🌐 strukkdlabs.vercel.app 💼 rj-portfolio-resume.vercel.app"
"info@pancakehouse.com.ph","Pancake House PH","Quick question about Pancake House PH's tech needs","restaurant","Hi there,  I've heard great things about Pancake House PH and wanted to reach out.  I'm Robert James, founder of STRUKKD LABS. We're a full-stack development studio based in the Philippines.  Our team builds custom reservation and delivery platforms for restaurants.  I'd love to learn more about Pancake House PH's challenges. Do you have 15 minutes for a quick chat?  I'm happy to build a free prototype to show you what's possible.  Here's what we've been working on: - STRUKKD LABS: https://strukkdlabs.vercel.app/ - My portfolio: https://rj-portfolio-resume.vercel.app/  Totally understand if the timing isn't right. But if you're thinking about improving your digital presence, I'd love to help.  Cheers, Robert James Cabansay Founder, STRUKKD LABS https://strukkdlabs.vercel.app/  --- 📧 rjamscxx@gmail.com 🌐 strukkdlabs.vercel.app 💼 rj-portfolio-resume.vercel.app"
"info@csmedicalcenter.com","Cardinal Santos Medical Center","Quick question about Cardinal Santos Medical Center's tech needs","default","Good day,  I noticed Cardinal Santos Medical Center in the hospital needing appointment scheduling and patient portal space and wanted to reach out.  I'm Robert James, founder of STRUKKD LABS. We're a full-stack development studio based in the Philippines.  Our team specializes in building web apps and systems for companies like Cardinal Santos Medical Center.  I'd love to learn more about Cardinal Santos Medical Center's challenges. Do you have 15 minutes for a quick chat?  I'm happy to build a free prototype to show you what's possible.  Here's what we've been working on: - STRUKKD LABS: https://strukkdlabs.vercel.app/ - My portfolio: https://rj-portfolio-resume.vercel.app/  Totally understand if the timing isn't right. But if you're thinking about improving your digital presence, I'd love to help.  Cheers, Robert James Cabansay Founder, STRUKKD LABS https://strukkdlabs.vercel.app/  --- 📧 rjamscxx@gmail.com 🌐 strukkdlabs.vercel.app 💼 rj-portfolio-resume.vercel.app"
"info@asiapacificmed.com","Asia Pacific Medical Center","Quick question about Asia Pacific Medical Center's tech needs","default","Hi there,  While researching medical center needing teleconsultation platform businesses, I found Asia Pacific Medical Center and thought of reaching out.  I'm Robert James, founder of STRUKKD LABS. We're a full-stack development studio based in the Philippines.  Our team specializes in building web apps and systems for companies like Asia Pacific Medical Center.  I'd love to learn more about Asia Pacific Medical Center's challenges. Do you have 15 minutes for a quick chat?  I'm happy to build a free prototype to show you what's possible.  Here's what we've been working on: - STRUKKD LABS: https://strukkdlabs.vercel.app/ - My portfolio: https://rj-portfolio-resume.vercel.app/  Totally understand if the timing isn't right. But if you're thinking about improving your digital presence, I'd love to help.  Cheers, Robert James Cabansay Founder, STRUKKD LABS https://strukkdlabs.vercel.app/  --- 📧 rjamscxx@gmail.com 🌐 strukkdlabs.vercel.app 💼 rj-portfolio-resume.vercel.app"
"info@pcmc.gov.ph","Philippine Children's Medical Center","Quick question about Philippine Children's Medical Center's tech needs","default","Hello,  I came across Philippine Children's Medical Center and was impressed by what you're building.  I'm Robert James, founder of STRUKKD LABS. We're a full-stack development studio based in the Philippines.  We've helped similar businesses streamline their operations with custom software solutions.  I'd love to learn more about Philippine Children's Medical Center's challenges. Do you have 15 minutes for a quick chat?  I'm happy to build a free prototype to show you what's possible.  Here's what we've been working on: - STRUKKD LABS: https://strukkdlabs.vercel.app/ - My portfolio: https://rj-portfolio-resume.vercel.app/  Totally understand if the timing isn't right. But if you're thinking about improving your digital presence, I'd love to help.  Cheers, Robert James Cabansay Founder, STRUKKD LABS https://strukkdlabs.vercel.app/  --- 📧 rjamscxx@gmail.com 🌐 strukkdlabs.vercel.app 💼 rj-portfolio-resume.vercel.app"
"info@eamc.gov.ph","East Avenue Medical Center","Quick question about East Avenue Medical Center's tech needs","default","Hello,  While researching government hospital needing patient management and scheduling businesses, I found East Avenue Medical Center and thought of reaching out.  I'm Robert James, founder of STRUKKD LABS. We're a full-stack development studio based in the Philippines.  We've helped similar businesses streamline their operations with custom software solutions.  Would you be open to a quick 15-minute call to discuss how we might help East Avenue Medical Center?  I'm happy to build a free prototype to show you what's possible.  Here's what we've been working on: - STRUKKD LABS: https://strukkdlabs.vercel.app/ - My portfolio: https://rj-portfolio-resume.vercel.app/  Totally understand if the timing isn't right. But if you're thinking about improving your digital presence, I'd love to help.  Cheers, Robert James Cabansay Founder, STRUKKD LABS https://strukkdlabs.vercel.app/  --- 📧 rjamscxx@gmail.com 🌐 strukkdlabs.vercel.app 💼 rj-portfolio-resume.vercel.app"
"info@jollibee.com.ph","Jollibee Foods Corporation","Quick question about Jollibee Foods Corporation's tech needs","restaurant","Hi there,  I've heard great things about Jollibee Foods Corporation and wanted to reach out.  I'm Robert James, founder of STRUKKD LABS. We're a full-stack development studio based in the Philippines.  We've helped similar restaurants streamline their operations with custom software.  Would you be open to a quick 15-minute call to discuss how we might help Jollibee Foods Corporation?  I'm happy to build a free prototype to show you what's possible.  Here's what we've been working on: - STRUKKD LABS: https://strukkdlabs.vercel.app/ - My portfolio: https://rj-portfolio-resume.vercel.app/  Totally understand if the timing isn't right. But if you're thinking about improving your digital presence, I'd love to help.  Cheers, Robert James Cabansay Founder, STRUKKD LABS https://strukkdlabs.vercel.app/  --- 📧 rjamscxx@gmail.com 🌐 strukkdlabs.vercel.app 💼 rj-portfolio-resume.vercel.app"
"info@globe.com.ph","Globe Telecom","Quick question about Globe Telecom's tech needs","default","Hello,  I came across Globe Telecom and was impressed by what you're building.  I'm Robert James, founder of STRUKKD LABS. We're a full-stack development studio based in the Philippines.  Our team specializes in building web apps and systems for companies like Globe Telecom.  Would you be open to a quick 15-minute call to discuss how we might help Globe Telecom?  I'm happy to build a free prototype to show you what's possible.  Here's what we've been working on: - STRUKKD LABS: https://strukkdlabs.vercel.app/ - My portfolio: https://rj-portfolio-resume.vercel.app/  Totally understand if the timing isn't right. But if you're thinking about improving your digital presence, I'd love to help.  Cheers, Robert James Cabansay Founder, STRUKKD LABS https://strukkdlabs.vercel.app/  --- 📧 rjamscxx@gmail.com 🌐 strukkdlabs.vercel.app 💼 rj-portfolio-resume.vercel.app"
"info@pldt.com","PLDT Inc","Quick question about PLDT Inc's tech needs","default","Good day,  I came across PLDT Inc and was impressed by what you're building.  I'm Robert James, founder of STRUKKD LABS. We're a full-stack development studio based in the Philippines.  We help businesses like PLDT Inc build custom software that saves time and increases revenue.  I'd love to learn more about PLDT Inc's challenges. Do you have 15 minutes for a quick chat?  I'm happy to build a free prototype to show you what's possible.  Here's what we've been working on: - STRUKKD LABS: https://strukkdlabs.vercel.app/ - My portfolio: https://rj-portfolio-resume.vercel.app/  Totally understand if the timing isn't right. But if you're thinking about improving your digital presence, I'd love to help.  Cheers, Robert James Cabansay Founder, STRUKKD LABS https://strukkdlabs.vercel.app/  --- 📧 rjamscxx@gmail.com 🌐 strukkdlabs.vercel.app 💼 rj-portfolio-resume.vercel.app"
"investorrelations@sminvestments.com","SM Investments Corporation","Quick question about SM Investments Corporation's tech needs","default","Hello,  I noticed SM Investments Corporation in the conglomerate needing investor portal and reporting system space and wanted to reach out.  I'm Robert James, founder of STRUKKD LABS. We're a full-stack development studio based in the Philippines.  We've helped similar businesses streamline their operations with custom software solutions.  Would you be open to a quick 15-minute call to discuss how we might help SM Investments Corporation?  I'm happy to build a free prototype to show you what's possible.  Here's what we've been working on: - STRUKKD LABS: https://strukkdlabs.vercel.app/ - My portfolio: https://rj-portfolio-resume.vercel.app/  Totally understand if the timing isn't right. But if you're thinking about improving your digital presence, I'd love to help.  Cheers, Robert James Cabansay Founder, STRUKKD LABS https://strukkdlabs.vercel.app/  --- 📧 rjamscxx@gmail.com 🌐 strukkdlabs.vercel.app 💼 rj-portfolio-resume.vercel.app"
"info@ayala.com.ph","Ayala Corporation","Quick question about Ayala Corporation's tech needs","default","Hi there,  While researching conglomerate needing digital innovation platform businesses, I found Ayala Corporation and thought of reaching out.  I'm Robert James, founder of STRUKKD LABS. We're a full-stack development studio based in the Philippines.  We've helped similar businesses streamline their operations with custom software solutions.  Would you be open to a quick 15-minute call to discuss how we might help Ayala Corporation?  I'm happy to build a free prototype to show you what's possible.  Here's what we've been working on: - STRUKKD LABS: https://strukkdlabs.vercel.app/ - My portfolio: https://rj-portfolio-resume.vercel.app/  Totally understand if the timing isn't right. But if you're thinking about improving your digital presence, I'd love to help.  Cheers, Robert James Cabansay Founder, STRUKKD LABS https://strukkdlabs.vercel.app/  --- 📧 rjamscxx@gmail.com 🌐 strukkdlabs.vercel.app 💼 rj-portfolio-resume.vercel.app"
"info@bdo.com.ph","BDO Unibank","Quick question about BDO Unibank's tech needs","fintech","Good day,  Your innovative approach to bank needing digital banking and customer portal caught my attention.  I'm Robert James, founder of STRUKKD LABS. We're a full-stack development studio based in the Philippines.  Our team specializes in fintech development with compliance in mind.  Would you be open to a quick call to discuss potential collaboration?  I'm happy to build a free prototype to show you what's possible.  Here's what we've been working on: - STRUKKD LABS: https://strukkdlabs.vercel.app/ - My portfolio: https://rj-portfolio-resume.vercel.app/  Totally understand if the timing isn't right. But if you're thinking about improving your digital presence, I'd love to help.  Cheers, Robert James Cabansay Founder, STRUKKD LABS https://strukkdlabs.vercel.app/  --- 📧 rjamscxx@gmail.com 🌐 strukkdlabs.vercel.app 💼 rj-portfolio-resume.vercel.app"
"info@metrobank.com.ph","Metrobank","Quick question about Metrobank's tech needs","fintech","Hello,  Your innovative approach to bank needing online banking platform caught my attention.  I'm Robert James, founder of STRUKKD LABS. We're a full-stack development studio based in the Philippines.  We help fintech companies build secure, scalable platforms.  I'd love to explore how we might support Metrobank's technical needs.  I'm happy to build a free prototype to show you what's possible.  Here's what we've been working on: - STRUKKD LABS: https://strukkdlabs.vercel.app/ - My portfolio: https://rj-portfolio-resume.vercel.app/  Totally understand if the timing isn't right. But if you're thinking about improving your digital presence, I'd love to help.  Cheers, Robert James Cabansay Founder, STRUKKD LABS https://strukkdlabs.vercel.app/  --- 📧 rjamscxx@gmail.com 🌐 strukkdlabs.vercel.app 💼 rj-portfolio-resume.vercel.app"
"info@pnb.com.ph","Philippine National Bank","Quick question about Philippine National Bank's tech needs","fintech","Hello,  I've been following Philippine National Bank's growth and wanted to reach out.  I'm Robert James, founder of STRUKKD LABS. We're a full-stack development studio based in the Philippines.  We've helped similar startups scale their platforms to handle millions of users.  Would you be open to a quick call to discuss potential collaboration?  I'm happy to build a free prototype to show you what's possible.  Here's what we've been working on: - STRUKKD LABS: https://strukkdlabs.vercel.app/ - My portfolio: https://rj-portfolio-resume.vercel.app/  Totally understand if the timing isn't right. But if you're thinking about improving your digital presence, I'd love to help.  Cheers, Robert James Cabansay Founder, STRUKKD LABS https://strukkdlabs.vercel.app/  --- 📧 rjamscxx@gmail.com 🌐 strukkdlabs.vercel.app 💼 rj-portfolio-resume.vercel.app"
"info@philhealth.gov.ph","PhilHealth","Quick question about PhilHealth's tech needs","default","Hi there,  I noticed PhilHealth in the health insurance needing member portal and claims system space and wanted to reach out.  I'm Robert James, founder of STRUKKD LABS. We're a full-stack development studio based in the Philippines.  Our team specializes in building web apps and systems for companies like PhilHealth.  Would you be open to a quick 15-minute call to discuss how we might help PhilHealth?  I'm happy to build a free prototype to show you what's possible.  Here's what we've been working on: - STRUKKD LABS: https://strukkdlabs.vercel.app/ - My portfolio: https://rj-portfolio-resume.vercel.app/  Totally understand if the timing isn't right. But if you're thinking about improving your digital presence, I'd love to help.  Cheers, Robert James Cabansay Founder, STRUKKD LABS https://strukkdlabs.vercel.app/  --- 📧 rjamscxx@gmail.com 🌐 strukkdlabs.vercel.app 💼 rj-portfolio-resume.vercel.app"
"info@sss.gov.ph","SSS Philippines","Quick question about SSS Philippines's tech needs","default","Hello,  I came across SSS Philippines and was impressed by what you're building.  I'm Robert James, founder of STRUKKD LABS. We're a full-stack development studio based in the Philippines.  We've helped similar businesses streamline their operations with custom software solutions.  Would you be open to a quick 15-minute call to discuss how we might help SSS Philippines?  I'm happy to build a free prototype to show you what's possible.  Here's what we've been working on: - STRUKKD LABS: https://strukkdlabs.vercel.app/ - My portfolio: https://rj-portfolio-resume.vercel.app/  Totally understand if the timing isn't right. But if you're thinking about improving your digital presence, I'd love to help.  Cheers, Robert James Cabansay Founder, STRUKKD LABS https://strukkdlabs.vercel.app/  --- 📧 rjamscxx@gmail.com 🌐 strukkdlabs.vercel.app 💼 rj-portfolio-resume.vercel.app"
"info@grab.com","Grab Philippines","Quick question about Grab Philippines's tech needs","default","Hello,  I noticed Grab Philippines in the super app needing merchant onboarding platform space and wanted to reach out.  I'm Robert James, founder of STRUKKD LABS. We're a full-stack development studio based in the Philippines.  We've helped similar businesses streamline their operations with custom software solutions.  Would you be open to a quick 15-minute call to discuss how we might help Grab Philippines?  I'm happy to build a free prototype to show you what's possible.  Here's what we've been working on: - STRUKKD LABS: https://strukkdlabs.vercel.app/ - My portfolio: https://rj-portfolio-resume.vercel.app/  Totally understand if the timing isn't right. But if you're thinking about improving your digital presence, I'd love to help.  Cheers, Robert James Cabansay Founder, STRUKKD LABS https://strukkdlabs.vercel.app/  --- 📧 rjamscxx@gmail.com 🌐 strukkdlabs.vercel.app 💼 rj-portfolio-resume.vercel.app"
"info@lazada.com.ph","Lazada Philippines","Quick question about Lazada Philippines's tech needs","default","Hello,  While researching e-commerce platform needing seller management portal businesses, I found Lazada Philippines and thought of reaching out.  I'm Robert James, founder of STRUKKD LABS. We're a full-stack development studio based in the Philippines.  We've helped similar businesses streamline their operations with custom software solutions.  Would you be open to a quick 15-minute call to discuss how we might help Lazada Philippines?  I'm happy to build a free prototype to show you what's possible.  Here's what we've been working on: - STRUKKD LABS: https://strukkdlabs.vercel.app/ - My portfolio: https://rj-portfolio-resume.vercel.app/  Totally understand if the timing isn't right. But if you're thinking about improving your digital presence, I'd love to help.  Cheers, Robert James Cabansay Founder, STRUKKD LABS https://strukkdlabs.vercel.app/  --- 📧 rjamscxx@gmail.com 🌐 strukkdlabs.vercel.app 💼 rj-portfolio-resume.vercel.app"
"info@shopee.ph","Shopee Philippines","Quick question about Shopee Philippines's tech needs","default","Good day,  I came across Shopee Philippines and was impressed by what you're building.  I'm Robert James, founder of STRUKKD LABS. We're a full-stack development studio based in the Philippines.  We help businesses like Shopee Philippines build custom software that saves time and increases revenue.  I'd love to learn more about Shopee Philippines's challenges. Do you have 15 minutes for a quick chat?  I'm happy to build a free prototype to show you what's possible.  Here's what we've been working on: - STRUKKD LABS: https://strukkdlabs.vercel.app/ - My portfolio: https://rj-portfolio-resume.vercel.app/  Totally understand if the timing isn't right. But if you're thinking about improving your digital presence, I'd love to help.  Cheers, Robert James Cabansay Founder, STRUKKD LABS https://strukkdlabs.vercel.app/  --- 📧 rjamscxx@gmail.com 🌐 strukkdlabs.vercel.app 💼 rj-portfolio-resume.vercel.app"
"info@foodpanda.ph","Foodpanda Philippines","Quick question about Foodpanda Philippines's tech needs","restaurant","Good day,  Your restaurant caught my attention while researching food delivery needing restaurant onboarding portal businesses.  I'm Robert James, founder of STRUKKD LABS. We're a full-stack development studio based in the Philippines.  Our team builds custom reservation and delivery platforms for restaurants.  I'd love to learn more about Foodpanda Philippines's challenges. Do you have 15 minutes for a quick chat?  I'm happy to build a free prototype to show you what's possible.  Here's what we've been working on: - STRUKKD LABS: https://strukkdlabs.vercel.app/ - My portfolio: https://rj-portfolio-resume.vercel.app/  Totally understand if the timing isn't right. But if you're thinking about improving your digital presence, I'd love to help.  Cheers, Robert James Cabansay Founder, STRUKKD LABS https://strukkdlabs.vercel.app/  --- 📧 rjamscxx@gmail.com 🌐 strukkdlabs.vercel.app 💼 rj-portfolio-resume.vercel.app"
"info@maya.ph","PayMaya (Maya)","Quick question about PayMaya (Maya)'s tech needs","fintech","Hi there,  Your innovative approach to fintech needing merchant payment solutions portal caught my attention.  I'm Robert James, founder of STRUKKD LABS. We're a full-stack development studio based in the Philippines.  We help fintech companies build secure, scalable platforms.  Would you be open to a quick call to discuss potential collaboration?  I'm happy to build a free prototype to show you what's possible.  Here's what we've been working on: - STRUKKD LABS: https://strukkdlabs.vercel.app/ - My portfolio: https://rj-portfolio-resume.vercel.app/  Totally understand if the timing isn't right. But if you're thinking about improving your digital presence, I'd love to help.  Cheers, Robert James Cabansay Founder, STRUKKD LABS https://strukkdlabs.vercel.app/  --- 📧 rjamscxx@gmail.com 🌐 strukkdlabs.vercel.app 💼 rj-portfolio-resume.vercel.app"
"info@sprout.ph","Sprout Solutions","Quick question about Sprout Solutions's tech needs","default","Hi there,  I noticed Sprout Solutions in the hr tech company needing payroll and hr platform space and wanted to reach out.  I'm Robert James, founder of STRUKKD LABS. We're a full-stack development studio based in the Philippines.  Our team specializes in building web apps and systems for companies like Sprout Solutions.  I'd love to learn more about Sprout Solutions's challenges. Do you have 15 minutes for a quick chat?  I'm happy to build a free prototype to show you what's possible.  Here's what we've been working on: - STRUKKD LABS: https://strukkdlabs.vercel.app/ - My portfolio: https://rj-portfolio-resume.vercel.app/  Totally understand if the timing isn't right. But if you're thinking about improving your digital presence, I'd love to help.  Cheers, Robert James Cabansay Founder, STRUKKD LABS https://strukkdlabs.vercel.app/  --- 📧 rjamscxx@gmail.com 🌐 strukkdlabs.vercel.app 💼 rj-portfolio-resume.vercel.app"
"info@paymongo.com","PayMongo","Quick question about PayMongo's tech needs","default","Good day,  I came across PayMongo and was impressed by what you're building.  I'm Robert James, founder of STRUKKD LABS. We're a full-stack development studio based in the Philippines.  We've helped similar businesses streamline their operations with custom software solutions.  I'd love to learn more about PayMongo's challenges. Do you have 15 minutes for a quick chat?  I'm happy to build a free prototype to show you what's possible.  Here's what we've been working on: - STRUKKD LABS: https://strukkdlabs.vercel.app/ - My portfolio: https://rj-portfolio-resume.vercel.app/  Totally understand if the timing isn't right. But if you're thinking about improving your digital presence, I'd love to help.  Cheers, Robert James Cabansay Founder, STRUKKD LABS https://strukkdlabs.vercel.app/  --- 📧 rjamscxx@gmail.com 🌐 strukkdlabs.vercel.app 💼 rj-portfolio-resume.vercel.app"
"info@xendit.ph","Xendit Philippines","Quick question about Xendit Philippines's tech needs","default","Hello,  While researching payment gateway needing developer dashboard businesses, I found Xendit Philippines and thought of reaching out.  I'm Robert James, founder of STRUKKD LABS. We're a full-stack development studio based in the Philippines.  We've helped similar businesses streamline their operations with custom software solutions.  Would you be open to a quick 15-minute call to discuss how we might help Xendit Philippines?  I'm happy to build a free prototype to show you what's possible.  Here's what we've been working on: - STRUKKD LABS: https://strukkdlabs.vercel.app/ - My portfolio: https://rj-portfolio-resume.vercel.app/  Totally understand if the timing isn't right. But if you're thinking about improving your digital presence, I'd love to help.  Cheers, Robert James Cabansay Founder, STRUKKD LABS https://strukkdlabs.vercel.app/  --- 📧 rjamscxx@gmail.com 🌐 strukkdlabs.vercel.app 💼 rj-portfolio-resume.vercel.app"
"info@pera247.com","Pera247","Quick question about Pera247's tech needs","default","Good day,  I noticed Pera247 in the digital lending needing loan application platform space and wanted to reach out.  I'm Robert James, founder of STRUKKD LABS. We're a full-stack development studio based in the Philippines.  We've helped similar businesses streamline their operations with custom software solutions.  I'd love to learn more about Pera247's challenges. Do you have 15 minutes for a quick chat?  I'm happy to build a free prototype to show you what's possible.  Here's what we've been working on: - STRUKKD LABS: https://strukkdlabs.vercel.app/ - My portfolio: https://rj-portfolio-resume.vercel.app/  Totally understand if the timing isn't right. But if you're thinking about improving your digital presence, I'd love to help.  Cheers, Robert James Cabansay Founder, STRUKKD LABS https://strukkdlabs.vercel.app/  --- 📧 rjamscxx@gmail.com 🌐 strukkdlabs.vercel.app 💼 rj-portfolio-resume.vercel.app"
"info@firstcircle.ph","First Circle PH","Quick question about First Circle PH's tech needs","default","Good day,  I noticed First Circle PH in the business lending needing sme portal and credit scoring space and wanted to reach out.  I'm Robert James, founder of STRUKKD LABS. We're a full-stack development studio based in the Philippines.  We've helped similar businesses streamline their operations with custom software solutions.  Would you be open to a quick 15-minute call to discuss how we might help First Circle PH?  I'm happy to build a free prototype to show you what's possible.  Here's what we've been working on: - STRUKKD LABS: https://strukkdlabs.vercel.app/ - My portfolio: https://rj-portfolio-resume.vercel.app/  Totally understand if the timing isn't right. But if you're thinking about improving your digital presence, I'd love to help.  Cheers, Robert James Cabansay Founder, STRUKKD LABS https://strukkdlabs.vercel.app/  --- 📧 rjamscxx@gmail.com 🌐 strukkdlabs.vercel.app 💼 rj-portfolio-resume.vercel.app"
"info@traveloka.com","Traveloka Philippines","Quick question about Traveloka Philippines's tech needs","default","Hello,  I noticed Traveloka Philippines in the travel platform needing local deals and booking system space and wanted to reach out.  I'm Robert James, founder of STRUKKD LABS. We're a full-stack development studio based in the Philippines.  We help businesses like Traveloka Philippines build custom software that saves time and increases revenue.  Would you be open to a quick 15-minute call to discuss how we might help Traveloka Philippines?  I'm happy to build a free prototype to show you what's possible.  Here's what we've been working on: - STRUKKD LABS: https://strukkdlabs.vercel.app/ - My portfolio: https://rj-portfolio-resume.vercel.app/  Totally understand if the timing isn't right. But if you're thinking about improving your digital presence, I'd love to help.  Cheers, Robert James Cabansay Founder, STRUKKD LABS https://strukkdlabs.vercel.app/  --- 📧 rjamscxx@gmail.com 🌐 strukkdlabs.vercel.app 💼 rj-portfolio-resume.vercel.app"
"info@klook.com","Klook Philippines","Quick question about Klook Philippines's tech needs","default","Hi there,  I noticed Klook Philippines in the travel platform needing activity booking system space and wanted to reach out.  I'm Robert James, founder of STRUKKD LABS. We're a full-stack development studio based in the Philippines.  We've helped similar businesses streamline their operations with custom software solutions.  Would you be open to a quick 15-minute call to discuss how we might help Klook Philippines?  I'm happy to build a free prototype to show you what's possible.  Here's what we've been working on: - STRUKKD LABS: https://strukkdlabs.vercel.app/ - My portfolio: https://rj-portfolio-resume.vercel.app/  Totally understand if the timing isn't right. But if you're thinking about improving your digital presence, I'd love to help.  Cheers, Robert James Cabansay Founder, STRUKKD LABS https://strukkdlabs.vercel.app/  --- 📧 rjamscxx@gmail.com 🌐 strukkdlabs.vercel.app 💼 rj-portfolio-resume.vercel.app"
"info@booking.com","Booking.com PH","Quick question about Booking.com PH's tech needs","default","Hi there,  I came across Booking.com PH and was impressed by what you're building.  I'm Robert James, founder of STRUKKD LABS. We're a full-stack development studio based in the Philippines.  We help businesses like Booking.com PH build custom software that saves time and increases revenue.  Would you be open to a quick 15-minute call to discuss how we might help Booking.com PH?  I'm happy to build a free prototype to show you what's possible.  Here's what we've been working on: - STRUKKD LABS: https://strukkdlabs.vercel.app/ - My portfolio: https://rj-portfolio-resume.vercel.app/  Totally understand if the timing isn't right. But if you're thinking about improving your digital presence, I'd love to help.  Cheers, Robert James Cabansay Founder, STRUKKD LABS https://strukkdlabs.vercel.app/  --- 📧 rjamscxx@gmail.com 🌐 strukkdlabs.vercel.app 💼 rj-portfolio-resume.vercel.app"
"info@agoda.com","Agoda Philippines","Quick question about Agoda Philippines's tech needs","default","Hello,  I came across Agoda Philippines and was impressed by what you're building.  I'm Robert James, founder of STRUKKD LABS. We're a full-stack development studio based in the Philippines.  Our team specializes in building web apps and systems for companies like Agoda Philippines.  Would you be open to a quick 15-minute call to discuss how we might help Agoda Philippines?  I'm happy to build a free prototype to show you what's possible.  Here's what we've been working on: - STRUKKD LABS: https://strukkdlabs.vercel.app/ - My portfolio: https://rj-portfolio-resume.vercel.app/  Totally understand if the timing isn't right. But if you're thinking about improving your digital presence, I'd love to help.  Cheers, Robert James Cabansay Founder, STRUKKD LABS https://strukkdlabs.vercel.app/  --- 📧 rjamscxx@gmail.com 🌐 strukkdlabs.vercel.app 💼 rj-portfolio-resume.vercel.app"
"info@zalora.com.ph","Zalora Philippines","Quick question about Zalora Philippines's tech needs","default","Good day,  I noticed Zalora Philippines in the fashion e-commerce needing seller portal space and wanted to reach out.  I'm Robert James, founder of STRUKKD LABS. We're a full-stack development studio based in the Philippines.  We help businesses like Zalora Philippines build custom software that saves time and increases revenue.  I'd love to learn more about Zalora Philippines's challenges. Do you have 15 minutes for a quick chat?  I'm happy to build a free prototype to show you what's possible.  Here's what we've been working on: - STRUKKD LABS: https://strukkdlabs.vercel.app/ - My portfolio: https://rj-portfolio-resume.vercel.app/  Totally understand if the timing isn't right. But if you're thinking about improving your digital presence, I'd love to help.  Cheers, Robert James Cabansay Founder, STRUKKD LABS https://strukkdlabs.vercel.app/  --- 📧 rjamscxx@gmail.com 🌐 strukkdlabs.vercel.app 💼 rj-portfolio-resume.vercel.app"
"info@beautymnl.com","BeautyMNL","Quick question about BeautyMNL's tech needs","default","Good day,  I came across BeautyMNL and was impressed by what you're building.  I'm Robert James, founder of STRUKKD LABS. We're a full-stack development studio based in the Philippines.  We've helped similar businesses streamline their operations with custom software solutions.  I'd love to learn more about BeautyMNL's challenges. Do you have 15 minutes for a quick chat?  I'm happy to build a free prototype to show you what's possible.  Here's what we've been working on: - STRUKKD LABS: https://strukkdlabs.vercel.app/ - My portfolio: https://rj-portfolio-resume.vercel.app/  Totally understand if the timing isn't right. But if you're thinking about improving your digital presence, I'd love to help.  Cheers, Robert James Cabansay Founder, STRUKKD LABS https://strukkdlabs.vercel.app/  --- 📧 rjamscxx@gmail.com 🌐 strukkdlabs.vercel.app 💼 rj-portfolio-resume.vercel.app"
"info@growsari.com","Growsari","Quick question about Growsari's tech needs","default","Good day,  I noticed Growsari in the b2b retail platform needing sari-sari store portal space and wanted to reach out.  I'm Robert James, founder of STRUKKD LABS. We're a full-stack development studio based in the Philippines.  Our team specializes in building web apps and systems for companies like Growsari.  Would you be open to a quick 15-minute call to discuss how we might help Growsari?  I'm happy to build a free prototype to show you what's possible.  Here's what we've been working on: - STRUKKD LABS: https://strukkdlabs.vercel.app/ - My portfolio: https://rj-portfolio-resume.vercel.app/  Totally understand if the timing isn't right. But if you're thinking about improving your digital presence, I'd love to help.  Cheers, Robert James Cabansay Founder, STRUKKD LABS https://strukkdlabs.vercel.app/  --- 📧 rjamscxx@gmail.com 🌐 strukkdlabs.vercel.app 💼 rj-portfolio-resume.vercel.app"
"info@moovr.ph","Moovr PH","Quick question about Moovr PH's tech needs","default","Hello,  While researching scooter sharing needing booking and fleet management businesses, I found Moovr PH and thought of reaching out.  I'm Robert James, founder of STRUKKD LABS. We're a full-stack development studio based in the Philippines.  We help businesses like Moovr PH build custom software that saves time and increases revenue.  I'd love to learn more about Moovr PH's challenges. Do you have 15 minutes for a quick chat?  I'm happy to build a free prototype to show you what's possible.  Here's what we've been working on: - STRUKKD LABS: https://strukkdlabs.vercel.app/ - My portfolio: https://rj-portfolio-resume.vercel.app/  Totally understand if the timing isn't right. But if you're thinking about improving your digital presence, I'd love to help.  Cheers, Robert James Cabansay Founder, STRUKKD LABS https://strukkdlabs.vercel.app/  --- 📧 rjamscxx@gmail.com 🌐 strukkdlabs.vercel.app 💼 rj-portfolio-resume.vercel.app"
"info@sakay.ph","Sakay PH","Quick question about Sakay PH's tech needs","default","Good day,  I noticed Sakay PH in the transportation app needing route optimization and booking space and wanted to reach out.  I'm Robert James, founder of STRUKKD LABS. We're a full-stack development studio based in the Philippines.  Our team specializes in building web apps and systems for companies like Sakay PH.  I'd love to learn more about Sakay PH's challenges. Do you have 15 minutes for a quick chat?  I'm happy to build a free prototype to show you what's possible.  Here's what we've been working on: - STRUKKD LABS: https://strukkdlabs.vercel.app/ - My portfolio: https://rj-portfolio-resume.vercel.app/  Totally understand if the timing isn't right. But if you're thinking about improving your digital presence, I'd love to help.  Cheers, Robert James Cabansay Founder, STRUKKD LABS https://strukkdlabs.vercel.app/  --- 📧 rjamscxx@gmail.com 🌐 strukkdlabs.vercel.app 💼 rj-portfolio-resume.vercel.app"
"info@sm.com.ph","SM Supermarket","Quick question about SM Supermarket's tech needs","default","Hi there,  While researching supermarket needing e-commerce and delivery integration businesses, I found SM Supermarket and thought of reaching out.  I'm Robert James, founder of STRUKKD LABS. We're a full-stack development studio based in the Philippines.  We've helped similar businesses streamline their operations with custom software solutions.  I'd love to learn more about SM Supermarket's challenges. Do you have 15 minutes for a quick chat?  I'm happy to build a free prototype to show you what's possible.  Here's what we've been working on: - STRUKKD LABS: https://strukkdlabs.vercel.app/ - My portfolio: https://rj-portfolio-resume.vercel.app/  Totally understand if the timing isn't right. But if you're thinking about improving your digital presence, I'd love to help.  Cheers, Robert James Cabansay Founder, STRUKKD LABS https://strukkdlabs.vercel.app/  --- 📧 rjamscxx@gmail.com 🌐 strukkdlabs.vercel.app 💼 rj-portfolio-resume.vercel.app"
"info@ikea.ph","IKEA Philippines","Quick question about IKEA Philippines's tech needs","default","Hi there,  While researching furniture store needing room planner and delivery tracking businesses, I found IKEA Philippines and thought of reaching out.  I'm Robert James, founder of STRUKKD LABS. We're a full-stack development studio based in the Philippines.  We've helped similar businesses streamline their operations with custom software solutions.  I'd love to learn more about IKEA Philippines's challenges. Do you have 15 minutes for a quick chat?  I'm happy to build a free prototype to show you what's possible.  Here's what we've been working on: - STRUKKD LABS: https://strukkdlabs.vercel.app/ - My portfolio: https://rj-portfolio-resume.vercel.app/  Totally understand if the timing isn't right. But if you're thinking about improving your digital presence, I'd love to help.  Cheers, Robert James Cabansay Founder, STRUKKD LABS https://strukkdlabs.vercel.app/  --- 📧 rjamscxx@gmail.com 🌐 strukkdlabs.vercel.app 💼 rj-portfolio-resume.vercel.app"
"info@handyman.com.ph","Handyman Do It Best","Quick question about Handyman Do It Best's tech needs","default","Hi there,  While researching hardware store needing product catalog and delivery system businesses, I found Handyman Do It Best and thought of reaching out.  I'm Robert James, founder of STRUKKD LABS. We're a full-stack development studio based in the Philippines.  Our team specializes in building web apps and systems for companies like Handyman Do It Best.  I'd love to learn more about Handyman Do It Best's challenges. Do you have 15 minutes for a quick chat?  I'm happy to build a free prototype to show you what's possible.  Here's what we've been working on: - STRUKKD LABS: https://strukkdlabs.vercel.app/ - My portfolio: https://rj-portfolio-resume.vercel.app/  Totally understand if the timing isn't right. But if you're thinking about improving your digital presence, I'd love to help.  Cheers, Robert James Cabansay Founder, STRUKKD LABS https://strukkdlabs.vercel.app/  --- 📧 rjamscxx@gmail.com 🌐 strukkdlabs.vercel.app 💼 rj-portfolio-resume.vercel.app"
"info@fullybookedonline.com","Fully Booked","Quick question about Fully Booked's tech needs","default","Good day,  While researching bookstore needing online catalog and events platform businesses, I found Fully Booked and thought of reaching out.  I'm Robert James, founder of STRUKKD LABS. We're a full-stack development studio based in the Philippines.  Our team specializes in building web apps and systems for companies like Fully Booked.  I'd love to learn more about Fully Booked's challenges. Do you have 15 minutes for a quick chat?  I'm happy to build a free prototype to show you what's possible.  Here's what we've been working on: - STRUKKD LABS: https://strukkdlabs.vercel.app/ - My portfolio: https://rj-portfolio-resume.vercel.app/  Totally understand if the timing isn't right. But if you're thinking about improving your digital presence, I'd love to help.  Cheers, Robert James Cabansay Founder, STRUKKD LABS https://strukkdlabs.vercel.app/  --- 📧 rjamscxx@gmail.com 🌐 strukkdlabs.vercel.app 💼 rj-portfolio-resume.vercel.app"
"info@powermaccenter.com","Power Mac Center","Quick question about Power Mac Center's tech needs","default","Hi there,  While researching apple reseller needing product catalog and service booking businesses, I found Power Mac Center and thought of reaching out.  I'm Robert James, founder of STRUKKD LABS. We're a full-stack development studio based in the Philippines.  We've helped similar businesses streamline their operations with custom software solutions.  I'd love to learn more about Power Mac Center's challenges. Do you have 15 minutes for a quick chat?  I'm happy to build a free prototype to show you what's possible.  Here's what we've been working on: - STRUKKD LABS: https://strukkdlabs.vercel.app/ - My portfolio: https://rj-portfolio-resume.vercel.app/  Totally understand if the timing isn't right. But if you're thinking about improving your digital presence, I'd love to help.  Cheers, Robert James Cabansay Founder, STRUKKD LABS https://strukkdlabs.vercel.app/  --- 📧 rjamscxx@gmail.com 🌐 strukkdlabs.vercel.app 💼 rj-portfolio-resume.vercel.app"
"info@theloop.com.ph","The Loop by Power Mac","Quick question about The Loop by Power Mac's tech needs","default","Good day,  While researching tech store needing product comparison and pre-order system businesses, I found The Loop by Power Mac and thought of reaching out.  I'm Robert James, founder of STRUKKD LABS. We're a full-stack development studio based in the Philippines.  Our team specializes in building web apps and systems for companies like The Loop by Power Mac.  Would you be open to a quick 15-minute call to discuss how we might help The Loop by Power Mac?  I'm happy to build a free prototype to show you what's possible.  Here's what we've been working on: - STRUKKD LABS: https://strukkdlabs.vercel.app/ - My portfolio: https://rj-portfolio-resume.vercel.app/  Totally understand if the timing isn't right. But if you're thinking about improving your digital presence, I'd love to help.  Cheers, Robert James Cabansay Founder, STRUKKD LABS https://strukkdlabs.vercel.app/  --- 📧 rjamscxx@gmail.com 🌐 strukkdlabs.vercel.app 💼 rj-portfolio-resume.vercel.app"
"info@beyondthebox.ph","Beyond the Box","Quick question about Beyond the Box's tech needs","default","Hello,  I came across Beyond the Box and was impressed by what you're building.  I'm Robert James, founder of STRUKKD LABS. We're a full-stack development studio based in the Philippines.  We've helped similar businesses streamline their operations with custom software solutions.  I'd love to learn more about Beyond the Box's challenges. Do you have 15 minutes for a quick chat?  I'm happy to build a free prototype to show you what's possible.  Here's what we've been working on: - STRUKKD LABS: https://strukkdlabs.vercel.app/ - My portfolio: https://rj-portfolio-resume.vercel.app/  Totally understand if the timing isn't right. But if you're thinking about improving your digital presence, I'd love to help.  Cheers, Robert James Cabansay Founder, STRUKKD LABS https://strukkdlabs.vercel.app/  --- 📧 rjamscxx@gmail.com 🌐 strukkdlabs.vercel.app 💼 rj-portfolio-resume.vercel.app"
"info@toykingdom.com.ph","Toy Kingdom","Quick question about Toy Kingdom's tech needs","default","Hello,  I came across Toy Kingdom and was impressed by what you're building.  I'm Robert James, founder of STRUKKD LABS. We're a full-stack development studio based in the Philippines.  Our team specializes in building web apps and systems for companies like Toy Kingdom.  I'd love to learn more about Toy Kingdom's challenges. Do you have 15 minutes for a quick chat?  I'm happy to build a free prototype to show you what's possible.  Here's what we've been working on: - STRUKKD LABS: https://strukkdlabs.vercel.app/ - My portfolio: https://rj-portfolio-resume.vercel.app/  Totally understand if the timing isn't right. But if you're thinking about improving your digital presence, I'd love to help.  Cheers, Robert James Cabansay Founder, STRUKKD LABS https://strukkdlabs.vercel.app/  --- 📧 rjamscxx@gmail.com 🌐 strukkdlabs.vercel.app 💼 rj-portfolio-resume.vercel.app"
"info@babycompany.com.ph","Baby Company PH","Quick question about Baby Company PH's tech needs","default","Good day,  While researching baby products store needing online catalog and registry businesses, I found Baby Company PH and thought of reaching out.  I'm Robert James, founder of STRUKKD LABS. We're a full-stack development studio based in the Philippines.  Our team specializes in building web apps and systems for companies like Baby Company PH.  I'd love to learn more about Baby Company PH's challenges. Do you have 15 minutes for a quick chat?  I'm happy to build a free prototype to show you what's possible.  Here's what we've been working on: - STRUKKD LABS: https://strukkdlabs.vercel.app/ - My portfolio: https://rj-portfolio-resume.vercel.app/  Totally understand if the timing isn't right. But if you're thinking about improving your digital presence, I'd love to help.  Cheers, Robert James Cabansay Founder, STRUKKD LABS https://strukkdlabs.vercel.app/  --- 📧 rjamscxx@gmail.com 🌐 strukkdlabs.vercel.app 💼 rj-portfolio-resume.vercel.app"
"info@mothercare.com.ph","Mothercare Philippines","Quick question about Mothercare Philippines's tech needs","default","Good day,  While researching baby products store needing e-commerce and loyalty platform businesses, I found Mothercare Philippines and thought of reaching out.  I'm Robert James, founder of STRUKKD LABS. We're a full-stack development studio based in the Philippines.  Our team specializes in building web apps and systems for companies like Mothercare Philippines.  I'd love to learn more about Mothercare Philippines's challenges. Do you have 15 minutes for a quick chat?  I'm happy to build a free prototype to show you what's possible.  Here's what we've been working on: - STRUKKD LABS: https://strukkdlabs.vercel.app/ - My portfolio: https://rj-portfolio-resume.vercel.app/  Totally understand if the timing isn't right. But if you're thinking about improving your digital presence, I'd love to help.  Cheers, Robert James Cabansay Founder, STRUKKD LABS https://strukkdlabs.vercel.app/  --- 📧 rjamscxx@gmail.com 🌐 strukkdlabs.vercel.app 💼 rj-portfolio-resume.vercel.app"
"info@thenorthface.com.ph","The North Face PH","Quick question about The North Face PH's tech needs","default","Hello,  I came across The North Face PH and was impressed by what you're building.  I'm Robert James, founder of STRUKKD LABS. We're a full-stack development studio based in the Philippines.  Our team specializes in building web apps and systems for companies like The North Face PH.  I'd love to learn more about The North Face PH's challenges. Do you have 15 minutes for a quick chat?  I'm happy to build a free prototype to show you what's possible.  Here's what we've been working on: - STRUKKD LABS: https://strukkdlabs.vercel.app/ - My portfolio: https://rj-portfolio-resume.vercel.app/  Totally understand if the timing isn't right. But if you're thinking about improving your digital presence, I'd love to help.  Cheers, Robert James Cabansay Founder, STRUKKD LABS https://strukkdlabs.vercel.app/  --- 📧 rjamscxx@gmail.com 🌐 strukkdlabs.vercel.app 💼 rj-portfolio-resume.vercel.app"
"info@smart.com.ph","Smart Communications","Quick question about Smart Communications's tech needs","default","Good day,  I noticed Smart Communications in the telecom company needing digital services platform space and wanted to reach out.  I'm Robert James, founder of STRUKKD LABS. We're a full-stack development studio based in the Philippines.  We help businesses like Smart Communications build custom software that saves time and increases revenue.  I'd love to learn more about Smart Communications's challenges. Do you have 15 minutes for a quick chat?  I'm happy to build a free prototype to show you what's possible.  Here's what we've been working on: - STRUKKD LABS: https://strukkdlabs.vercel.app/ - My portfolio: https://rj-portfolio-resume.vercel.app/  Totally understand if the timing isn't right. But if you're thinking about improving your digital presence, I'd love to help.  Cheers, Robert James Cabansay Founder, STRUKKD LABS https://strukkdlabs.vercel.app/  --- 📧 rjamscxx@gmail.com 🌐 strukkdlabs.vercel.app 💼 rj-portfolio-resume.vercel.app"
"info@dito.ph","DITO Telecommunity","Quick question about DITO Telecommunity's tech needs","default","Hi there,  While researching new telco needing customer onboarding platform businesses, I found DITO Telecommunity and thought of reaching out.  I'm Robert James, founder of STRUKKD LABS. We're a full-stack development studio based in the Philippines.  We've helped similar businesses streamline their operations with custom software solutions.  Would you be open to a quick 15-minute call to discuss how we might help DITO Telecommunity?  I'm happy to build a free prototype to show you what's possible.  Here's what we've been working on: - STRUKKD LABS: https://strukkdlabs.vercel.app/ - My portfolio: https://rj-portfolio-resume.vercel.app/  Totally understand if the timing isn't right. But if you're thinking about improving your digital presence, I'd love to help.  Cheers, Robert James Cabansay Founder, STRUKKD LABS https://strukkdlabs.vercel.app/  --- 📧 rjamscxx@gmail.com 🌐 strukkdlabs.vercel.app 💼 rj-portfolio-resume.vercel.app"
"info@convergeict.com","Converge ICT","Quick question about Converge ICT's tech needs","default","Good day,  While researching fiber internet needing subscriber management portal businesses, I found Converge ICT and thought of reaching out.  I'm Robert James, founder of STRUKKD LABS. We're a full-stack development studio based in the Philippines.  Our team specializes in building web apps and systems for companies like Converge ICT.  I'd love to learn more about Converge ICT's challenges. Do you have 15 minutes for a quick chat?  I'm happy to build a free prototype to show you what's possible.  Here's what we've been working on: - STRUKKD LABS: https://strukkdlabs.vercel.app/ - My portfolio: https://rj-portfolio-resume.vercel.app/  Totally understand if the timing isn't right. But if you're thinking about improving your digital presence, I'd love to help.  Cheers, Robert James Cabansay Founder, STRUKKD LABS https://strukkdlabs.vercel.app/  --- 📧 rjamscxx@gmail.com 🌐 strukkdlabs.vercel.app 💼 rj-portfolio-resume.vercel.app"
"info@innove.com.ph","Innove Communications","Quick question about Innove Communications's tech needs","default","Good day,  While researching telco needing regional customer management businesses, I found Innove Communications and thought of reaching out.  I'm Robert James, founder of STRUKKD LABS. We're a full-stack development studio based in the Philippines.  Our team specializes in building web apps and systems for companies like Innove Communications.  I'd love to learn more about Innove Communications's challenges. Do you have 15 minutes for a quick chat?  I'm happy to build a free prototype to show you what's possible.  Here's what we've been working on: - STRUKKD LABS: https://strukkdlabs.vercel.app/ - My portfolio: https://rj-portfolio-resume.vercel.app/  Totally understand if the timing isn't right. But if you're thinking about improving your digital presence, I'd love to help.  Cheers, Robert James Cabansay Founder, STRUKKD LABS https://strukkdlabs.vercel.app/  --- 📧 rjamscxx@gmail.com 🌐 strukkdlabs.vercel.app 💼 rj-portfolio-resume.vercel.app"
"info@abs-cbn.com","ABS-CBN Digital","Quick question about ABS-CBN Digital's tech needs","default","Hi there,  While researching media company needing streaming platform and content management businesses, I found ABS-CBN Digital and thought of reaching out.  I'm Robert James, founder of STRUKKD LABS. We're a full-stack development studio based in the Philippines.  We help businesses like ABS-CBN Digital build custom software that saves time and increases revenue.  I'd love to learn more about ABS-CBN Digital's challenges. Do you have 15 minutes for a quick chat?  I'm happy to build a free prototype to show you what's possible.  Here's what we've been working on: - STRUKKD LABS: https://strukkdlabs.vercel.app/ - My portfolio: https://rj-portfolio-resume.vercel.app/  Totally understand if the timing isn't right. But if you're thinking about improving your digital presence, I'd love to help.  Cheers, Robert James Cabansay Founder, STRUKKD LABS https://strukkdlabs.vercel.app/  --- 📧 rjamscxx@gmail.com 🌐 strukkdlabs.vercel.app 💼 rj-portfolio-resume.vercel.app"
"info@gmanetwork.com","GMA Network","Quick question about GMA Network's tech needs","default","Hello,  I came across GMA Network and was impressed by what you're building.  I'm Robert James, founder of STRUKKD LABS. We're a full-stack development studio based in the Philippines.  Our team specializes in building web apps and systems for companies like GMA Network.  Would you be open to a quick 15-minute call to discuss how we might help GMA Network?  I'm happy to build a free prototype to show you what's possible.  Here's what we've been working on: - STRUKKD LABS: https://strukkdlabs.vercel.app/ - My portfolio: https://rj-portfolio-resume.vercel.app/  Totally understand if the timing isn't right. But if you're thinking about improving your digital presence, I'd love to help.  Cheers, Robert James Cabansay Founder, STRUKKD LABS https://strukkdlabs.vercel.app/  --- 📧 rjamscxx@gmail.com 🌐 strukkdlabs.vercel.app 💼 rj-portfolio-resume.vercel.app"
"info@rcbc.com","RCBC","Quick question about RCBC's tech needs","fintech","Good day,  I've been following RCBC's growth and wanted to reach out.  I'm Robert James, founder of STRUKKD LABS. We're a full-stack development studio based in the Philippines.  We've helped similar startups scale their platforms to handle millions of users.  Would you be open to a quick call to discuss potential collaboration?  I'm happy to build a free prototype to show you what's possible.  Here's what we've been working on: - STRUKKD LABS: https://strukkdlabs.vercel.app/ - My portfolio: https://rj-portfolio-resume.vercel.app/  Totally understand if the timing isn't right. But if you're thinking about improving your digital presence, I'd love to help.  Cheers, Robert James Cabansay Founder, STRUKKD LABS https://strukkdlabs.vercel.app/  --- 📧 rjamscxx@gmail.com 🌐 strukkdlabs.vercel.app 💼 rj-portfolio-resume.vercel.app"
"info@chinabank.com.ph","China Banking Corporation","Quick question about China Banking Corporation's tech needs","fintech","Hi there,  I've been following China Banking Corporation's growth and wanted to reach out.  I'm Robert James, founder of STRUKKD LABS. We're a full-stack development studio based in the Philippines.  We help fintech companies build secure, scalable platforms.  Would you be open to a quick call to discuss potential collaboration?  I'm happy to build a free prototype to show you what's possible.  Here's what we've been working on: - STRUKKD LABS: https://strukkdlabs.vercel.app/ - My portfolio: https://rj-portfolio-resume.vercel.app/  Totally understand if the timing isn't right. But if you're thinking about improving your digital presence, I'd love to help.  Cheers, Robert James Cabansay Founder, STRUKKD LABS https://strukkdlabs.vercel.app/  --- 📧 rjamscxx@gmail.com 🌐 strukkdlabs.vercel.app 💼 rj-portfolio-resume.vercel.app"
"info@dbp.ph","Development Bank of Philippines","Quick question about Development Bank of Philippines's tech needs","default","Hello,  While researching development bank needing sme lending platform businesses, I found Development Bank of Philippines and thought of reaching out.  I'm Robert James, founder of STRUKKD LABS. We're a full-stack development studio based in the Philippines.  We help businesses like Development Bank of Philippines build custom software that saves time and increases revenue.  I'd love to learn more about Development Bank of Philippines's challenges. Do you have 15 minutes for a quick chat?  I'm happy to build a free prototype to show you what's possible.  Here's what we've been working on: - STRUKKD LABS: https://strukkdlabs.vercel.app/ - My portfolio: https://rj-portfolio-resume.vercel.app/  Totally understand if the timing isn't right. But if you're thinking about improving your digital presence, I'd love to help.  Cheers, Robert James Cabansay Founder, STRUKKD LABS https://strukkdlabs.vercel.app/  --- 📧 rjamscxx@gmail.com 🌐 strukkdlabs.vercel.app 💼 rj-portfolio-resume.vercel.app"
"info@landbank.com","Land Bank of the Philippines","Quick question about Land Bank of the Philippines's tech needs","default","Good day,  I came across Land Bank of the Philippines and was impressed by what you're building.  I'm Robert James, founder of STRUKKD LABS. We're a full-stack development studio based in the Philippines.  Our team specializes in building web apps and systems for companies like Land Bank of the Philippines.  I'd love to learn more about Land Bank of the Philippines's challenges. Do you have 15 minutes for a quick chat?  I'm happy to build a free prototype to show you what's possible.  Here's what we've been working on: - STRUKKD LABS: https://strukkdlabs.vercel.app/ - My portfolio: https://rj-portfolio-resume.vercel.app/  Totally understand if the timing isn't right. But if you're thinking about improving your digital presence, I'd love to help.  Cheers, Robert James Cabansay Founder, STRUKKD LABS https://strukkdlabs.vercel.app/  --- 📧 rjamscxx@gmail.com 🌐 strukkdlabs.vercel.app 💼 rj-portfolio-resume.vercel.app"
"info@pbcom.com.ph","Philippine Bank of Communications","Quick question about Philippine Bank of Communications's tech needs","fintech","Good day,  I've been following Philippine Bank of Communications's growth and wanted to reach out.  I'm Robert James, founder of STRUKKD LABS. We're a full-stack development studio based in the Philippines.  Our team specializes in fintech development with compliance in mind.  Would you be open to a quick call to discuss potential collaboration?  I'm happy to build a free prototype to show you what's possible.  Here's what we've been working on: - STRUKKD LABS: https://strukkdlabs.vercel.app/ - My portfolio: https://rj-portfolio-resume.vercel.app/  Totally understand if the timing isn't right. But if you're thinking about improving your digital presence, I'd love to help.  Cheers, Robert James Cabansay Founder, STRUKKD LABS https://strukkdlabs.vercel.app/  --- 📧 rjamscxx@gmail.com 🌐 strukkdlabs.vercel.app 💼 rj-portfolio-resume.vercel.app"
"info@chinabanksavings.com","Chinabank Savings","Quick question about Chinabank Savings's tech needs","default","Hello,  I noticed Chinabank Savings in the savings bank needing online deposit and withdrawal platform space and wanted to reach out.  I'm Robert James, founder of STRUKKD LABS. We're a full-stack development studio based in the Philippines.  Our team specializes in building web apps and systems for companies like Chinabank Savings.  Would you be open to a quick 15-minute call to discuss how we might help Chinabank Savings?  I'm happy to build a free prototype to show you what's possible.  Here's what we've been working on: - STRUKKD LABS: https://strukkdlabs.vercel.app/ - My portfolio: https://rj-portfolio-resume.vercel.app/  Totally understand if the timing isn't right. But if you're thinking about improving your digital presence, I'd love to help.  Cheers, Robert James Cabansay Founder, STRUKKD LABS https://strukkdlabs.vercel.app/  --- 📧 rjamscxx@gmail.com 🌐 strukkdlabs.vercel.app 💼 rj-portfolio-resume.vercel.app"
"info@tonikbank.com","Tonik Bank Philippines","Quick question about Tonik Bank Philippines's tech needs","fintech","Hi there,  I noticed Tonik Bank Philippines in the fintech space and wanted to connect.  I'm Robert James, founder of STRUKKD LABS. We're a full-stack development studio based in the Philippines.  We've helped similar startups scale their platforms to handle millions of users.  I'd love to explore how we might support Tonik Bank Philippines's technical needs.  I'm happy to build a free prototype to show you what's possible.  Here's what we've been working on: - STRUKKD LABS: https://strukkdlabs.vercel.app/ - My portfolio: https://rj-portfolio-resume.vercel.app/  Totally understand if the timing isn't right. But if you're thinking about improving your digital presence, I'd love to help.  Cheers, Robert James Cabansay Founder, STRUKKD LABS https://strukkdlabs.vercel.app/  --- 📧 rjamscxx@gmail.com 🌐 strukkdlabs.vercel.app 💼 rj-portfolio-resume.vercel.app"
"info@mayabank.ph","Maya Bank","Quick question about Maya Bank's tech needs","default","Hello,  I noticed Maya Bank in the digital bank needing savings and lending platform space and wanted to reach out.  I'm Robert James, founder of STRUKKD LABS. We're a full-stack development studio based in the Philippines.  We help businesses like Maya Bank build custom software that saves time and increases revenue.  Would you be open to a quick 15-minute call to discuss how we might help Maya Bank?  I'm happy to build a free prototype to show you what's possible.  Here's what we've been working on: - STRUKKD LABS: https://strukkdlabs.vercel.app/ - My portfolio: https://rj-portfolio-resume.vercel.app/  Totally understand if the timing isn't right. But if you're thinking about improving your digital presence, I'd love to help.  Cheers, Robert James Cabansay Founder, STRUKKD LABS https://strukkdlabs.vercel.app/  --- 📧 rjamscxx@gmail.com 🌐 strukkdlabs.vercel.app 💼 rj-portfolio-resume.vercel.app"
"info@gotyme.com.ph","GoTyme Bank","Quick question about GoTyme Bank's tech needs","default","Hello,  While researching digital bank needing onboarding and account management businesses, I found GoTyme Bank and thought of reaching out.  I'm Robert James, founder of STRUKKD LABS. We're a full-stack development studio based in the Philippines.  Our team specializes in building web apps and systems for companies like GoTyme Bank.  I'd love to learn more about GoTyme Bank's challenges. Do you have 15 minutes for a quick chat?  I'm happy to build a free prototype to show you what's possible.  Here's what we've been working on: - STRUKKD LABS: https://strukkdlabs.vercel.app/ - My portfolio: https://rj-portfolio-resume.vercel.app/  Totally understand if the timing isn't right. But if you're thinking about improving your digital presence, I'd love to help.  Cheers, Robert James Cabansay Founder, STRUKKD LABS https://strukkdlabs.vercel.app/  --- 📧 rjamscxx@gmail.com 🌐 strukkdlabs.vercel.app 💼 rj-portfolio-resume.vercel.app"
"info@prulifeuk.com.ph","Pru Life UK","Quick question about Pru Life UK's tech needs","default","Good day,  While researching insurance company needing agent portal and policy system businesses, I found Pru Life UK and thought of reaching out.  I'm Robert James, founder of STRUKKD LABS. We're a full-stack development studio based in the Philippines.  We've helped similar businesses streamline their operations with custom software solutions.  Would you be open to a quick 15-minute call to discuss how we might help Pru Life UK?  I'm happy to build a free prototype to show you what's possible.  Here's what we've been working on: - STRUKKD LABS: https://strukkdlabs.vercel.app/ - My portfolio: https://rj-portfolio-resume.vercel.app/  Totally understand if the timing isn't right. But if you're thinking about improving your digital presence, I'd love to help.  Cheers, Robert James Cabansay Founder, STRUKKD LABS https://strukkdlabs.vercel.app/  --- 📧 rjamscxx@gmail.com 🌐 strukkdlabs.vercel.app 💼 rj-portfolio-resume.vercel.app"
"info@axa.com.ph","AXA Philippines","Quick question about AXA Philippines's tech needs","default","Hi there,  While researching insurance company needing claims and policy portal businesses, I found AXA Philippines and thought of reaching out.  I'm Robert James, founder of STRUKKD LABS. We're a full-stack development studio based in the Philippines.  We've helped similar businesses streamline their operations with custom software solutions.  Would you be open to a quick 15-minute call to discuss how we might help AXA Philippines?  I'm happy to build a free prototype to show you what's possible.  Here's what we've been working on: - STRUKKD LABS: https://strukkdlabs.vercel.app/ - My portfolio: https://rj-portfolio-resume.vercel.app/  Totally understand if the timing isn't right. But if you're thinking about improving your digital presence, I'd love to help.  Cheers, Robert James Cabansay Founder, STRUKKD LABS https://strukkdlabs.vercel.app/  --- 📧 rjamscxx@gmail.com 🌐 strukkdlabs.vercel.app 💼 rj-portfolio-resume.vercel.app"
"info@malayan.com","Malayan Insurance","Quick question about Malayan Insurance's tech needs","default","Hi there,  I came across Malayan Insurance and was impressed by what you're building.  I'm Robert James, founder of STRUKKD LABS. We're a full-stack development studio based in the Philippines.  We've helped similar businesses streamline their operations with custom software solutions.  Would you be open to a quick 15-minute call to discuss how we might help Malayan Insurance?  I'm happy to build a free prototype to show you what's possible.  Here's what we've been working on: - STRUKKD LABS: https://strukkdlabs.vercel.app/ - My portfolio: https://rj-portfolio-resume.vercel.app/  Totally understand if the timing isn't right. But if you're thinking about improving your digital presence, I'd love to help.  Cheers, Robert James Cabansay Founder, STRUKKD LABS https://strukkdlabs.vercel.app/  --- 📧 rjamscxx@gmail.com 🌐 strukkdlabs.vercel.app 💼 rj-portfolio-resume.vercel.app"
"info@ust.edu.ph","UST Manila","Quick question about UST Manila's tech needs","default","Hi there,  I came across UST Manila and was impressed by what you're building.  I'm Robert James, founder of STRUKKD LABS. We're a full-stack development studio based in the Philippines.  Our team specializes in building web apps and systems for companies like UST Manila.  Would you be open to a quick 15-minute call to discuss how we might help UST Manila?  I'm happy to build a free prototype to show you what's possible.  Here's what we've been working on: - STRUKKD LABS: https://strukkdlabs.vercel.app/ - My portfolio: https://rj-portfolio-resume.vercel.app/  Totally understand if the timing isn't right. But if you're thinking about improving your digital presence, I'd love to help.  Cheers, Robert James Cabansay Founder, STRUKKD LABS https://strukkdlabs.vercel.app/  --- 📧 rjamscxx@gmail.com 🌐 strukkdlabs.vercel.app 💼 rj-portfolio-resume.vercel.app"
"info@mapua.edu.ph","Mapua University","Quick question about Mapua University's tech needs","default","Hi there,  While researching engineering university needing online lab and project platform businesses, I found Mapua University and thought of reaching out.  I'm Robert James, founder of STRUKKD LABS. We're a full-stack development studio based in the Philippines.  We've helped similar businesses streamline their operations with custom software solutions.  Would you be open to a quick 15-minute call to discuss how we might help Mapua University?  I'm happy to build a free prototype to show you what's possible.  Here's what we've been working on: - STRUKKD LABS: https://strukkdlabs.vercel.app/ - My portfolio: https://rj-portfolio-resume.vercel.app/  Totally understand if the timing isn't right. But if you're thinking about improving your digital presence, I'd love to help.  Cheers, Robert James Cabansay Founder, STRUKKD LABS https://strukkdlabs.vercel.app/  --- 📧 rjamscxx@gmail.com 🌐 strukkdlabs.vercel.app 💼 rj-portfolio-resume.vercel.app"
"info@adamson.edu.ph","Adamson University","Quick question about Adamson University's tech needs","default","Good day,  I noticed Adamson University in the university needing online learning and enrollment portal space and wanted to reach out.  I'm Robert James, founder of STRUKKD LABS. We're a full-stack development studio based in the Philippines.  We help businesses like Adamson University build custom software that saves time and increases revenue.  I'd love to learn more about Adamson University's challenges. Do you have 15 minutes for a quick chat?  I'm happy to build a free prototype to show you what's possible.  Here's what we've been working on: - STRUKKD LABS: https://strukkdlabs.vercel.app/ - My portfolio: https://rj-portfolio-resume.vercel.app/  Totally understand if the timing isn't right. But if you're thinking about improving your digital presence, I'd love to help.  Cheers, Robert James Cabansay Founder, STRUKKD LABS https://strukkdlabs.vercel.app/  --- 📧 rjamscxx@gmail.com 🌐 strukkdlabs.vercel.app 💼 rj-portfolio-resume.vercel.app"
"info@pup.edu.ph","Polytechnic University Philippines","Quick question about Polytechnic University Philippines's tech needs","default","Hi there,  I came across Polytechnic University Philippines and was impressed by what you're building.  I'm Robert James, founder of STRUKKD LABS. We're a full-stack development studio based in the Philippines.  We help businesses like Polytechnic University Philippines build custom software that saves time and increases revenue.  Would you be open to a quick 15-minute call to discuss how we might help Polytechnic University Philippines?  I'm happy to build a free prototype to show you what's possible.  Here's what we've been working on: - STRUKKD LABS: https://strukkdlabs.vercel.app/ - My portfolio: https://rj-portfolio-resume.vercel.app/  Totally understand if the timing isn't right. But if you're thinking about improving your digital presence, I'd love to help.  Cheers, Robert James Cabansay Founder, STRUKKD LABS https://strukkdlabs.vercel.app/  --- 📧 rjamscxx@gmail.com 🌐 strukkdlabs.vercel.app 💼 rj-portfolio-resume.vercel.app"
"info@tip.edu.ph","Technological Institute Philippines","Quick question about Technological Institute Philippines's tech needs","default","Good day,  I came across Technological Institute Philippines and was impressed by what you're building.  I'm Robert James, founder of STRUKKD LABS. We're a full-stack development studio based in the Philippines.  We help businesses like Technological Institute Philippines build custom software that saves time and increases revenue.  I'd love to learn more about Technological Institute Philippines's challenges. Do you have 15 minutes for a quick chat?  I'm happy to build a free prototype to show you what's possible.  Here's what we've been working on: - STRUKKD LABS: https://strukkdlabs.vercel.app/ - My portfolio: https://rj-portfolio-resume.vercel.app/  Totally understand if the timing isn't right. But if you're thinking about improving your digital presence, I'd love to help.  Cheers, Robert James Cabansay Founder, STRUKKD LABS https://strukkdlabs.vercel.app/  --- 📧 rjamscxx@gmail.com 🌐 strukkdlabs.vercel.app 💼 rj-portfolio-resume.vercel.app"
"info@mc.edu.ph","Miriam College","Quick question about Miriam College's tech needs","default","Good day,  I came across Miriam College and was impressed by what you're building.  I'm Robert James, founder of STRUKKD LABS. We're a full-stack development studio based in the Philippines.  Our team specializes in building web apps and systems for companies like Miriam College.  Would you be open to a quick 15-minute call to discuss how we might help Miriam College?  I'm happy to build a free prototype to show you what's possible.  Here's what we've been working on: - STRUKKD LABS: https://strukkdlabs.vercel.app/ - My portfolio: https://rj-portfolio-resume.vercel.app/  Totally understand if the timing isn't right. But if you're thinking about improving your digital presence, I'd love to help.  Cheers, Robert James Cabansay Founder, STRUKKD LABS https://strukkdlabs.vercel.app/  --- 📧 rjamscxx@gmail.com 🌐 strukkdlabs.vercel.app 💼 rj-portfolio-resume.vercel.app"
"info@ceu.edu.ph","Centro Escolar University","Quick question about Centro Escolar University's tech needs","default","Good day,  While researching university needing online learning and enrollment platform businesses, I found Centro Escolar University and thought of reaching out.  I'm Robert James, founder of STRUKKD LABS. We're a full-stack development studio based in the Philippines.  We've helped similar businesses streamline their operations with custom software solutions.  Would you be open to a quick 15-minute call to discuss how we might help Centro Escolar University?  I'm happy to build a free prototype to show you what's possible.  Here's what we've been working on: - STRUKKD LABS: https://strukkdlabs.vercel.app/ - My portfolio: https://rj-portfolio-resume.vercel.app/  Totally understand if the timing isn't right. But if you're thinking about improving your digital presence, I'd love to help.  Cheers, Robert James Cabansay Founder, STRUKKD LABS https://strukkdlabs.vercel.app/  --- 📧 rjamscxx@gmail.com 🌐 strukkdlabs.vercel.app 💼 rj-portfolio-resume.vercel.app"
"info@ue.edu.ph","University of the East","Quick question about University of the East's tech needs","default","Hello,  I noticed University of the East in the university needing student information system space and wanted to reach out.  I'm Robert James, founder of STRUKKD LABS. We're a full-stack development studio based in the Philippines.  We've helped similar businesses streamline their operations with custom software solutions.  I'd love to learn more about University of the East's challenges. Do you have 15 minutes for a quick chat?  I'm happy to build a free prototype to show you what's possible.  Here's what we've been working on: - STRUKKD LABS: https://strukkdlabs.vercel.app/ - My portfolio: https://rj-portfolio-resume.vercel.app/  Totally understand if the timing isn't right. But if you're thinking about improving your digital presence, I'd love to help.  Cheers, Robert James Cabansay Founder, STRUKKD LABS https://strukkdlabs.vercel.app/  --- 📧 rjamscxx@gmail.com 🌐 strukkdlabs.vercel.app 💼 rj-portfolio-resume.vercel.app"
"info@pwu.edu.ph","Philippine Women's University","Quick question about Philippine Women's University's tech needs","default","Good day,  I came across Philippine Women's University and was impressed by what you're building.  I'm Robert James, founder of STRUKKD LABS. We're a full-stack development studio based in the Philippines.  Our team specializes in building web apps and systems for companies like Philippine Women's University.  I'd love to learn more about Philippine Women's University's challenges. Do you have 15 minutes for a quick chat?  I'm happy to build a free prototype to show you what's possible.  Here's what we've been working on: - STRUKKD LABS: https://strukkdlabs.vercel.app/ - My portfolio: https://rj-portfolio-resume.vercel.app/  Totally understand if the timing isn't right. But if you're thinking about improving your digital presence, I'd love to help.  Cheers, Robert James Cabansay Founder, STRUKKD LABS https://strukkdlabs.vercel.app/  --- 📧 rjamscxx@gmail.com 🌐 strukkdlabs.vercel.app 💼 rj-portfolio-resume.vercel.app"
"info@gokongwei.com","JG Summit Holdings","Quick question about JG Summit Holdings's tech needs","default","Good day,  While researching conglomerate needing corporate portal and reporting system businesses, I found JG Summit Holdings and thought of reaching out.  I'm Robert James, founder of STRUKKD LABS. We're a full-stack development studio based in the Philippines.  We help businesses like JG Summit Holdings build custom software that saves time and increases revenue.  I'd love to learn more about JG Summit Holdings's challenges. Do you have 15 minutes for a quick chat?  I'm happy to build a free prototype to show you what's possible.  Here's what we've been working on: - STRUKKD LABS: https://strukkdlabs.vercel.app/ - My portfolio: https://rj-portfolio-resume.vercel.app/  Totally understand if the timing isn't right. But if you're thinking about improving your digital presence, I'd love to help.  Cheers, Robert James Cabansay Founder, STRUKKD LABS https://strukkdlabs.vercel.app/  --- 📧 rjamscxx@gmail.com 🌐 strukkdlabs.vercel.app 💼 rj-portfolio-resume.vercel.app"
"info@manilawater.com","Manila Water","Quick question about Manila Water's tech needs","default","Good day,  While researching water utility needing customer self-service portal businesses, I found Manila Water and thought of reaching out.  I'm Robert James, founder of STRUKKD LABS. We're a full-stack development studio based in the Philippines.  We've helped similar businesses streamline their operations with custom software solutions.  Would you be open to a quick 15-minute call to discuss how we might help Manila Water?  I'm happy to build a free prototype to show you what's possible.  Here's what we've been working on: - STRUKKD LABS: https://strukkdlabs.vercel.app/ - My portfolio: https://rj-portfolio-resume.vercel.app/  Totally understand if the timing isn't right. But if you're thinking about improving your digital presence, I'd love to help.  Cheers, Robert James Cabansay Founder, STRUKKD LABS https://strukkdlabs.vercel.app/  --- 📧 rjamscxx@gmail.com 🌐 strukkdlabs.vercel.app 💼 rj-portfolio-resume.vercel.app"
"info@airasia.com","AirAsia Philippines","Quick question about AirAsia Philippines's tech needs","default","Hi there,  While researching airline needing digital booking platform businesses, I found AirAsia Philippines and thought of reaching out.  I'm Robert James, founder of STRUKKD LABS. We're a full-stack development studio based in the Philippines.  We've helped similar businesses streamline their operations with custom software solutions.  Would you be open to a quick 15-minute call to discuss how we might help AirAsia Philippines?  I'm happy to build a free prototype to show you what's possible.  Here's what we've been working on: - STRUKKD LABS: https://strukkdlabs.vercel.app/ - My portfolio: https://rj-portfolio-resume.vercel.app/  Totally understand if the timing isn't right. But if you're thinking about improving your digital presence, I'd love to help.  Cheers, Robert James Cabansay Founder, STRUKKD LABS https://strukkdlabs.vercel.app/  --- 📧 rjamscxx@gmail.com 🌐 strukkdlabs.vercel.app 💼 rj-portfolio-resume.vercel.app"
"info@bench.com.ph","Bench Fashion","Quick question about Bench Fashion's tech needs","default","Hi there,  While researching fashion brand needing online store and loyalty system businesses, I found Bench Fashion and thought of reaching out.  I'm Robert James, founder of STRUKKD LABS. We're a full-stack development studio based in the Philippines.  We help businesses like Bench Fashion build custom software that saves time and increases revenue.  I'd love to learn more about Bench Fashion's challenges. Do you have 15 minutes for a quick chat?  I'm happy to build a free prototype to show you what's possible.  Here's what we've been working on: - STRUKKD LABS: https://strukkdlabs.vercel.app/ - My portfolio: https://rj-portfolio-resume.vercel.app/  Totally understand if the timing isn't right. But if you're thinking about improving your digital presence, I'd love to help.  Cheers, Robert James Cabansay Founder, STRUKKD LABS https://strukkdlabs.vercel.app/  --- 📧 rjamscxx@gmail.com 🌐 strukkdlabs.vercel.app 💼 rj-portfolio-resume.vercel.app"
"info@plainsandprints.com"," Plains & Prints","Quick question about  Plains & Prints's tech needs","default","Hello,  While researching fashion retailer needing online catalog and store locator businesses, I found  Plains & Prints and thought of reaching out.  I'm Robert James, founder of STRUKKD LABS. We're a full-stack development studio based in the Philippines.  Our team specializes in building web apps and systems for companies like  Plains & Prints.  I'd love to learn more about  Plains & Prints's challenges. Do you have 15 minutes for a quick chat?  I'm happy to build a free prototype to show you what's possible.  Here's what we've been working on: - STRUKKD LABS: https://strukkdlabs.vercel.app/ - My portfolio: https://rj-portfolio-resume.vercel.app/  Totally understand if the timing isn't right. But if you're thinking about improving your digital presence, I'd love to help.  Cheers, Robert James Cabansay Founder, STRUKKD LABS https://strukkdlabs.vercel.app/  --- 📧 rjamscxx@gmail.com 🌐 strukkdlabs.vercel.app 💼 rj-portfolio-resume.vercel.app"
"info@rrj.com.ph","RRJ Fashion","Quick question about RRJ Fashion's tech needs","default","Hi there,  I came across RRJ Fashion and was impressed by what you're building.  I'm Robert James, founder of STRUKKD LABS. We're a full-stack development studio based in the Philippines.  Our team specializes in building web apps and systems for companies like RRJ Fashion.  I'd love to learn more about RRJ Fashion's challenges. Do you have 15 minutes for a quick chat?  I'm happy to build a free prototype to show you what's possible.  Here's what we've been working on: - STRUKKD LABS: https://strukkdlabs.vercel.app/ - My portfolio: https://rj-portfolio-resume.vercel.app/  Totally understand if the timing isn't right. But if you're thinking about improving your digital presence, I'd love to help.  Cheers, Robert James Cabansay Founder, STRUKKD LABS https://strukkdlabs.vercel.app/  --- 📧 rjamscxx@gmail.com 🌐 strukkdlabs.vercel.app 💼 rj-portfolio-resume.vercel.app"
"info@hm.com","H&M Philippines","Quick question about H&M Philippines's tech needs","default","Hello,  While researching fashion retailer needing online store and loyalty platform businesses, I found H&M Philippines and thought of reaching out.  I'm Robert James, founder of STRUKKD LABS. We're a full-stack development studio based in the Philippines.  Our team specializes in building web apps and systems for companies like H&M Philippines.  Would you be open to a quick 15-minute call to discuss how we might help H&M Philippines?  I'm happy to build a free prototype to show you what's possible.  Here's what we've been working on: - STRUKKD LABS: https://strukkdlabs.vercel.app/ - My portfolio: https://rj-portfolio-resume.vercel.app/  Totally understand if the timing isn't right. But if you're thinking about improving your digital presence, I'd love to help.  Cheers, Robert James Cabansay Founder, STRUKKD LABS https://strukkdlabs.vercel.app/  --- 📧 rjamscxx@gmail.com 🌐 strukkdlabs.vercel.app 💼 rj-portfolio-resume.vercel.app"
"info@uniqlo.com.ph","Uniqlo Philippines","Quick question about Uniqlo Philippines's tech needs","default","Good day,  While researching fashion retailer needing e-commerce and store locator businesses, I found Uniqlo Philippines and thought of reaching out.  I'm Robert James, founder of STRUKKD LABS. We're a full-stack development studio based in the Philippines.  Our team specializes in building web apps and systems for companies like Uniqlo Philippines.  I'd love to learn more about Uniqlo Philippines's challenges. Do you have 15 minutes for a quick chat?  I'm happy to build a free prototype to show you what's possible.  Here's what we've been working on: - STRUKKD LABS: https://strukkdlabs.vercel.app/ - My portfolio: https://rj-portfolio-resume.vercel.app/  Totally understand if the timing isn't right. But if you're thinking about improving your digital presence, I'd love to help.  Cheers, Robert James Cabansay Founder, STRUKKD LABS https://strukkdlabs.vercel.app/  --- 📧 rjamscxx@gmail.com 🌐 strukkdlabs.vercel.app 💼 rj-portfolio-resume.vercel.app"
"info@gap.com.ph","Gap Philippines","Quick question about Gap Philippines's tech needs","default","Hi there,  I noticed Gap Philippines in the fashion retailer needing e-commerce platform space and wanted to reach out.  I'm Robert James, founder of STRUKKD LABS. We're a full-stack development studio based in the Philippines.  We've helped similar businesses streamline their operations with custom software solutions.  Would you be open to a quick 15-minute call to discuss how we might help Gap Philippines?  I'm happy to build a free prototype to show you what's possible.  Here's what we've been working on: - STRUKKD LABS: https://strukkdlabs.vercel.app/ - My portfolio: https://rj-portfolio-resume.vercel.app/  Totally understand if the timing isn't right. But if you're thinking about improving your digital presence, I'd love to help.  Cheers, Robert James Cabansay Founder, STRUKKD LABS https://strukkdlabs.vercel.app/  --- 📧 rjamscxx@gmail.com 🌐 strukkdlabs.vercel.app 💼 rj-portfolio-resume.vercel.app"
"info@marksandspencer.com.ph","Marks & Spencer Philippines","Quick question about Marks & Spencer Philippines's tech needs","default","Good day,  I noticed Marks & Spencer Philippines in the fashion retailer needing online catalog and ordering space and wanted to reach out.  I'm Robert James, founder of STRUKKD LABS. We're a full-stack development studio based in the Philippines.  We help businesses like Marks & Spencer Philippines build custom software that saves time and increases revenue.  Would you be open to a quick 15-minute call to discuss how we might help Marks & Spencer Philippines?  I'm happy to build a free prototype to show you what's possible.  Here's what we've been working on: - STRUKKD LABS: https://strukkdlabs.vercel.app/ - My portfolio: https://rj-portfolio-resume.vercel.app/  Totally understand if the timing isn't right. But if you're thinking about improving your digital presence, I'd love to help.  Cheers, Robert James Cabansay Founder, STRUKKD LABS https://strukkdlabs.vercel.app/  --- 📧 rjamscxx@gmail.com 🌐 strukkdlabs.vercel.app 💼 rj-portfolio-resume.vercel.app"
"info@smartprintph.com","SmartPrint PH","Quick question about SmartPrint PH's tech needs","default","Hi there,  I came across SmartPrint PH and was impressed by what you're building.  I'm Robert James, founder of STRUKKD LABS. We're a full-stack development studio based in the Philippines.  We help businesses like SmartPrint PH build custom software that saves time and increases revenue.  I'd love to learn more about SmartPrint PH's challenges. Do you have 15 minutes for a quick chat?  I'm happy to build a free prototype to show you what's possible.  Here's what we've been working on: - STRUKKD LABS: https://strukkdlabs.vercel.app/ - My portfolio: https://rj-portfolio-resume.vercel.app/  Totally understand if the timing isn't right. But if you're thinking about improving your digital presence, I'd love to help.  Cheers, Robert James Cabansay Founder, STRUKKD LABS https://strukkdlabs.vercel.app/  --- 📧 rjamscxx@gmail.com 🌐 strukkdlabs.vercel.app 💼 rj-portfolio-resume.vercel.app"
"info@shangri-la.com","Shangri-La Manila","Quick question about Shangri-La Manila's tech needs","default","Hello,  I came across Shangri-La Manila and was impressed by what you're building.  I'm Robert James, founder of STRUKKD LABS. We're a full-stack development studio based in the Philippines.  We help businesses like Shangri-La Manila build custom software that saves time and increases revenue.  Would you be open to a quick 15-minute call to discuss how we might help Shangri-La Manila?  I'm happy to build a free prototype to show you what's possible.  Here's what we've been working on: - STRUKKD LABS: https://strukkdlabs.vercel.app/ - My portfolio: https://rj-portfolio-resume.vercel.app/  Totally understand if the timing isn't right. But if you're thinking about improving your digital presence, I'd love to help.  Cheers, Robert James Cabansay Founder, STRUKKD LABS https://strukkdlabs.vercel.app/  --- 📧 rjamscxx@gmail.com 🌐 strukkdlabs.vercel.app 💼 rj-portfolio-resume.vercel.app"
"info@sofitel.com","Sofitel Philippine Plaza","Quick question about Sofitel Philippine Plaza's tech needs","default","Good day,  While researching luxury hotel needing reservation and concierge system businesses, I found Sofitel Philippine Plaza and thought of reaching out.  I'm Robert James, founder of STRUKKD LABS. We're a full-stack development studio based in the Philippines.  We help businesses like Sofitel Philippine Plaza build custom software that saves time and increases revenue.  Would you be open to a quick 15-minute call to discuss how we might help Sofitel Philippine Plaza?  I'm happy to build a free prototype to show you what's possible.  Here's what we've been working on: - STRUKKD LABS: https://strukkdlabs.vercel.app/ - My portfolio: https://rj-portfolio-resume.vercel.app/  Totally understand if the timing isn't right. But if you're thinking about improving your digital presence, I'd love to help.  Cheers, Robert James Cabansay Founder, STRUKKD LABS https://strukkdlabs.vercel.app/  --- 📧 rjamscxx@gmail.com 🌐 strukkdlabs.vercel.app 💼 rj-portfolio-resume.vercel.app"
"info@peninsula.com","The Peninsula Manila","Quick question about The Peninsula Manila's tech needs","default","Good day,  I came across The Peninsula Manila and was impressed by what you're building.  I'm Robert James, founder of STRUKKD LABS. We're a full-stack development studio based in the Philippines.  We've helped similar businesses streamline their operations with custom software solutions.  Would you be open to a quick 15-minute call to discuss how we might help The Peninsula Manila?  I'm happy to build a free prototype to show you what's possible.  Here's what we've been working on: - STRUKKD LABS: https://strukkdlabs.vercel.app/ - My portfolio: https://rj-portfolio-resume.vercel.app/  Totally understand if the timing isn't right. But if you're thinking about improving your digital presence, I'd love to help.  Cheers, Robert James Cabansay Founder, STRUKKD LABS https://strukkdlabs.vercel.app/  --- 📧 rjamscxx@gmail.com 🌐 strukkdlabs.vercel.app 💼 rj-portfolio-resume.vercel.app"
"info@marriott.com","JW Marriott Manila","Quick question about JW Marriott Manila's tech needs","default","Hi there,  I came across JW Marriott Manila and was impressed by what you're building.  I'm Robert James, founder of STRUKKD LABS. We're a full-stack development studio based in the Philippines.  We help businesses like JW Marriott Manila build custom software that saves time and increases revenue.  Would you be open to a quick 15-minute call to discuss how we might help JW Marriott Manila?  I'm happy to build a free prototype to show you what's possible.  Here's what we've been working on: - STRUKKD LABS: https://strukkdlabs.vercel.app/ - My portfolio: https://rj-portfolio-resume.vercel.app/  Totally understand if the timing isn't right. But if you're thinking about improving your digital presence, I'd love to help.  Cheers, Robert James Cabansay Founder, STRUKKD LABS https://strukkdlabs.vercel.app/  --- 📧 rjamscxx@gmail.com 🌐 strukkdlabs.vercel.app 💼 rj-portfolio-resume.vercel.app"
"info@hilton.com","Hilton Manila","Quick question about Hilton Manila's tech needs","default","Good day,  While researching hotel needing digital check-in and room service platform businesses, I found Hilton Manila and thought of reaching out.  I'm Robert James, founder of STRUKKD LABS. We're a full-stack development studio based in the Philippines.  We've helped similar businesses streamline their operations with custom software solutions.  Would you be open to a quick 15-minute call to discuss how we might help Hilton Manila?  I'm happy to build a free prototype to show you what's possible.  Here's what we've been working on: - STRUKKD LABS: https://strukkdlabs.vercel.app/ - My portfolio: https://rj-portfolio-resume.vercel.app/  Totally understand if the timing isn't right. But if you're thinking about improving your digital presence, I'd love to help.  Cheers, Robert James Cabansay Founder, STRUKKD LABS https://strukkdlabs.vercel.app/  --- 📧 rjamscxx@gmail.com 🌐 strukkdlabs.vercel.app 💼 rj-portfolio-resume.vercel.app"
"info@hyatt.com","Hyatt Regency Manila","Quick question about Hyatt Regency Manila's tech needs","default","Hello,  I noticed Hyatt Regency Manila in the hotel needing event management and booking system space and wanted to reach out.  I'm Robert James, founder of STRUKKD LABS. We're a full-stack development studio based in the Philippines.  We help businesses like Hyatt Regency Manila build custom software that saves time and increases revenue.  I'd love to learn more about Hyatt Regency Manila's challenges. Do you have 15 minutes for a quick chat?  I'm happy to build a free prototype to show you what's possible.  Here's what we've been working on: - STRUKKD LABS: https://strukkdlabs.vercel.app/ - My portfolio: https://rj-portfolio-resume.vercel.app/  Totally understand if the timing isn't right. But if you're thinking about improving your digital presence, I'd love to help.  Cheers, Robert James Cabansay Founder, STRUKKD LABS https://strukkdlabs.vercel.app/  --- 📧 rjamscxx@gmail.com 🌐 strukkdlabs.vercel.app 💼 rj-portfolio-resume.vercel.app"
"info@nobuhotel.com","Nobu Hotel Manila","Quick question about Nobu Hotel Manila's tech needs","restaurant","Good day,  I came across Nobu Hotel Manila and love what you're doing with food in Parañaque.  I'm Robert James, founder of STRUKKD LABS. We're a full-stack development studio based in the Philippines.  Our team builds custom reservation and delivery platforms for restaurants.  I'd love to learn more about Nobu Hotel Manila's challenges. Do you have 15 minutes for a quick chat?  I'm happy to build a free prototype to show you what's possible.  Here's what we've been working on: - STRUKKD LABS: https://strukkdlabs.vercel.app/ - My portfolio: https://rj-portfolio-resume.vercel.app/  Totally understand if the timing isn't right. But if you're thinking about improving your digital presence, I'd love to help.  Cheers, Robert James Cabansay Founder, STRUKKD LABS https://strukkdlabs.vercel.app/  --- 📧 rjamscxx@gmail.com 🌐 strukkdlabs.vercel.app 💼 rj-portfolio-resume.vercel.app"
"info@marcopolohotels.com","Marco Polo Ortigas","Quick question about Marco Polo Ortigas's tech needs","default","Good day,  While researching hotel needing reservation and concierge system businesses, I found Marco Polo Ortigas and thought of reaching out.  I'm Robert James, founder of STRUKKD LABS. We're a full-stack development studio based in the Philippines.  We've helped similar businesses streamline their operations with custom software solutions.  I'd love to learn more about Marco Polo Ortigas's challenges. Do you have 15 minutes for a quick chat?  I'm happy to build a free prototype to show you what's possible.  Here's what we've been working on: - STRUKKD LABS: https://strukkdlabs.vercel.app/ - My portfolio: https://rj-portfolio-resume.vercel.app/  Totally understand if the timing isn't right. But if you're thinking about improving your digital presence, I'd love to help.  Cheers, Robert James Cabansay Founder, STRUKKD LABS https://strukkdlabs.vercel.app/  --- 📧 rjamscxx@gmail.com 🌐 strukkdlabs.vercel.app 💼 rj-portfolio-resume.vercel.app"
"info@discoveryprimea.com","Discovery Primea","Quick question about Discovery Primea's tech needs","default","Good day,  I noticed Discovery Primea in the boutique hotel needing online booking and guest services space and wanted to reach out.  I'm Robert James, founder of STRUKKD LABS. We're a full-stack development studio based in the Philippines.  Our team specializes in building web apps and systems for companies like Discovery Primea.  I'd love to learn more about Discovery Primea's challenges. Do you have 15 minutes for a quick chat?  I'm happy to build a free prototype to show you what's possible.  Here's what we've been working on: - STRUKKD LABS: https://strukkdlabs.vercel.app/ - My portfolio: https://rj-portfolio-resume.vercel.app/  Totally understand if the timing isn't right. But if you're thinking about improving your digital presence, I'd love to help.  Cheers, Robert James Cabansay Founder, STRUKKD LABS https://strukkdlabs.vercel.app/  --- 📧 rjamscxx@gmail.com 🌐 strukkdlabs.vercel.app 💼 rj-portfolio-resume.vercel.app"
"info@thebellevue.com","The Bellevue Hotels","Quick question about The Bellevue Hotels's tech needs","default","Good day,  While researching hotel group needing online reservation and events platform businesses, I found The Bellevue Hotels and thought of reaching out.  I'm Robert James, founder of STRUKKD LABS. We're a full-stack development studio based in the Philippines.  Our team specializes in building web apps and systems for companies like The Bellevue Hotels.  I'd love to learn more about The Bellevue Hotels's challenges. Do you have 15 minutes for a quick chat?  I'm happy to build a free prototype to show you what's possible.  Here's what we've been working on: - STRUKKD LABS: https://strukkdlabs.vercel.app/ - My portfolio: https://rj-portfolio-resume.vercel.app/  Totally understand if the timing isn't right. But if you're thinking about improving your digital presence, I'd love to help.  Cheers, Robert James Cabansay Founder, STRUKKD LABS https://strukkdlabs.vercel.app/  --- 📧 rjamscxx@gmail.com 🌐 strukkdlabs.vercel.app 💼 rj-portfolio-resume.vercel.app"
"info@fairmont.com","Fairmont Makati","Quick question about Fairmont Makati's tech needs","default","Good day,  I noticed Fairmont Makati in the luxury hotel needing digital concierge and booking space and wanted to reach out.  I'm Robert James, founder of STRUKKD LABS. We're a full-stack development studio based in the Philippines.  We've helped similar businesses streamline their operations with custom software solutions.  I'd love to learn more about Fairmont Makati's challenges. Do you have 15 minutes for a quick chat?  I'm happy to build a free prototype to show you what's possible.  Here's what we've been working on: - STRUKKD LABS: https://strukkdlabs.vercel.app/ - My portfolio: https://rj-portfolio-resume.vercel.app/  Totally understand if the timing isn't right. But if you're thinking about improving your digital presence, I'd love to help.  Cheers, Robert James Cabansay Founder, STRUKKD LABS https://strukkdlabs.vercel.app/  --- 📧 rjamscxx@gmail.com 🌐 strukkdlabs.vercel.app 💼 rj-portfolio-resume.vercel.app"
"info@ayalaland.com.ph","Ayala Land","Quick question about Ayala Land's tech needs","default","Hello,  I noticed Ayala Land in the real estate developer needing property portal and sales system space and wanted to reach out.  I'm Robert James, founder of STRUKKD LABS. We're a full-stack development studio based in the Philippines.  We've helped similar businesses streamline their operations with custom software solutions.  I'd love to learn more about Ayala Land's challenges. Do you have 15 minutes for a quick chat?  I'm happy to build a free prototype to show you what's possible.  Here's what we've been working on: - STRUKKD LABS: https://strukkdlabs.vercel.app/ - My portfolio: https://rj-portfolio-resume.vercel.app/  Totally understand if the timing isn't right. But if you're thinking about improving your digital presence, I'd love to help.  Cheers, Robert James Cabansay Founder, STRUKKD LABS https://strukkdlabs.vercel.app/  --- 📧 rjamscxx@gmail.com 🌐 strukkdlabs.vercel.app 💼 rj-portfolio-resume.vercel.app"
"info@smdc.com","SM Development Corporation","Quick question about SM Development Corporation's tech needs","default","Hello,  I noticed SM Development Corporation in the condo developer needing unit reservation system space and wanted to reach out.  I'm Robert James, founder of STRUKKD LABS. We're a full-stack development studio based in the Philippines.  Our team specializes in building web apps and systems for companies like SM Development Corporation.  I'd love to learn more about SM Development Corporation's challenges. Do you have 15 minutes for a quick chat?  I'm happy to build a free prototype to show you what's possible.  Here's what we've been working on: - STRUKKD LABS: https://strukkdlabs.vercel.app/ - My portfolio: https://rj-portfolio-resume.vercel.app/  Totally understand if the timing isn't right. But if you're thinking about improving your digital presence, I'd love to help.  Cheers, Robert James Cabansay Founder, STRUKKD LABS https://strukkdlabs.vercel.app/  --- 📧 rjamscxx@gmail.com 🌐 strukkdlabs.vercel.app 💼 rj-portfolio-resume.vercel.app"
"info@dmci-homes.com","DMCI Homes","Quick question about DMCI Homes's tech needs","default","Hello,  I came across DMCI Homes and was impressed by what you're building.  I'm Robert James, founder of STRUKKD LABS. We're a full-stack development studio based in the Philippines.  We've helped similar businesses streamline their operations with custom software solutions.  I'd love to learn more about DMCI Homes's challenges. Do you have 15 minutes for a quick chat?  I'm happy to build a free prototype to show you what's possible.  Here's what we've been working on: - STRUKKD LABS: https://strukkdlabs.vercel.app/ - My portfolio: https://rj-portfolio-resume.vercel.app/  Totally understand if the timing isn't right. But if you're thinking about improving your digital presence, I'd love to help.  Cheers, Robert James Cabansay Founder, STRUKKD LABS https://strukkdlabs.vercel.app/  --- 📧 rjamscxx@gmail.com 🌐 strukkdlabs.vercel.app 💼 rj-portfolio-resume.vercel.app"
"info@centuryproperties.com","Century Properties","Quick question about Century Properties's tech needs","default","Hi there,  I noticed Century Properties in the developer needing virtual tours and unit reservation space and wanted to reach out.  I'm Robert James, founder of STRUKKD LABS. We're a full-stack development studio based in the Philippines.  We help businesses like Century Properties build custom software that saves time and increases revenue.  I'd love to learn more about Century Properties's challenges. Do you have 15 minutes for a quick chat?  I'm happy to build a free prototype to show you what's possible.  Here's what we've been working on: - STRUKKD LABS: https://strukkdlabs.vercel.app/ - My portfolio: https://rj-portfolio-resume.vercel.app/  Totally understand if the timing isn't right. But if you're thinking about improving your digital presence, I'd love to help.  Cheers, Robert James Cabansay Founder, STRUKKD LABS https://strukkdlabs.vercel.app/  --- 📧 rjamscxx@gmail.com 🌐 strukkdlabs.vercel.app 💼 rj-portfolio-resume.vercel.app"
"info@rockwellland.com","Rockwell Land","Quick question about Rockwell Land's tech needs","default","Good day,  I noticed Rockwell Land in the premium developer needing property portal and sales crm space and wanted to reach out.  I'm Robert James, founder of STRUKKD LABS. We're a full-stack development studio based in the Philippines.  We help businesses like Rockwell Land build custom software that saves time and increases revenue.  I'd love to learn more about Rockwell Land's challenges. Do you have 15 minutes for a quick chat?  I'm happy to build a free prototype to show you what's possible.  Here's what we've been working on: - STRUKKD LABS: https://strukkdlabs.vercel.app/ - My portfolio: https://rj-portfolio-resume.vercel.app/  Totally understand if the timing isn't right. But if you're thinking about improving your digital presence, I'd love to help.  Cheers, Robert James Cabansay Founder, STRUKKD LABS https://strukkdlabs.vercel.app/  --- 📧 rjamscxx@gmail.com 🌐 strukkdlabs.vercel.app 💼 rj-portfolio-resume.vercel.app"
"info@greenfield.com.ph","Greenfield Development","Quick question about Greenfield Development's tech needs","default","Hello,  While researching developer needing property showcase and agent portal businesses, I found Greenfield Development and thought of reaching out.  I'm Robert James, founder of STRUKKD LABS. We're a full-stack development studio based in the Philippines.  We've helped similar businesses streamline their operations with custom software solutions.  I'd love to learn more about Greenfield Development's challenges. Do you have 15 minutes for a quick chat?  I'm happy to build a free prototype to show you what's possible.  Here's what we've been working on: - STRUKKD LABS: https://strukkdlabs.vercel.app/ - My portfolio: https://rj-portfolio-resume.vercel.app/  Totally understand if the timing isn't right. But if you're thinking about improving your digital presence, I'd love to help.  Cheers, Robert James Cabansay Founder, STRUKKD LABS https://strukkdlabs.vercel.app/  --- 📧 rjamscxx@gmail.com 🌐 strukkdlabs.vercel.app 💼 rj-portfolio-resume.vercel.app"
"info@brittany.com.ph","Brittany Corporation","Quick question about Brittany Corporation's tech needs","default","Hello,  I noticed Brittany Corporation in the luxury developer needing virtual tour and unit reservation space and wanted to reach out.  I'm Robert James, founder of STRUKKD LABS. We're a full-stack development studio based in the Philippines.  We help businesses like Brittany Corporation build custom software that saves time and increases revenue.  Would you be open to a quick 15-minute call to discuss how we might help Brittany Corporation?  I'm happy to build a free prototype to show you what's possible.  Here's what we've been working on: - STRUKKD LABS: https://strukkdlabs.vercel.app/ - My portfolio: https://rj-portfolio-resume.vercel.app/  Totally understand if the timing isn't right. But if you're thinking about improving your digital presence, I'd love to help.  Cheers, Robert James Cabansay Founder, STRUKKD LABS https://strukkdlabs.vercel.app/  --- 📧 rjamscxx@gmail.com 🌐 strukkdlabs.vercel.app 💼 rj-portfolio-resume.vercel.app"
"info@alveoland.com","Alveo Land","Quick question about Alveo Land's tech needs","default","Good day,  I noticed Alveo Land in the mid-market developer needing project portal and sales system space and wanted to reach out.  I'm Robert James, founder of STRUKKD LABS. We're a full-stack development studio based in the Philippines.  Our team specializes in building web apps and systems for companies like Alveo Land.  I'd love to learn more about Alveo Land's challenges. Do you have 15 minutes for a quick chat?  I'm happy to build a free prototype to show you what's possible.  Here's what we've been working on: - STRUKKD LABS: https://strukkdlabs.vercel.app/ - My portfolio: https://rj-portfolio-resume.vercel.app/  Totally understand if the timing isn't right. But if you're thinking about improving your digital presence, I'd love to help.  Cheers, Robert James Cabansay Founder, STRUKKD LABS https://strukkdlabs.vercel.app/  --- 📧 rjamscxx@gmail.com 🌐 strukkdlabs.vercel.app 💼 rj-portfolio-resume.vercel.app"
"info@avidaland.com","Avida Land","Quick question about Avida Land's tech needs","default","Hello,  I noticed Avida Land in the affordable housing developer needing online reservation space and wanted to reach out.  I'm Robert James, founder of STRUKKD LABS. We're a full-stack development studio based in the Philippines.  Our team specializes in building web apps and systems for companies like Avida Land.  Would you be open to a quick 15-minute call to discuss how we might help Avida Land?  I'm happy to build a free prototype to show you what's possible.  Here's what we've been working on: - STRUKKD LABS: https://strukkdlabs.vercel.app/ - My portfolio: https://rj-portfolio-resume.vercel.app/  Totally understand if the timing isn't right. But if you're thinking about improving your digital presence, I'd love to help.  Cheers, Robert James Cabansay Founder, STRUKKD LABS https://strukkdlabs.vercel.app/  --- 📧 rjamscxx@gmail.com 🌐 strukkdlabs.vercel.app 💼 rj-portfolio-resume.vercel.app"
"info@torrelorenzo.com","Torre Lorenzo","Quick question about Torre Lorenzo's tech needs","default","Hello,  I came across Torre Lorenzo and was impressed by what you're building.  I'm Robert James, founder of STRUKKD LABS. We're a full-stack development studio based in the Philippines.  We help businesses like Torre Lorenzo build custom software that saves time and increases revenue.  I'd love to learn more about Torre Lorenzo's challenges. Do you have 15 minutes for a quick chat?  I'm happy to build a free prototype to show you what's possible.  Here's what we've been working on: - STRUKKD LABS: https://strukkdlabs.vercel.app/ - My portfolio: https://rj-portfolio-resume.vercel.app/  Totally understand if the timing isn't right. But if you're thinking about improving your digital presence, I'd love to help.  Cheers, Robert James Cabansay Founder, STRUKKD LABS https://strukkdlabs.vercel.app/  --- 📧 rjamscxx@gmail.com 🌐 strukkdlabs.vercel.app 💼 rj-portfolio-resume.vercel.app"
"info@megawide.com","Megawide Construction","Quick question about Megawide Construction's tech needs","default","Hello,  While researching construction company needing infrastructure project tracking businesses, I found Megawide Construction and thought of reaching out.  I'm Robert James, founder of STRUKKD LABS. We're a full-stack development studio based in the Philippines.  Our team specializes in building web apps and systems for companies like Megawide Construction.  I'd love to learn more about Megawide Construction's challenges. Do you have 15 minutes for a quick chat?  I'm happy to build a free prototype to show you what's possible.  Here's what we've been working on: - STRUKKD LABS: https://strukkdlabs.vercel.app/ - My portfolio: https://rj-portfolio-resume.vercel.app/  Totally understand if the timing isn't right. But if you're thinking about improving your digital presence, I'd love to help.  Cheers, Robert James Cabansay Founder, STRUKKD LABS https://strukkdlabs.vercel.app/  --- 📧 rjamscxx@gmail.com 🌐 strukkdlabs.vercel.app 💼 rj-portfolio-resume.vercel.app"
"info@rebisco.com","Republic Biscuit Corporation","Quick question about Republic Biscuit Corporation's tech needs","default","Hello,  I came across Republic Biscuit Corporation and was impressed by what you're building.  I'm Robert James, founder of STRUKKD LABS. We're a full-stack development studio based in the Philippines.  We've helped similar businesses streamline their operations with custom software solutions.  I'd love to learn more about Republic Biscuit Corporation's challenges. Do you have 15 minutes for a quick chat?  I'm happy to build a free prototype to show you what's possible.  Here's what we've been working on: - STRUKKD LABS: https://strukkdlabs.vercel.app/ - My portfolio: https://rj-portfolio-resume.vercel.app/  Totally understand if the timing isn't right. But if you're thinking about improving your digital presence, I'd love to help.  Cheers, Robert James Cabansay Founder, STRUKKD LABS https://strukkdlabs.vercel.app/  --- 📧 rjamscxx@gmail.com 🌐 strukkdlabs.vercel.app 💼 rj-portfolio-resume.vercel.app"
"info@ajinomoto.com.ph","AJinomoto Philippines","Quick question about AJinomoto Philippines's tech needs","restaurant","Good day,  I came across AJinomoto Philippines and love what you're doing with food in Taguig.  I'm Robert James, founder of STRUKKD LABS. We're a full-stack development studio based in the Philippines.  Our team builds custom reservation and delivery platforms for restaurants.  I'd love to learn more about AJinomoto Philippines's challenges. Do you have 15 minutes for a quick chat?  I'm happy to build a free prototype to show you what's possible.  Here's what we've been working on: - STRUKKD LABS: https://strukkdlabs.vercel.app/ - My portfolio: https://rj-portfolio-resume.vercel.app/  Totally understand if the timing isn't right. But if you're thinking about improving your digital presence, I'd love to help.  Cheers, Robert James Cabansay Founder, STRUKKD LABS https://strukkdlabs.vercel.app/  --- 📧 rjamscxx@gmail.com 🌐 strukkdlabs.vercel.app 💼 rj-portfolio-resume.vercel.app"
"info@coca-cola.com.ph","Coca-Cola Philippines","Quick question about Coca-Cola Philippines's tech needs","default","Hello,  I noticed Coca-Cola Philippines in the beverage company needing distributor management platform space and wanted to reach out.  I'm Robert James, founder of STRUKKD LABS. We're a full-stack development studio based in the Philippines.  We help businesses like Coca-Cola Philippines build custom software that saves time and increases revenue.  I'd love to learn more about Coca-Cola Philippines's challenges. Do you have 15 minutes for a quick chat?  I'm happy to build a free prototype to show you what's possible.  Here's what we've been working on: - STRUKKD LABS: https://strukkdlabs.vercel.app/ - My portfolio: https://rj-portfolio-resume.vercel.app/  Totally understand if the timing isn't right. But if you're thinking about improving your digital presence, I'd love to help.  Cheers, Robert James Cabansay Founder, STRUKKD LABS https://strukkdlabs.vercel.app/  --- 📧 rjamscxx@gmail.com 🌐 strukkdlabs.vercel.app 💼 rj-portfolio-resume.vercel.app"
"info@tanduay.com","Tanduay Distillers","Quick question about Tanduay Distillers's tech needs","default","Hello,  I noticed Tanduay Distillers in the spirits company needing sales and distribution tracking space and wanted to reach out.  I'm Robert James, founder of STRUKKD LABS. We're a full-stack development studio based in the Philippines.  We help businesses like Tanduay Distillers build custom software that saves time and increases revenue.  I'd love to learn more about Tanduay Distillers's challenges. Do you have 15 minutes for a quick chat?  I'm happy to build a free prototype to show you what's possible.  Here's what we've been working on: - STRUKKD LABS: https://strukkdlabs.vercel.app/ - My portfolio: https://rj-portfolio-resume.vercel.app/  Totally understand if the timing isn't right. But if you're thinking about improving your digital presence, I'd love to help.  Cheers, Robert James Cabansay Founder, STRUKKD LABS https://strukkdlabs.vercel.app/  --- 📧 rjamscxx@gmail.com 🌐 strukkdlabs.vercel.app 💼 rj-portfolio-resume.vercel.app"
"info@allianceglobal.com.ph","Alliance Global Group","Quick question about Alliance Global Group's tech needs","default","Hi there,  I noticed Alliance Global Group in the conglomerate needing digital reporting platform space and wanted to reach out.  I'm Robert James, founder of STRUKKD LABS. We're a full-stack development studio based in the Philippines.  We've helped similar businesses streamline their operations with custom software solutions.  Would you be open to a quick 15-minute call to discuss how we might help Alliance Global Group?  I'm happy to build a free prototype to show you what's possible.  Here's what we've been working on: - STRUKKD LABS: https://strukkdlabs.vercel.app/ - My portfolio: https://rj-portfolio-resume.vercel.app/  Totally understand if the timing isn't right. But if you're thinking about improving your digital presence, I'd love to help.  Cheers, Robert James Cabansay Founder, STRUKKD LABS https://strukkdlabs.vercel.app/  --- 📧 rjamscxx@gmail.com 🌐 strukkdlabs.vercel.app 💼 rj-portfolio-resume.vercel.app"
"info@ey.com","EY Philippines","Quick question about EY Philippines's tech needs","default","Good day,  I came across EY Philippines and was impressed by what you're building.  I'm Robert James, founder of STRUKKD LABS. We're a full-stack development studio based in the Philippines.  We've helped similar businesses streamline their operations with custom software solutions.  I'd love to learn more about EY Philippines's challenges. Do you have 15 minutes for a quick chat?  I'm happy to build a free prototype to show you what's possible.  Here's what we've been working on: - STRUKKD LABS: https://strukkdlabs.vercel.app/ - My portfolio: https://rj-portfolio-resume.vercel.app/  Totally understand if the timing isn't right. But if you're thinking about improving your digital presence, I'd love to help.  Cheers, Robert James Cabansay Founder, STRUKKD LABS https://strukkdlabs.vercel.app/  --- 📧 rjamscxx@gmail.com 🌐 strukkdlabs.vercel.app 💼 rj-portfolio-resume.vercel.app"
"info@kpmg.com.ph","KPMG Philippines","Quick question about KPMG Philippines's tech needs","default","Hi there,  I noticed KPMG Philippines in the audit firm needing audit management and client portal space and wanted to reach out.  I'm Robert James, founder of STRUKKD LABS. We're a full-stack development studio based in the Philippines.  We've helped similar businesses streamline their operations with custom software solutions.  I'd love to learn more about KPMG Philippines's challenges. Do you have 15 minutes for a quick chat?  I'm happy to build a free prototype to show you what's possible.  Here's what we've been working on: - STRUKKD LABS: https://strukkdlabs.vercel.app/ - My portfolio: https://rj-portfolio-resume.vercel.app/  Totally understand if the timing isn't right. But if you're thinking about improving your digital presence, I'd love to help.  Cheers, Robert James Cabansay Founder, STRUKKD LABS https://strukkdlabs.vercel.app/  --- 📧 rjamscxx@gmail.com 🌐 strukkdlabs.vercel.app 💼 rj-portfolio-resume.vercel.app"
"info@romulo.com","Romulo Mabanta Buenaventura Sayoc & De Los Angeles","Quick question about Romulo Mabanta Buenaventura Sayoc & De Los Angeles's tech needs","default","Hello,  I came across Romulo Mabanta Buenaventura Sayoc & De Los Angeles and was impressed by what you're building.  I'm Robert James, founder of STRUKKD LABS. We're a full-stack development studio based in the Philippines.  We help businesses like Romulo Mabanta Buenaventura Sayoc & De Los Angeles build custom software that saves time and increases revenue.  I'd love to learn more about Romulo Mabanta Buenaventura Sayoc & De Los Angeles's challenges. Do you have 15 minutes for a quick chat?  I'm happy to build a free prototype to show you what's possible.  Here's what we've been working on: - STRUKKD LABS: https://strukkdlabs.vercel.app/ - My portfolio: https://rj-portfolio-resume.vercel.app/  Totally understand if the timing isn't right. But if you're thinking about improving your digital presence, I'd love to help.  Cheers, Robert James Cabansay Founder, STRUKKD LABS https://strukkdlabs.vercel.app/  --- 📧 rjamscxx@gmail.com 🌐 strukkdlabs.vercel.app 💼 rj-portfolio-resume.vercel.app"
"info@quisumbingtorres.com","Quisumbing Torres","Quick question about Quisumbing Torres's tech needs","default","Good day,  While researching law firm needing ip management and client portal businesses, I found Quisumbing Torres and thought of reaching out.  I'm Robert James, founder of STRUKKD LABS. We're a full-stack development studio based in the Philippines.  We've helped similar businesses streamline their operations with custom software solutions.  Would you be open to a quick 15-minute call to discuss how we might help Quisumbing Torres?  I'm happy to build a free prototype to show you what's possible.  Here's what we've been working on: - STRUKKD LABS: https://strukkdlabs.vercel.app/ - My portfolio: https://rj-portfolio-resume.vercel.app/  Totally understand if the timing isn't right. But if you're thinking about improving your digital presence, I'd love to help.  Cheers, Robert James Cabansay Founder, STRUKKD LABS https://strukkdlabs.vercel.app/  --- 📧 rjamscxx@gmail.com 🌐 strukkdlabs.vercel.app 💼 rj-portfolio-resume.vercel.app"
"info@accralaw.com","Angara Abello Concepcion Regala & Cruz","Quick question about Angara Abello Concepcion Regala & Cruz's tech needs","default","Hi there,  While researching law firm needing case management and research platform businesses, I found Angara Abello Concepcion Regala & Cruz and thought of reaching out.  I'm Robert James, founder of STRUKKD LABS. We're a full-stack development studio based in the Philippines.  We help businesses like Angara Abello Concepcion Regala & Cruz build custom software that saves time and increases revenue.  I'd love to learn more about Angara Abello Concepcion Regala & Cruz's challenges. Do you have 15 minutes for a quick chat?  I'm happy to build a free prototype to show you what's possible.  Here's what we've been working on: - STRUKKD LABS: https://strukkdlabs.vercel.app/ - My portfolio: https://rj-portfolio-resume.vercel.app/  Totally understand if the timing isn't right. But if you're thinking about improving your digital presence, I'd love to help.  Cheers, Robert James Cabansay Founder, STRUKKD LABS https://strukkdlabs.vercel.app/  --- 📧 rjamscxx@gmail.com 🌐 strukkdlabs.vercel.app 💼 rj-portfolio-resume.vercel.app"
"info@flashexpress.ph","Flash Express Philippines","Quick question about Flash Express Philippines's tech needs","default","Hi there,  I came across Flash Express Philippines and was impressed by what you're building.  I'm Robert James, founder of STRUKKD LABS. We're a full-stack development studio based in the Philippines.  Our team specializes in building web apps and systems for companies like Flash Express Philippines.  Would you be open to a quick 15-minute call to discuss how we might help Flash Express Philippines?  I'm happy to build a free prototype to show you what's possible.  Here's what we've been working on: - STRUKKD LABS: https://strukkdlabs.vercel.app/ - My portfolio: https://rj-portfolio-resume.vercel.app/  Totally understand if the timing isn't right. But if you're thinking about improving your digital presence, I'd love to help.  Cheers, Robert James Cabansay Founder, STRUKKD LABS https://strukkdlabs.vercel.app/  --- 📧 rjamscxx@gmail.com 🌐 strukkdlabs.vercel.app 💼 rj-portfolio-resume.vercel.app"
"info@ninjavan.co","Ninja Van Philippines","Quick question about Ninja Van Philippines's tech needs","default","Hello,  I came across Ninja Van Philippines and was impressed by what you're building.  I'm Robert James, founder of STRUKKD LABS. We're a full-stack development studio based in the Philippines.  We help businesses like Ninja Van Philippines build custom software that saves time and increases revenue.  Would you be open to a quick 15-minute call to discuss how we might help Ninja Van Philippines?  I'm happy to build a free prototype to show you what's possible.  Here's what we've been working on: - STRUKKD LABS: https://strukkdlabs.vercel.app/ - My portfolio: https://rj-portfolio-resume.vercel.app/  Totally understand if the timing isn't right. But if you're thinking about improving your digital presence, I'd love to help.  Cheers, Robert James Cabansay Founder, STRUKKD LABS https://strukkdlabs.vercel.app/  --- 📧 rjamscxx@gmail.com 🌐 strukkdlabs.vercel.app 💼 rj-portfolio-resume.vercel.app"
"info@lbcexpress.com","LBC Express","Quick question about LBC Express's tech needs","default","Hi there,  While researching courier service needing online booking and package tracking businesses, I found LBC Express and thought of reaching out.  I'm Robert James, founder of STRUKKD LABS. We're a full-stack development studio based in the Philippines.  Our team specializes in building web apps and systems for companies like LBC Express.  I'd love to learn more about LBC Express's challenges. Do you have 15 minutes for a quick chat?  I'm happy to build a free prototype to show you what's possible.  Here's what we've been working on: - STRUKKD LABS: https://strukkdlabs.vercel.app/ - My portfolio: https://rj-portfolio-resume.vercel.app/  Totally understand if the timing isn't right. But if you're thinking about improving your digital presence, I'd love to help.  Cheers, Robert James Cabansay Founder, STRUKKD LABS https://strukkdlabs.vercel.app/  --- 📧 rjamscxx@gmail.com 🌐 strukkdlabs.vercel.app 💼 rj-portfolio-resume.vercel.app"
"info@kuehne-nagel.com","Kuehne + Nagel Philippines","Quick question about Kuehne + Nagel Philippines's tech needs","default","Hi there,  I noticed Kuehne + Nagel Philippines in the global logistics needing supply chain visibility platform space and wanted to reach out.  I'm Robert James, founder of STRUKKD LABS. We're a full-stack development studio based in the Philippines.  We've helped similar businesses streamline their operations with custom software solutions.  Would you be open to a quick 15-minute call to discuss how we might help Kuehne + Nagel Philippines?  I'm happy to build a free prototype to show you what's possible.  Here's what we've been working on: - STRUKKD LABS: https://strukkdlabs.vercel.app/ - My portfolio: https://rj-portfolio-resume.vercel.app/  Totally understand if the timing isn't right. But if you're thinking about improving your digital presence, I'd love to help.  Cheers, Robert James Cabansay Founder, STRUKKD LABS https://strukkdlabs.vercel.app/  --- 📧 rjamscxx@gmail.com 🌐 strukkdlabs.vercel.app 💼 rj-portfolio-resume.vercel.app"
"info@dhl.com","DHL Philippines","Quick question about DHL Philippines's tech needs","default","Good day,  I noticed DHL Philippines in the global logistics needing shipment tracking and booking space and wanted to reach out.  I'm Robert James, founder of STRUKKD LABS. We're a full-stack development studio based in the Philippines.  We've helped similar businesses streamline their operations with custom software solutions.  Would you be open to a quick 15-minute call to discuss how we might help DHL Philippines?  I'm happy to build a free prototype to show you what's possible.  Here's what we've been working on: - STRUKKD LABS: https://strukkdlabs.vercel.app/ - My portfolio: https://rj-portfolio-resume.vercel.app/  Totally understand if the timing isn't right. But if you're thinking about improving your digital presence, I'd love to help.  Cheers, Robert James Cabansay Founder, STRUKKD LABS https://strukkdlabs.vercel.app/  --- 📧 rjamscxx@gmail.com 🌐 strukkdlabs.vercel.app 💼 rj-portfolio-resume.vercel.app"
"info@fedex.com","FedEx Philippines","Quick question about FedEx Philippines's tech needs","default","Hello,  While researching global courier needing online booking and tracking businesses, I found FedEx Philippines and thought of reaching out.  I'm Robert James, founder of STRUKKD LABS. We're a full-stack development studio based in the Philippines.  We help businesses like FedEx Philippines build custom software that saves time and increases revenue.  I'd love to learn more about FedEx Philippines's challenges. Do you have 15 minutes for a quick chat?  I'm happy to build a free prototype to show you what's possible.  Here's what we've been working on: - STRUKKD LABS: https://strukkdlabs.vercel.app/ - My portfolio: https://rj-portfolio-resume.vercel.app/  Totally understand if the timing isn't right. But if you're thinking about improving your digital presence, I'd love to help.  Cheers, Robert James Cabansay Founder, STRUKKD LABS https://strukkdlabs.vercel.app/  --- 📧 rjamscxx@gmail.com 🌐 strukkdlabs.vercel.app 💼 rj-portfolio-resume.vercel.app"
"info@ups.com","UPS Philippines","Quick question about UPS Philippines's tech needs","default","Hello,  While researching global logistics needing shipment management portal businesses, I found UPS Philippines and thought of reaching out.  I'm Robert James, founder of STRUKKD LABS. We're a full-stack development studio based in the Philippines.  Our team specializes in building web apps and systems for companies like UPS Philippines.  I'd love to learn more about UPS Philippines's challenges. Do you have 15 minutes for a quick chat?  I'm happy to build a free prototype to show you what's possible.  Here's what we've been working on: - STRUKKD LABS: https://strukkdlabs.vercel.app/ - My portfolio: https://rj-portfolio-resume.vercel.app/  Totally understand if the timing isn't right. But if you're thinking about improving your digital presence, I'd love to help.  Cheers, Robert James Cabansay Founder, STRUKKD LABS https://strukkdlabs.vercel.app/  --- 📧 rjamscxx@gmail.com 🌐 strukkdlabs.vercel.app 💼 rj-portfolio-resume.vercel.app"
"info@themedicalcityclark.com","The Medical City Clark","Quick question about The Medical City Clark's tech needs","default","Good day,  I noticed The Medical City Clark in the hospital needing appointment and records portal space and wanted to reach out.  I'm Robert James, founder of STRUKKD LABS. We're a full-stack development studio based in the Philippines.  Our team specializes in building web apps and systems for companies like The Medical City Clark.  I'd love to learn more about The Medical City Clark's challenges. Do you have 15 minutes for a quick chat?  I'm happy to build a free prototype to show you what's possible.  Here's what we've been working on: - STRUKKD LABS: https://strukkdlabs.vercel.app/ - My portfolio: https://rj-portfolio-resume.vercel.app/  Totally understand if the timing isn't right. But if you're thinking about improving your digital presence, I'd love to help.  Cheers, Robert James Cabansay Founder, STRUKKD LABS https://strukkdlabs.vercel.app/  --- 📧 rjamscxx@gmail.com 🌐 strukkdlabs.vercel.app 💼 rj-portfolio-resume.vercel.app"
"info@chonghua.com.ph","Chong Hua Hospital Cebu","Quick question about Chong Hua Hospital Cebu's tech needs","default","Hello,  I came across Chong Hua Hospital Cebu and was impressed by what you're building.  I'm Robert James, founder of STRUKKD LABS. We're a full-stack development studio based in the Philippines.  We help businesses like Chong Hua Hospital Cebu build custom software that saves time and increases revenue.  I'd love to learn more about Chong Hua Hospital Cebu's challenges. Do you have 15 minutes for a quick chat?  I'm happy to build a free prototype to show you what's possible.  Here's what we've been working on: - STRUKKD LABS: https://strukkdlabs.vercel.app/ - My portfolio: https://rj-portfolio-resume.vercel.app/  Totally understand if the timing isn't right. But if you're thinking about improving your digital presence, I'd love to help.  Cheers, Robert James Cabansay Founder, STRUKKD LABS https://strukkdlabs.vercel.app/  --- 📧 rjamscxx@gmail.com 🌐 strukkdlabs.vercel.app 💼 rj-portfolio-resume.vercel.app"
"info@qboinnovation.com","QBO Innovation Hub","Quick question about QBO Innovation Hub's tech needs","default","Hello,  While researching startup hub needing community platform and event management businesses, I found QBO Innovation Hub and thought of reaching out.  I'm Robert James, founder of STRUKKD LABS. We're a full-stack development studio based in the Philippines.  Our team specializes in building web apps and systems for companies like QBO Innovation Hub.  I'd love to learn more about QBO Innovation Hub's challenges. Do you have 15 minutes for a quick chat?  I'm happy to build a free prototype to show you what's possible.  Here's what we've been working on: - STRUKKD LABS: https://strukkdlabs.vercel.app/ - My portfolio: https://rj-portfolio-resume.vercel.app/  Totally understand if the timing isn't right. But if you're thinking about improving your digital presence, I'd love to help.  Cheers, Robert James Cabansay Founder, STRUKKD LABS https://strukkdlabs.vercel.app/  --- 📧 rjamscxx@gmail.com 🌐 strukkdlabs.vercel.app 💼 rj-portfolio-resume.vercel.app"
"info@kickstart.ph","Kickstart Ventures","Quick question about Kickstart Ventures's tech needs","default","Hello,  I noticed Kickstart Ventures in the vc firm needing deal flow and portfolio management space and wanted to reach out.  I'm Robert James, founder of STRUKKD LABS. We're a full-stack development studio based in the Philippines.  Our team specializes in building web apps and systems for companies like Kickstart Ventures.  Would you be open to a quick 15-minute call to discuss how we might help Kickstart Ventures?  I'm happy to build a free prototype to show you what's possible.  Here's what we've been working on: - STRUKKD LABS: https://strukkdlabs.vercel.app/ - My portfolio: https://rj-portfolio-resume.vercel.app/  Totally understand if the timing isn't right. But if you're thinking about improving your digital presence, I'd love to help.  Cheers, Robert James Cabansay Founder, STRUKKD LABS https://strukkdlabs.vercel.app/  --- 📧 rjamscxx@gmail.com 🌐 strukkdlabs.vercel.app 💼 rj-portfolio-resume.vercel.app"
"info@glassproph.com","GlassPro PH","Quick question about GlassPro PH's tech needs","default","Hi there,  I came across GlassPro PH and was impressed by what you're building.  I'm Robert James, founder of STRUKKD LABS. We're a full-stack development studio based in the Philippines.  We've helped similar businesses streamline their operations with custom software solutions.  Would you be open to a quick 15-minute call to discuss how we might help GlassPro PH?  I'm happy to build a free prototype to show you what's possible.  Here's what we've been working on: - STRUKKD LABS: https://strukkdlabs.vercel.app/ - My portfolio: https://rj-portfolio-resume.vercel.app/  Totally understand if the timing isn't right. But if you're thinking about improving your digital presence, I'd love to help.  Cheers, Robert James Cabansay Founder, STRUKKD LABS https://strukkdlabs.vercel.app/  --- 📧 rjamscxx@gmail.com 🌐 strukkdlabs.vercel.app 💼 rj-portfolio-resume.vercel.app"
"info@citystatebank.com","Citystate Savings Bank","Quick question about Citystate Savings Bank's tech needs","default","Good day,  While researching savings bank needing online deposit platform businesses, I found Citystate Savings Bank and thought of reaching out.  I'm Robert James, founder of STRUKKD LABS. We're a full-stack development studio based in the Philippines.  We help businesses like Citystate Savings Bank build custom software that saves time and increases revenue.  I'd love to learn more about Citystate Savings Bank's challenges. Do you have 15 minutes for a quick chat?  I'm happy to build a free prototype to show you what's possible.  Here's what we've been working on: - STRUKKD LABS: https://strukkdlabs.vercel.app/ - My portfolio: https://rj-portfolio-resume.vercel.app/  Totally understand if the timing isn't right. But if you're thinking about improving your digital presence, I'd love to help.  Cheers, Robert James Cabansay Founder, STRUKKD LABS https://strukkdlabs.vercel.app/  --- 📧 rjamscxx@gmail.com 🌐 strukkdlabs.vercel.app 💼 rj-portfolio-resume.vercel.app"
"info@psbank.com.ph","Philippine Savings Bank","Quick question about Philippine Savings Bank's tech needs","fintech","Good day,  Your innovative approach to savings bank needing mobile banking platform caught my attention.  I'm Robert James, founder of STRUKKD LABS. We're a full-stack development studio based in the Philippines.  We've helped similar startups scale their platforms to handle millions of users.  Would you be open to a quick call to discuss potential collaboration?  I'm happy to build a free prototype to show you what's possible.  Here's what we've been working on: - STRUKKD LABS: https://strukkdlabs.vercel.app/ - My portfolio: https://rj-portfolio-resume.vercel.app/  Totally understand if the timing isn't right. But if you're thinking about improving your digital presence, I'd love to help.  Cheers, Robert James Cabansay Founder, STRUKKD LABS https://strukkdlabs.vercel.app/  --- 📧 rjamscxx@gmail.com 🌐 strukkdlabs.vercel.app 💼 rj-portfolio-resume.vercel.app"
"info@robinsonsbank.com.ph","Robinsons Bank","Quick question about Robinsons Bank's tech needs","fintech","Hi there,  I noticed Robinsons Bank in the fintech space and wanted to connect.  I'm Robert James, founder of STRUKKD LABS. We're a full-stack development studio based in the Philippines.  Our team specializes in fintech development with compliance in mind.  I'd love to explore how we might support Robinsons Bank's technical needs.  I'm happy to build a free prototype to show you what's possible.  Here's what we've been working on: - STRUKKD LABS: https://strukkdlabs.vercel.app/ - My portfolio: https://rj-portfolio-resume.vercel.app/  Totally understand if the timing isn't right. But if you're thinking about improving your digital presence, I'd love to help.  Cheers, Robert James Cabansay Founder, STRUKKD LABS https://strukkdlabs.vercel.app/  --- 📧 rjamscxx@gmail.com 🌐 strukkdlabs.vercel.app 💼 rj-portfolio-resume.vercel.app"
"info@allbank.com.ph","AllBank Philippines","Quick question about AllBank Philippines's tech needs","fintech","Hello,  Your innovative approach to digital bank needing mobile banking and savings platform caught my attention.  I'm Robert James, founder of STRUKKD LABS. We're a full-stack development studio based in the Philippines.  We've helped similar startups scale their platforms to handle millions of users.  Would you be open to a quick call to discuss potential collaboration?  I'm happy to build a free prototype to show you what's possible.  Here's what we've been working on: - STRUKKD LABS: https://strukkdlabs.vercel.app/ - My portfolio: https://rj-portfolio-resume.vercel.app/  Totally understand if the timing isn't right. But if you're thinking about improving your digital presence, I'd love to help.  Cheers, Robert James Cabansay Founder, STRUKKD LABS https://strukkdlabs.vercel.app/  --- 📧 rjamscxx@gmail.com 🌐 strukkdlabs.vercel.app 💼 rj-portfolio-resume.vercel.app"
"info@mapfre.com.ph","MAPFRE Insurance Philippines","Quick question about MAPFRE Insurance Philippines's tech needs","default","Good day,  I came across MAPFRE Insurance Philippines and was impressed by what you're building.  I'm Robert James, founder of STRUKKD LABS. We're a full-stack development studio based in the Philippines.  Our team specializes in building web apps and systems for companies like MAPFRE Insurance Philippines.  I'd love to learn more about MAPFRE Insurance Philippines's challenges. Do you have 15 minutes for a quick chat?  I'm happy to build a free prototype to show you what's possible.  Here's what we've been working on: - STRUKKD LABS: https://strukkdlabs.vercel.app/ - My portfolio: https://rj-portfolio-resume.vercel.app/  Totally understand if the timing isn't right. But if you're thinking about improving your digital presence, I'd love to help.  Cheers, Robert James Cabansay Founder, STRUKKD LABS https://strukkdlabs.vercel.app/  --- 📧 rjamscxx@gmail.com 🌐 strukkdlabs.vercel.app 💼 rj-portfolio-resume.vercel.app"
"info@standardinsurance.com","Standard Insurance Philippines","Quick question about Standard Insurance Philippines's tech needs","default","Hi there,  I came across Standard Insurance Philippines and was impressed by what you're building.  I'm Robert James, founder of STRUKKD LABS. We're a full-stack development studio based in the Philippines.  We help businesses like Standard Insurance Philippines build custom software that saves time and increases revenue.  I'd love to learn more about Standard Insurance Philippines's challenges. Do you have 15 minutes for a quick chat?  I'm happy to build a free prototype to show you what's possible.  Here's what we've been working on: - STRUKKD LABS: https://strukkdlabs.vercel.app/ - My portfolio: https://rj-portfolio-resume.vercel.app/  Totally understand if the timing isn't right. But if you're thinking about improving your digital presence, I'd love to help.  Cheers, Robert James Cabansay Founder, STRUKKD LABS https://strukkdlabs.vercel.app/  --- 📧 rjamscxx@gmail.com 🌐 strukkdlabs.vercel.app 💼 rj-portfolio-resume.vercel.app"
"info@bpims.com","BPI/MS Insurance","Quick question about BPI/MS Insurance's tech needs","default","Good day,  While researching insurance company needing corporate policy management businesses, I found BPI/MS Insurance and thought of reaching out.  I'm Robert James, founder of STRUKKD LABS. We're a full-stack development studio based in the Philippines.  We've helped similar businesses streamline their operations with custom software solutions.  Would you be open to a quick 15-minute call to discuss how we might help BPI/MS Insurance?  I'm happy to build a free prototype to show you what's possible.  Here's what we've been working on: - STRUKKD LABS: https://strukkdlabs.vercel.app/ - My portfolio: https://rj-portfolio-resume.vercel.app/  Totally understand if the timing isn't right. But if you're thinking about improving your digital presence, I'd love to help.  Cheers, Robert James Cabansay Founder, STRUKKD LABS https://strukkdlabs.vercel.app/  --- 📧 rjamscxx@gmail.com 🌐 strukkdlabs.vercel.app 💼 rj-portfolio-resume.vercel.app"
"info@countrybankers.com","Country Bankers Insurance Group","Quick question about Country Bankers Insurance Group's tech needs","default","Good day,  While researching insurance company needing online policy and claims portal businesses, I found Country Bankers Insurance Group and thought of reaching out.  I'm Robert James, founder of STRUKKD LABS. We're a full-stack development studio based in the Philippines.  Our team specializes in building web apps and systems for companies like Country Bankers Insurance Group.  I'd love to learn more about Country Bankers Insurance Group's challenges. Do you have 15 minutes for a quick chat?  I'm happy to build a free prototype to show you what's possible.  Here's what we've been working on: - STRUKKD LABS: https://strukkdlabs.vercel.app/ - My portfolio: https://rj-portfolio-resume.vercel.app/  Totally understand if the timing isn't right. But if you're thinking about improving your digital presence, I'd love to help.  Cheers, Robert James Cabansay Founder, STRUKKD LABS https://strukkdlabs.vercel.app/  --- 📧 rjamscxx@gmail.com 🌐 strukkdlabs.vercel.app 💼 rj-portfolio-resume.vercel.app"
"info@paramount.com.ph","Paramount Life & General Insurance","Quick question about Paramount Life & General Insurance's tech needs","default","Hello,  I noticed Paramount Life & General Insurance in the insurance company needing digital policy management space and wanted to reach out.  I'm Robert James, founder of STRUKKD LABS. We're a full-stack development studio based in the Philippines.  We help businesses like Paramount Life & General Insurance build custom software that saves time and increases revenue.  I'd love to learn more about Paramount Life & General Insurance's challenges. Do you have 15 minutes for a quick chat?  I'm happy to build a free prototype to show you what's possible.  Here's what we've been working on: - STRUKKD LABS: https://strukkdlabs.vercel.app/ - My portfolio: https://rj-portfolio-resume.vercel.app/  Totally understand if the timing isn't right. But if you're thinking about improving your digital presence, I'd love to help.  Cheers, Robert James Cabansay Founder, STRUKKD LABS https://strukkdlabs.vercel.app/  --- 📧 rjamscxx@gmail.com 🌐 strukkdlabs.vercel.app 💼 rj-portfolio-resume.vercel.app"
"info@solarentertainment.com","Solar Entertainment","Quick question about Solar Entertainment's tech needs","default","Hi there,  I came across Solar Entertainment and was impressed by what you're building.  I'm Robert James, founder of STRUKKD LABS. We're a full-stack development studio based in the Philippines.  We help businesses like Solar Entertainment build custom software that saves time and increases revenue.  I'd love to learn more about Solar Entertainment's challenges. Do you have 15 minutes for a quick chat?  I'm happy to build a free prototype to show you what's possible.  Here's what we've been working on: - STRUKKD LABS: https://strukkdlabs.vercel.app/ - My portfolio: https://rj-portfolio-resume.vercel.app/  Totally understand if the timing isn't right. But if you're thinking about improving your digital presence, I'd love to help.  Cheers, Robert James Cabansay Founder, STRUKKD LABS https://strukkdlabs.vercel.app/  --- 📧 rjamscxx@gmail.com 🌐 strukkdlabs.vercel.app 💼 rj-portfolio-resume.vercel.app"
"info@viva.com.ph","Viva Entertainment","Quick question about Viva Entertainment's tech needs","default","Good day,  I noticed Viva Entertainment in the entertainment company needing streaming and content portal space and wanted to reach out.  I'm Robert James, founder of STRUKKD LABS. We're a full-stack development studio based in the Philippines.  We've helped similar businesses streamline their operations with custom software solutions.  I'd love to learn more about Viva Entertainment's challenges. Do you have 15 minutes for a quick chat?  I'm happy to build a free prototype to show you what's possible.  Here's what we've been working on: - STRUKKD LABS: https://strukkdlabs.vercel.app/ - My portfolio: https://rj-portfolio-resume.vercel.app/  Totally understand if the timing isn't right. But if you're thinking about improving your digital presence, I'd love to help.  Cheers, Robert James Cabansay Founder, STRUKKD LABS https://strukkdlabs.vercel.app/  --- 📧 rjamscxx@gmail.com 🌐 strukkdlabs.vercel.app 💼 rj-portfolio-resume.vercel.app"
"info@starcinema.com.ph","Star Cinema","Quick question about Star Cinema's tech needs","default","Good day,  While researching film studio needing ticketing and distribution platform businesses, I found Star Cinema and thought of reaching out.  I'm Robert James, founder of STRUKKD LABS. We're a full-stack development studio based in the Philippines.  We help businesses like Star Cinema build custom software that saves time and increases revenue.  Would you be open to a quick 15-minute call to discuss how we might help Star Cinema?  I'm happy to build a free prototype to show you what's possible.  Here's what we've been working on: - STRUKKD LABS: https://strukkdlabs.vercel.app/ - My portfolio: https://rj-portfolio-resume.vercel.app/  Totally understand if the timing isn't right. But if you're thinking about improving your digital presence, I'd love to help.  Cheers, Robert James Cabansay Founder, STRUKKD LABS https://strukkdlabs.vercel.app/  --- 📧 rjamscxx@gmail.com 🌐 strukkdlabs.vercel.app 💼 rj-portfolio-resume.vercel.app"
"info@cinemalaya.com","Cinemalaya Foundation","Quick question about Cinemalaya Foundation's tech needs","default","Good day,  I came across Cinemalaya Foundation and was impressed by what you're building.  I'm Robert James, founder of STRUKKD LABS. We're a full-stack development studio based in the Philippines.  Our team specializes in building web apps and systems for companies like Cinemalaya Foundation.  Would you be open to a quick 15-minute call to discuss how we might help Cinemalaya Foundation?  I'm happy to build a free prototype to show you what's possible.  Here's what we've been working on: - STRUKKD LABS: https://strukkdlabs.vercel.app/ - My portfolio: https://rj-portfolio-resume.vercel.app/  Totally understand if the timing isn't right. But if you're thinking about improving your digital presence, I'd love to help.  Cheers, Robert James Cabansay Founder, STRUKKD LABS https://strukkdlabs.vercel.app/  --- 📧 rjamscxx@gmail.com 🌐 strukkdlabs.vercel.app 💼 rj-portfolio-resume.vercel.app"
"info@edukasyon.ph","Edukasyon.ph","Quick question about Edukasyon.ph's tech needs","default","Hello,  I noticed Edukasyon.ph in the edtech platform needing school directory and enrollment system space and wanted to reach out.  I'm Robert James, founder of STRUKKD LABS. We're a full-stack development studio based in the Philippines.  We've helped similar businesses streamline their operations with custom software solutions.  Would you be open to a quick 15-minute call to discuss how we might help Edukasyon.ph?  I'm happy to build a free prototype to show you what's possible.  Here's what we've been working on: - STRUKKD LABS: https://strukkdlabs.vercel.app/ - My portfolio: https://rj-portfolio-resume.vercel.app/  Totally understand if the timing isn't right. But if you're thinking about improving your digital presence, I'd love to help.  Cheers, Robert James Cabansay Founder, STRUKKD LABS https://strukkdlabs.vercel.app/  --- 📧 rjamscxx@gmail.com 🌐 strukkdlabs.vercel.app 💼 rj-portfolio-resume.vercel.app"
"info@khanacademy.org","Khan Academy Philippines","Quick question about Khan Academy Philippines's tech needs","default","Good day,  I came across Khan Academy Philippines and was impressed by what you're building.  I'm Robert James, founder of STRUKKD LABS. We're a full-stack development studio based in the Philippines.  Our team specializes in building web apps and systems for companies like Khan Academy Philippines.  Would you be open to a quick 15-minute call to discuss how we might help Khan Academy Philippines?  I'm happy to build a free prototype to show you what's possible.  Here's what we've been working on: - STRUKKD LABS: https://strukkdlabs.vercel.app/ - My portfolio: https://rj-portfolio-resume.vercel.app/  Totally understand if the timing isn't right. But if you're thinking about improving your digital presence, I'd love to help.  Cheers, Robert James Cabansay Founder, STRUKKD LABS https://strukkdlabs.vercel.app/  --- 📧 rjamscxx@gmail.com 🌐 strukkdlabs.vercel.app 💼 rj-portfolio-resume.vercel.app"
"info@coursera.org","Coursera Philippines","Quick question about Coursera Philippines's tech needs","default","Hello,  I noticed Coursera Philippines in the online learning platform needing partner university portal space and wanted to reach out.  I'm Robert James, founder of STRUKKD LABS. We're a full-stack development studio based in the Philippines.  Our team specializes in building web apps and systems for companies like Coursera Philippines.  I'd love to learn more about Coursera Philippines's challenges. Do you have 15 minutes for a quick chat?  I'm happy to build a free prototype to show you what's possible.  Here's what we've been working on: - STRUKKD LABS: https://strukkdlabs.vercel.app/ - My portfolio: https://rj-portfolio-resume.vercel.app/  Totally understand if the timing isn't right. But if you're thinking about improving your digital presence, I'd love to help.  Cheers, Robert James Cabansay Founder, STRUKKD LABS https://strukkdlabs.vercel.app/  --- 📧 rjamscxx@gmail.com 🌐 strukkdlabs.vercel.app 💼 rj-portfolio-resume.vercel.app"
"info@udemy.com","Udemy Philippines","Quick question about Udemy Philippines's tech needs","default","Good day,  I came across Udemy Philippines and was impressed by what you're building.  I'm Robert James, founder of STRUKKD LABS. We're a full-stack development studio based in the Philippines.  Our team specializes in building web apps and systems for companies like Udemy Philippines.  I'd love to learn more about Udemy Philippines's challenges. Do you have 15 minutes for a quick chat?  I'm happy to build a free prototype to show you what's possible.  Here's what we've been working on: - STRUKKD LABS: https://strukkdlabs.vercel.app/ - My portfolio: https://rj-portfolio-resume.vercel.app/  Totally understand if the timing isn't right. But if you're thinking about improving your digital presence, I'd love to help.  Cheers, Robert James Cabansay Founder, STRUKKD LABS https://strukkdlabs.vercel.app/  --- 📧 rjamscxx@gmail.com 🌐 strukkdlabs.vercel.app 💼 rj-portfolio-resume.vercel.app"
"info@edmodo.com","Edmodo Philippines","Quick question about Edmodo Philippines's tech needs","default","Hello,  I came across Edmodo Philippines and was impressed by what you're building.  I'm Robert James, founder of STRUKKD LABS. We're a full-stack development studio based in the Philippines.  We've helped similar businesses streamline their operations with custom software solutions.  Would you be open to a quick 15-minute call to discuss how we might help Edmodo Philippines?  I'm happy to build a free prototype to show you what's possible.  Here's what we've been working on: - STRUKKD LABS: https://strukkdlabs.vercel.app/ - My portfolio: https://rj-portfolio-resume.vercel.app/  Totally understand if the timing isn't right. But if you're thinking about improving your digital presence, I'd love to help.  Cheers, Robert James Cabansay Founder, STRUKKD LABS https://strukkdlabs.vercel.app/  --- 📧 rjamscxx@gmail.com 🌐 strukkdlabs.vercel.app 💼 rj-portfolio-resume.vercel.app"
"info@google.com","Google for Education Philippines","Quick question about Google for Education Philippines's tech needs","default","Good day,  While researching edtech platform needing school adoption portal businesses, I found Google for Education Philippines and thought of reaching out.  I'm Robert James, founder of STRUKKD LABS. We're a full-stack development studio based in the Philippines.  We've helped similar businesses streamline their operations with custom software solutions.  I'd love to learn more about Google for Education Philippines's challenges. Do you have 15 minutes for a quick chat?  I'm happy to build a free prototype to show you what's possible.  Here's what we've been working on: - STRUKKD LABS: https://strukkdlabs.vercel.app/ - My portfolio: https://rj-portfolio-resume.vercel.app/  Totally understand if the timing isn't right. But if you're thinking about improving your digital presence, I'd love to help.  Cheers, Robert James Cabansay Founder, STRUKKD LABS https://strukkdlabs.vercel.app/  --- 📧 rjamscxx@gmail.com 🌐 strukkdlabs.vercel.app 💼 rj-portfolio-resume.vercel.app"
"info@canvaslms.com","Canvas LMS Philippines","Quick question about Canvas LMS Philippines's tech needs","default","Good day,  While researching lms platform needing university onboarding and support portal businesses, I found Canvas LMS Philippines and thought of reaching out.  I'm Robert James, founder of STRUKKD LABS. We're a full-stack development studio based in the Philippines.  We help businesses like Canvas LMS Philippines build custom software that saves time and increases revenue.  I'd love to learn more about Canvas LMS Philippines's challenges. Do you have 15 minutes for a quick chat?  I'm happy to build a free prototype to show you what's possible.  Here's what we've been working on: - STRUKKD LABS: https://strukkdlabs.vercel.app/ - My portfolio: https://rj-portfolio-resume.vercel.app/  Totally understand if the timing isn't right. But if you're thinking about improving your digital presence, I'd love to help.  Cheers, Robert James Cabansay Founder, STRUKKD LABS https://strukkdlabs.vercel.app/  --- 📧 rjamscxx@gmail.com 🌐 strukkdlabs.vercel.app 💼 rj-portfolio-resume.vercel.app"
"info@nutriasia.com","NutriAsia Philippines","Quick question about NutriAsia Philippines's tech needs","restaurant","Hi there,  Your restaurant caught my attention while researching food company needing distribution and ordering platform businesses.  I'm Robert James, founder of STRUKKD LABS. We're a full-stack development studio based in the Philippines.  We help restaurants like NutriAsia Philippines build online ordering systems that increase sales by 30%.  Would you be open to a quick 15-minute call to discuss how we might help NutriAsia Philippines?  I'm happy to build a free prototype to show you what's possible.  Here's what we've been working on: - STRUKKD LABS: https://strukkdlabs.vercel.app/ - My portfolio: https://rj-portfolio-resume.vercel.app/  Totally understand if the timing isn't right. But if you're thinking about improving your digital presence, I'd love to help.  Cheers, Robert James Cabansay Founder, STRUKKD LABS https://strukkdlabs.vercel.app/  --- 📧 rjamscxx@gmail.com 🌐 strukkdlabs.vercel.app 💼 rj-portfolio-resume.vercel.app"
"info@oishi.com.ph","Oishi Products Philippines","Quick question about Oishi Products Philippines's tech needs","default","Hi there,  I came across Oishi Products Philippines and was impressed by what you're building.  I'm Robert James, founder of STRUKKD LABS. We're a full-stack development studio based in the Philippines.  We help businesses like Oishi Products Philippines build custom software that saves time and increases revenue.  Would you be open to a quick 15-minute call to discuss how we might help Oishi Products Philippines?  I'm happy to build a free prototype to show you what's possible.  Here's what we've been working on: - STRUKKD LABS: https://strukkdlabs.vercel.app/ - My portfolio: https://rj-portfolio-resume.vercel.app/  Totally understand if the timing isn't right. But if you're thinking about improving your digital presence, I'd love to help.  Cheers, Robert James Cabansay Founder, STRUKKD LABS https://strukkdlabs.vercel.app/  --- 📧 rjamscxx@gmail.com 🌐 strukkdlabs.vercel.app 💼 rj-portfolio-resume.vercel.app"
"info@pilmico.com","Pilmico Foods","Quick question about Pilmico Foods's tech needs","default","Hi there,  I noticed Pilmico Foods in the flour and feed manufacturer needing distribution portal space and wanted to reach out.  I'm Robert James, founder of STRUKKD LABS. We're a full-stack development studio based in the Philippines.  Our team specializes in building web apps and systems for companies like Pilmico Foods.  I'd love to learn more about Pilmico Foods's challenges. Do you have 15 minutes for a quick chat?  I'm happy to build a free prototype to show you what's possible.  Here's what we've been working on: - STRUKKD LABS: https://strukkdlabs.vercel.app/ - My portfolio: https://rj-portfolio-resume.vercel.app/  Totally understand if the timing isn't right. But if you're thinking about improving your digital presence, I'd love to help.  Cheers, Robert James Cabansay Founder, STRUKKD LABS https://strukkdlabs.vercel.app/  --- 📧 rjamscxx@gmail.com 🌐 strukkdlabs.vercel.app 💼 rj-portfolio-resume.vercel.app"
"info@chevron.com","Caltex Philippines","Quick question about Caltex Philippines's tech needs","default","Hello,  While researching oil company needing fuel station management system businesses, I found Caltex Philippines and thought of reaching out.  I'm Robert James, founder of STRUKKD LABS. We're a full-stack development studio based in the Philippines.  Our team specializes in building web apps and systems for companies like Caltex Philippines.  Would you be open to a quick 15-minute call to discuss how we might help Caltex Philippines?  I'm happy to build a free prototype to show you what's possible.  Here's what we've been working on: - STRUKKD LABS: https://strukkdlabs.vercel.app/ - My portfolio: https://rj-portfolio-resume.vercel.app/  Totally understand if the timing isn't right. But if you're thinking about improving your digital presence, I'd love to help.  Cheers, Robert James Cabansay Founder, STRUKKD LABS https://strukkdlabs.vercel.app/  --- 📧 rjamscxx@gmail.com 🌐 strukkdlabs.vercel.app 💼 rj-portfolio-resume.vercel.app"
"info@pldthome.com","PLDT Home","Quick question about PLDT Home's tech needs","default","Hello,  I came across PLDT Home and was impressed by what you're building.  I'm Robert James, founder of STRUKKD LABS. We're a full-stack development studio based in the Philippines.  We help businesses like PLDT Home build custom software that saves time and increases revenue.  Would you be open to a quick 15-minute call to discuss how we might help PLDT Home?  I'm happy to build a free prototype to show you what's possible.  Here's what we've been working on: - STRUKKD LABS: https://strukkdlabs.vercel.app/ - My portfolio: https://rj-portfolio-resume.vercel.app/  Totally understand if the timing isn't right. But if you're thinking about improving your digital presence, I'd love to help.  Cheers, Robert James Cabansay Founder, STRUKKD LABS https://strukkdlabs.vercel.app/  --- 📧 rjamscxx@gmail.com 🌐 strukkdlabs.vercel.app 💼 rj-portfolio-resume.vercel.app"
"info@gomo.ph","Gomo PH","Quick question about Gomo PH's tech needs","default","Hi there,  I came across Gomo PH and was impressed by what you're building.  I'm Robert James, founder of STRUKKD LABS. We're a full-stack development studio based in the Philippines.  We help businesses like Gomo PH build custom software that saves time and increases revenue.  Would you be open to a quick 15-minute call to discuss how we might help Gomo PH?  I'm happy to build a free prototype to show you what's possible.  Here's what we've been working on: - STRUKKD LABS: https://strukkdlabs.vercel.app/ - My portfolio: https://rj-portfolio-resume.vercel.app/  Totally understand if the timing isn't right. But if you're thinking about improving your digital presence, I'd love to help.  Cheers, Robert James Cabansay Founder, STRUKKD LABS https://strukkdlabs.vercel.app/  --- 📧 rjamscxx@gmail.com 🌐 strukkdlabs.vercel.app 💼 rj-portfolio-resume.vercel.app"
"info@thebodyshop.com.ph","The Body Shop Philippines","Quick question about The Body Shop Philippines's tech needs","default","Good day,  I came across The Body Shop Philippines and was impressed by what you're building.  I'm Robert James, founder of STRUKKD LABS. We're a full-stack development studio based in the Philippines.  We've helped similar businesses streamline their operations with custom software solutions.  I'd love to learn more about The Body Shop Philippines's challenges. Do you have 15 minutes for a quick chat?  I'm happy to build a free prototype to show you what's possible.  Here's what we've been working on: - STRUKKD LABS: https://strukkdlabs.vercel.app/ - My portfolio: https://rj-portfolio-resume.vercel.app/  Totally understand if the timing isn't right. But if you're thinking about improving your digital presence, I'd love to help.  Cheers, Robert James Cabansay Founder, STRUKKD LABS https://strukkdlabs.vercel.app/  --- 📧 rjamscxx@gmail.com 🌐 strukkdlabs.vercel.app 💼 rj-portfolio-resume.vercel.app"
"info@maccosmetics.com","MAC Cosmetics Philippines","Quick question about MAC Cosmetics Philippines's tech needs","default","Hello,  I came across MAC Cosmetics Philippines and was impressed by what you're building.  I'm Robert James, founder of STRUKKD LABS. We're a full-stack development studio based in the Philippines.  We've helped similar businesses streamline their operations with custom software solutions.  Would you be open to a quick 15-minute call to discuss how we might help MAC Cosmetics Philippines?  I'm happy to build a free prototype to show you what's possible.  Here's what we've been working on: - STRUKKD LABS: https://strukkdlabs.vercel.app/ - My portfolio: https://rj-portfolio-resume.vercel.app/  Totally understand if the timing isn't right. But if you're thinking about improving your digital presence, I'd love to help.  Cheers, Robert James Cabansay Founder, STRUKKD LABS https://strukkdlabs.vercel.app/  --- 📧 rjamscxx@gmail.com 🌐 strukkdlabs.vercel.app 💼 rj-portfolio-resume.vercel.app"
"info@sephora.com.ph","Sephora Philippines","Quick question about Sephora Philippines's tech needs","default","Hello,  While researching beauty retailer needing online catalog and loyalty platform businesses, I found Sephora Philippines and thought of reaching out.  I'm Robert James, founder of STRUKKD LABS. We're a full-stack development studio based in the Philippines.  We've helped similar businesses streamline their operations with custom software solutions.  Would you be open to a quick 15-minute call to discuss how we might help Sephora Philippines?  I'm happy to build a free prototype to show you what's possible.  Here's what we've been working on: - STRUKKD LABS: https://strukkdlabs.vercel.app/ - My portfolio: https://rj-portfolio-resume.vercel.app/  Totally understand if the timing isn't right. But if you're thinking about improving your digital presence, I'd love to help.  Cheers, Robert James Cabansay Founder, STRUKKD LABS https://strukkdlabs.vercel.app/  --- 📧 rjamscxx@gmail.com 🌐 strukkdlabs.vercel.app 💼 rj-portfolio-resume.vercel.app"
"info@teammanila.com","Team Manila","Quick question about Team Manila's tech needs","default","Hello,  While researching fashion brand needing e-commerce and community platform businesses, I found Team Manila and thought of reaching out.  I'm Robert James, founder of STRUKKD LABS. We're a full-stack development studio based in the Philippines.  We help businesses like Team Manila build custom software that saves time and increases revenue.  I'd love to learn more about Team Manila's challenges. Do you have 15 minutes for a quick chat?  I'm happy to build a free prototype to show you what's possible.  Here's what we've been working on: - STRUKKD LABS: https://strukkdlabs.vercel.app/ - My portfolio: https://rj-portfolio-resume.vercel.app/  Totally understand if the timing isn't right. But if you're thinking about improving your digital presence, I'd love to help.  Cheers, Robert James Cabansay Founder, STRUKKD LABS https://strukkdlabs.vercel.app/  --- 📧 rjamscxx@gmail.com 🌐 strukkdlabs.vercel.app 💼 rj-portfolio-resume.vercel.app"
"info@rajolaurel.com","Rajo Laurel","Quick question about Rajo Laurel's tech needs","default","Good day,  I came across Rajo Laurel and was impressed by what you're building.  I'm Robert James, founder of STRUKKD LABS. We're a full-stack development studio based in the Philippines.  We help businesses like Rajo Laurel build custom software that saves time and increases revenue.  I'd love to learn more about Rajo Laurel's challenges. Do you have 15 minutes for a quick chat?  I'm happy to build a free prototype to show you what's possible.  Here's what we've been working on: - STRUKKD LABS: https://strukkdlabs.vercel.app/ - My portfolio: https://rj-portfolio-resume.vercel.app/  Totally understand if the timing isn't right. But if you're thinking about improving your digital presence, I'd love to help.  Cheers, Robert James Cabansay Founder, STRUKKD LABS https://strukkdlabs.vercel.app/  --- 📧 rjamscxx@gmail.com 🌐 strukkdlabs.vercel.app 💼 rj-portfolio-resume.vercel.app"
"info@proudrace.com","Proudrace PH","Quick question about Proudrace PH's tech needs","default","Hello,  I came across Proudrace PH and was impressed by what you're building.  I'm Robert James, founder of STRUKKD LABS. We're a full-stack development studio based in the Philippines.  We've helped similar businesses streamline their operations with custom software solutions.  Would you be open to a quick 15-minute call to discuss how we might help Proudrace PH?  I'm happy to build a free prototype to show you what's possible.  Here's what we've been working on: - STRUKKD LABS: https://strukkdlabs.vercel.app/ - My portfolio: https://rj-portfolio-resume.vercel.app/  Totally understand if the timing isn't right. But if you're thinking about improving your digital presence, I'd love to help.  Cheers, Robert James Cabansay Founder, STRUKKD LABS https://strukkdlabs.vercel.app/  --- 📧 rjamscxx@gmail.com 🌐 strukkdlabs.vercel.app 💼 rj-portfolio-resume.vercel.app"
"info@deped.gov.ph","Department of Education","Quick question about Department of Education's tech needs","default","Good day,  While researching government agency needing school management system businesses, I found Department of Education and thought of reaching out.  I'm Robert James, founder of STRUKKD LABS. We're a full-stack development studio based in the Philippines.  We've helped similar businesses streamline their operations with custom software solutions.  Would you be open to a quick 15-minute call to discuss how we might help Department of Education?  I'm happy to build a free prototype to show you what's possible.  Here's what we've been working on: - STRUKKD LABS: https://strukkdlabs.vercel.app/ - My portfolio: https://rj-portfolio-resume.vercel.app/  Totally understand if the timing isn't right. But if you're thinking about improving your digital presence, I'd love to help.  Cheers, Robert James Cabansay Founder, STRUKKD LABS https://strukkdlabs.vercel.app/  --- 📧 rjamscxx@gmail.com 🌐 strukkdlabs.vercel.app 💼 rj-portfolio-resume.vercel.app"
"info@doh.gov.ph","Department of Health","Quick question about Department of Health's tech needs","default","Hello,  I noticed Department of Health in the government agency needing health data management platform space and wanted to reach out.  I'm Robert James, founder of STRUKKD LABS. We're a full-stack development studio based in the Philippines.  We've helped similar businesses streamline their operations with custom software solutions.  Would you be open to a quick 15-minute call to discuss how we might help Department of Health?  I'm happy to build a free prototype to show you what's possible.  Here's what we've been working on: - STRUKKD LABS: https://strukkdlabs.vercel.app/ - My portfolio: https://rj-portfolio-resume.vercel.app/  Totally understand if the timing isn't right. But if you're thinking about improving your digital presence, I'd love to help.  Cheers, Robert James Cabansay Founder, STRUKKD LABS https://strukkdlabs.vercel.app/  --- 📧 rjamscxx@gmail.com 🌐 strukkdlabs.vercel.app 💼 rj-portfolio-resume.vercel.app"
"info@ched.gov.ph","Commission on Higher Education","Quick question about Commission on Higher Education's tech needs","default","Good day,  I noticed Commission on Higher Education in the government agency needing university compliance portal space and wanted to reach out.  I'm Robert James, founder of STRUKKD LABS. We're a full-stack development studio based in the Philippines.  We've helped similar businesses streamline their operations with custom software solutions.  Would you be open to a quick 15-minute call to discuss how we might help Commission on Higher Education?  I'm happy to build a free prototype to show you what's possible.  Here's what we've been working on: - STRUKKD LABS: https://strukkdlabs.vercel.app/ - My portfolio: https://rj-portfolio-resume.vercel.app/  Totally understand if the timing isn't right. But if you're thinking about improving your digital presence, I'd love to help.  Cheers, Robert James Cabansay Founder, STRUKKD LABS https://strukkdlabs.vercel.app/  --- 📧 rjamscxx@gmail.com 🌐 strukkdlabs.vercel.app 💼 rj-portfolio-resume.vercel.app"
"info@tesda.gov.ph","Technical Education Skills Development Authority","Quick question about Technical Education Skills Development Authority's tech needs","default","Hi there,  While researching government agency needing training management portal businesses, I found Technical Education Skills Development Authority and thought of reaching out.  I'm Robert James, founder of STRUKKD LABS. We're a full-stack development studio based in the Philippines.  We help businesses like Technical Education Skills Development Authority build custom software that saves time and increases revenue.  Would you be open to a quick 15-minute call to discuss how we might help Technical Education Skills Development Authority?  I'm happy to build a free prototype to show you what's possible.  Here's what we've been working on: - STRUKKD LABS: https://strukkdlabs.vercel.app/ - My portfolio: https://rj-portfolio-resume.vercel.app/  Totally understand if the timing isn't right. But if you're thinking about improving your digital presence, I'd love to help.  Cheers, Robert James Cabansay Founder, STRUKKD LABS https://strukkdlabs.vercel.app/  --- 📧 rjamscxx@gmail.com 🌐 strukkdlabs.vercel.app 💼 rj-portfolio-resume.vercel.app"
"info@assumption.edu.ph","Assumption College","Quick question about Assumption College's tech needs","default","Hi there,  I noticed Assumption College in the college needing student portal and enrollment system space and wanted to reach out.  I'm Robert James, founder of STRUKKD LABS. We're a full-stack development studio based in the Philippines.  Our team specializes in building web apps and systems for companies like Assumption College.  Would you be open to a quick 15-minute call to discuss how we might help Assumption College?  I'm happy to build a free prototype to show you what's possible.  Here's what we've been working on: - STRUKKD LABS: https://strukkdlabs.vercel.app/ - My portfolio: https://rj-portfolio-resume.vercel.app/  Totally understand if the timing isn't right. But if you're thinking about improving your digital presence, I'd love to help.  Cheers, Robert James Cabansay Founder, STRUKKD LABS https://strukkdlabs.vercel.app/  --- 📧 rjamscxx@gmail.com 🌐 strukkdlabs.vercel.app 💼 rj-portfolio-resume.vercel.app"
"info@lsca.edu.ph","La Salle College Antipolo","Quick question about La Salle College Antipolo's tech needs","default","Hello,  While researching college needing online learning and student management businesses, I found La Salle College Antipolo and thought of reaching out.  I'm Robert James, founder of STRUKKD LABS. We're a full-stack development studio based in the Philippines.  Our team specializes in building web apps and systems for companies like La Salle College Antipolo.  I'd love to learn more about La Salle College Antipolo's challenges. Do you have 15 minutes for a quick chat?  I'm happy to build a free prototype to show you what's possible.  Here's what we've been working on: - STRUKKD LABS: https://strukkdlabs.vercel.app/ - My portfolio: https://rj-portfolio-resume.vercel.app/  Totally understand if the timing isn't right. But if you're thinking about improving your digital presence, I'd love to help.  Cheers, Robert James Cabansay Founder, STRUKKD LABS https://strukkdlabs.vercel.app/  --- 📧 rjamscxx@gmail.com 🌐 strukkdlabs.vercel.app 💼 rj-portfolio-resume.vercel.app"
"info@national-u.edu.ph","National University","Quick question about National University's tech needs","default","Hi there,  I came across National University and was impressed by what you're building.  I'm Robert James, founder of STRUKKD LABS. We're a full-stack development studio based in the Philippines.  We help businesses like National University build custom software that saves time and increases revenue.  Would you be open to a quick 15-minute call to discuss how we might help National University?  I'm happy to build a free prototype to show you what's possible.  Here's what we've been working on: - STRUKKD LABS: https://strukkdlabs.vercel.app/ - My portfolio: https://rj-portfolio-resume.vercel.app/  Totally understand if the timing isn't right. But if you're thinking about improving your digital presence, I'd love to help.  Cheers, Robert James Cabansay Founder, STRUKKD LABS https://strukkdlabs.vercel.app/  --- 📧 rjamscxx@gmail.com 🌐 strukkdlabs.vercel.app 💼 rj-portfolio-resume.vercel.app"
"info@ama.edu.ph","AMA University","Quick question about AMA University's tech needs","default","Hello,  I noticed AMA University in the it university needing coding platform and student portal space and wanted to reach out.  I'm Robert James, founder of STRUKKD LABS. We're a full-stack development studio based in the Philippines.  We help businesses like AMA University build custom software that saves time and increases revenue.  Would you be open to a quick 15-minute call to discuss how we might help AMA University?  I'm happy to build a free prototype to show you what's possible.  Here's what we've been working on: - STRUKKD LABS: https://strukkdlabs.vercel.app/ - My portfolio: https://rj-portfolio-resume.vercel.app/  Totally understand if the timing isn't right. But if you're thinking about improving your digital presence, I'd love to help.  Cheers, Robert James Cabansay Founder, STRUKKD LABS https://strukkdlabs.vercel.app/  --- 📧 rjamscxx@gmail.com 🌐 strukkdlabs.vercel.app 💼 rj-portfolio-resume.vercel.app"
"info@aclc.edu.ph","AMA Computer Learning Center","Quick question about AMA Computer Learning Center's tech needs","default","Hi there,  While researching it school needing lab management and student portal businesses, I found AMA Computer Learning Center and thought of reaching out.  I'm Robert James, founder of STRUKKD LABS. We're a full-stack development studio based in the Philippines.  We help businesses like AMA Computer Learning Center build custom software that saves time and increases revenue.  I'd love to learn more about AMA Computer Learning Center's challenges. Do you have 15 minutes for a quick chat?  I'm happy to build a free prototype to show you what's possible.  Here's what we've been working on: - STRUKKD LABS: https://strukkdlabs.vercel.app/ - My portfolio: https://rj-portfolio-resume.vercel.app/  Totally understand if the timing isn't right. But if you're thinking about improving your digital presence, I'd love to help.  Cheers, Robert James Cabansay Founder, STRUKKD LABS https://strukkdlabs.vercel.app/  --- 📧 rjamscxx@gmail.com 🌐 strukkdlabs.vercel.app 💼 rj-portfolio-resume.vercel.app"
"info@informatics.edu.ph","Informatics Philippines","Quick question about Informatics Philippines's tech needs","default","Hello,  While researching it school needing e-learning and student management businesses, I found Informatics Philippines and thought of reaching out.  I'm Robert James, founder of STRUKKD LABS. We're a full-stack development studio based in the Philippines.  Our team specializes in building web apps and systems for companies like Informatics Philippines.  Would you be open to a quick 15-minute call to discuss how we might help Informatics Philippines?  I'm happy to build a free prototype to show you what's possible.  Here's what we've been working on: - STRUKKD LABS: https://strukkdlabs.vercel.app/ - My portfolio: https://rj-portfolio-resume.vercel.app/  Totally understand if the timing isn't right. But if you're thinking about improving your digital presence, I'd love to help.  Cheers, Robert James Cabansay Founder, STRUKKD LABS https://strukkdlabs.vercel.app/  --- 📧 rjamscxx@gmail.com 🌐 strukkdlabs.vercel.app 💼 rj-portfolio-resume.vercel.app"
"info@apc.edu.ph","Asia Pacific College","Quick question about Asia Pacific College's tech needs","default","Hello,  While researching college needing online portal and project submission system businesses, I found Asia Pacific College and thought of reaching out.  I'm Robert James, founder of STRUKKD LABS. We're a full-stack development studio based in the Philippines.  Our team specializes in building web apps and systems for companies like Asia Pacific College.  I'd love to learn more about Asia Pacific College's challenges. Do you have 15 minutes for a quick chat?  I'm happy to build a free prototype to show you what's possible.  Here's what we've been working on: - STRUKKD LABS: https://strukkdlabs.vercel.app/ - My portfolio: https://rj-portfolio-resume.vercel.app/  Totally understand if the timing isn't right. But if you're thinking about improving your digital presence, I'd love to help.  Cheers, Robert James Cabansay Founder, STRUKKD LABS https://strukkdlabs.vercel.app/  --- 📧 rjamscxx@gmail.com 🌐 strukkdlabs.vercel.app 💼 rj-portfolio-resume.vercel.app"
"info@ncst.edu.ph","National College of Science and Technology","Quick question about National College of Science and Technology's tech needs","default","Hi there,  While researching college needing enrollment and grade viewing portal businesses, I found National College of Science and Technology and thought of reaching out.  I'm Robert James, founder of STRUKKD LABS. We're a full-stack development studio based in the Philippines.  We've helped similar businesses streamline their operations with custom software solutions.  Would you be open to a quick 15-minute call to discuss how we might help National College of Science and Technology?  I'm happy to build a free prototype to show you what's possible.  Here's what we've been working on: - STRUKKD LABS: https://strukkdlabs.vercel.app/ - My portfolio: https://rj-portfolio-resume.vercel.app/  Totally understand if the timing isn't right. But if you're thinking about improving your digital presence, I'd love to help.  Cheers, Robert James Cabansay Founder, STRUKKD LABS https://strukkdlabs.vercel.app/  --- 📧 rjamscxx@gmail.com 🌐 strukkdlabs.vercel.app 💼 rj-portfolio-resume.vercel.app"
"info@lpu.edu.ph","Lyceum of the Philippines University","Quick question about Lyceum of the Philippines University's tech needs","default","Hello,  While researching university needing student portal and online enrollment businesses, I found Lyceum of the Philippines University and thought of reaching out.  I'm Robert James, founder of STRUKKD LABS. We're a full-stack development studio based in the Philippines.  Our team specializes in building web apps and systems for companies like Lyceum of the Philippines University.  Would you be open to a quick 15-minute call to discuss how we might help Lyceum of the Philippines University?  I'm happy to build a free prototype to show you what's possible.  Here's what we've been working on: - STRUKKD LABS: https://strukkdlabs.vercel.app/ - My portfolio: https://rj-portfolio-resume.vercel.app/  Totally understand if the timing isn't right. But if you're thinking about improving your digital presence, I'd love to help.  Cheers, Robert James Cabansay Founder, STRUKKD LABS https://strukkdlabs.vercel.app/  --- 📧 rjamscxx@gmail.com 🌐 strukkdlabs.vercel.app 💼 rj-portfolio-resume.vercel.app"
"info@olfu.edu.ph","Our Lady of Fatima University","Quick question about Our Lady of Fatima University's tech needs","default","Hello,  I came across Our Lady of Fatima University and was impressed by what you're building.  I'm Robert James, founder of STRUKKD LABS. We're a full-stack development studio based in the Philippines.  We've helped similar businesses streamline their operations with custom software solutions.  I'd love to learn more about Our Lady of Fatima University's challenges. Do you have 15 minutes for a quick chat?  I'm happy to build a free prototype to show you what's possible.  Here's what we've been working on: - STRUKKD LABS: https://strukkdlabs.vercel.app/ - My portfolio: https://rj-portfolio-resume.vercel.app/  Totally understand if the timing isn't right. But if you're thinking about improving your digital presence, I'd love to help.  Cheers, Robert James Cabansay Founder, STRUKKD LABS https://strukkdlabs.vercel.app/  --- 📧 rjamscxx@gmail.com 🌐 strukkdlabs.vercel.app 💼 rj-portfolio-resume.vercel.app"
"info@pba.ph","Philippine Basketball Association","Quick question about Philippine Basketball Association's tech needs","default","Good day,  I noticed Philippine Basketball Association in the sports league needing fan engagement and ticketing platform space and wanted to reach out.  I'm Robert James, founder of STRUKKD LABS. We're a full-stack development studio based in the Philippines.  We help businesses like Philippine Basketball Association build custom software that saves time and increases revenue.  Would you be open to a quick 15-minute call to discuss how we might help Philippine Basketball Association?  I'm happy to build a free prototype to show you what's possible.  Here's what we've been working on: - STRUKKD LABS: https://strukkdlabs.vercel.app/ - My portfolio: https://rj-portfolio-resume.vercel.app/  Totally understand if the timing isn't right. But if you're thinking about improving your digital presence, I'd love to help.  Cheers, Robert James Cabansay Founder, STRUKKD LABS https://strukkdlabs.vercel.app/  --- 📧 rjamscxx@gmail.com 🌐 strukkdlabs.vercel.app 💼 rj-portfolio-resume.vercel.app"
"info@pff.org.ph","Philippine Football Federation","Quick question about Philippine Football Federation's tech needs","default","Good day,  While researching sports federation needing member management and event system businesses, I found Philippine Football Federation and thought of reaching out.  I'm Robert James, founder of STRUKKD LABS. We're a full-stack development studio based in the Philippines.  Our team specializes in building web apps and systems for companies like Philippine Football Federation.  Would you be open to a quick 15-minute call to discuss how we might help Philippine Football Federation?  I'm happy to build a free prototype to show you what's possible.  Here's what we've been working on: - STRUKKD LABS: https://strukkdlabs.vercel.app/ - My portfolio: https://rj-portfolio-resume.vercel.app/  Totally understand if the timing isn't right. But if you're thinking about improving your digital presence, I'd love to help.  Cheers, Robert James Cabansay Founder, STRUKKD LABS https://strukkdlabs.vercel.app/  --- 📧 rjamscxx@gmail.com 🌐 strukkdlabs.vercel.app 💼 rj-portfolio-resume.vercel.app"
"info@olympic.ph","Philippine Olympic Committee","Quick question about Philippine Olympic Committee's tech needs","default","Hello,  I came across Philippine Olympic Committee and was impressed by what you're building.  I'm Robert James, founder of STRUKKD LABS. We're a full-stack development studio based in the Philippines.  Our team specializes in building web apps and systems for companies like Philippine Olympic Committee.  I'd love to learn more about Philippine Olympic Committee's challenges. Do you have 15 minutes for a quick chat?  I'm happy to build a free prototype to show you what's possible.  Here's what we've been working on: - STRUKKD LABS: https://strukkdlabs.vercel.app/ - My portfolio: https://rj-portfolio-resume.vercel.app/  Totally understand if the timing isn't right. But if you're thinking about improving your digital presence, I'd love to help.  Cheers, Robert James Cabansay Founder, STRUKKD LABS https://strukkdlabs.vercel.app/  --- 📧 rjamscxx@gmail.com 🌐 strukkdlabs.vercel.app 💼 rj-portfolio-resume.vercel.app"
"info@psc.gov.ph","Philippine Sports Commission","Quick question about Philippine Sports Commission's tech needs","default","Hello,  While researching government sports agency needing athlete tracking and facility management businesses, I found Philippine Sports Commission and thought of reaching out.  I'm Robert James, founder of STRUKKD LABS. We're a full-stack development studio based in the Philippines.  We've helped similar businesses streamline their operations with custom software solutions.  Would you be open to a quick 15-minute call to discuss how we might help Philippine Sports Commission?  I'm happy to build a free prototype to show you what's possible.  Here's what we've been working on: - STRUKKD LABS: https://strukkdlabs.vercel.app/ - My portfolio: https://rj-portfolio-resume.vercel.app/  Totally understand if the timing isn't right. But if you're thinking about improving your digital presence, I'd love to help.  Cheers, Robert James Cabansay Founder, STRUKKD LABS https://strukkdlabs.vercel.app/  --- 📧 rjamscxx@gmail.com 🌐 strukkdlabs.vercel.app 💼 rj-portfolio-resume.vercel.app"
"info@ncaa.org.ph","NCAA Philippines","Quick question about NCAA Philippines's tech needs","default","Hi there,  While researching university sports league needing schedule and fan engagement system businesses, I found NCAA Philippines and thought of reaching out.  I'm Robert James, founder of STRUKKD LABS. We're a full-stack development studio based in the Philippines.  We've helped similar businesses streamline their operations with custom software solutions.  I'd love to learn more about NCAA Philippines's challenges. Do you have 15 minutes for a quick chat?  I'm happy to build a free prototype to show you what's possible.  Here's what we've been working on: - STRUKKD LABS: https://strukkdlabs.vercel.app/ - My portfolio: https://rj-portfolio-resume.vercel.app/  Totally understand if the timing isn't right. But if you're thinking about improving your digital presence, I'd love to help.  Cheers, Robert James Cabansay Founder, STRUKKD LABS https://strukkdlabs.vercel.app/  --- 📧 rjamscxx@gmail.com 🌐 strukkdlabs.vercel.app 💼 rj-portfolio-resume.vercel.app"
"info@manilamarathon.com","Manila Marathon Foundation","Quick question about Manila Marathon Foundation's tech needs","default","Good day,  I came across Manila Marathon Foundation and was impressed by what you're building.  I'm Robert James, founder of STRUKKD LABS. We're a full-stack development studio based in the Philippines.  We've helped similar businesses streamline their operations with custom software solutions.  I'd love to learn more about Manila Marathon Foundation's challenges. Do you have 15 minutes for a quick chat?  I'm happy to build a free prototype to show you what's possible.  Here's what we've been working on: - STRUKKD LABS: https://strukkdlabs.vercel.app/ - My portfolio: https://rj-portfolio-resume.vercel.app/  Totally understand if the timing isn't right. But if you're thinking about improving your digital presence, I'd love to help.  Cheers, Robert James Cabansay Founder, STRUKKD LABS https://strukkdlabs.vercel.app/  --- 📧 rjamscxx@gmail.com 🌐 strukkdlabs.vercel.app 💼 rj-portfolio-resume.vercel.app"
"info@abs-cbnfoundation.com","ABS-CBN Foundation","Quick question about ABS-CBN Foundation's tech needs","default","Hi there,  I noticed ABS-CBN Foundation in the foundation needing donation management and project tracking space and wanted to reach out.  I'm Robert James, founder of STRUKKD LABS. We're a full-stack development studio based in the Philippines.  Our team specializes in building web apps and systems for companies like ABS-CBN Foundation.  I'd love to learn more about ABS-CBN Foundation's challenges. Do you have 15 minutes for a quick chat?  I'm happy to build a free prototype to show you what's possible.  Here's what we've been working on: - STRUKKD LABS: https://strukkdlabs.vercel.app/ - My portfolio: https://rj-portfolio-resume.vercel.app/  Totally understand if the timing isn't right. But if you're thinking about improving your digital presence, I'd love to help.  Cheers, Robert James Cabansay Founder, STRUKKD LABS https://strukkdlabs.vercel.app/  --- 📧 rjamscxx@gmail.com 🌐 strukkdlabs.vercel.app 💼 rj-portfolio-resume.vercel.app"
"info@pbsp.org","Philippine Business for Social Progress","Quick question about Philippine Business for Social Progress's tech needs","default","Hello,  I noticed Philippine Business for Social Progress in the ngo needing csr project management and reporting space and wanted to reach out.  I'm Robert James, founder of STRUKKD LABS. We're a full-stack development studio based in the Philippines.  We've helped similar businesses streamline their operations with custom software solutions.  Would you be open to a quick 15-minute call to discuss how we might help Philippine Business for Social Progress?  I'm happy to build a free prototype to show you what's possible.  Here's what we've been working on: - STRUKKD LABS: https://strukkdlabs.vercel.app/ - My portfolio: https://rj-portfolio-resume.vercel.app/  Totally understand if the timing isn't right. But if you're thinking about improving your digital presence, I'd love to help.  Cheers, Robert James Cabansay Founder, STRUKKD LABS https://strukkdlabs.vercel.app/  --- 📧 rjamscxx@gmail.com 🌐 strukkdlabs.vercel.app 💼 rj-portfolio-resume.vercel.app"
"info@britishcouncil.org.ph","British Council Philippines","Quick question about British Council Philippines's tech needs","default","Hi there,  I came across British Council Philippines and was impressed by what you're building.  I'm Robert James, founder of STRUKKD LABS. We're a full-stack development studio based in the Philippines.  We've helped similar businesses streamline their operations with custom software solutions.  Would you be open to a quick 15-minute call to discuss how we might help British Council Philippines?  I'm happy to build a free prototype to show you what's possible.  Here's what we've been working on: - STRUKKD LABS: https://strukkdlabs.vercel.app/ - My portfolio: https://rj-portfolio-resume.vercel.app/  Totally understand if the timing isn't right. But if you're thinking about improving your digital presence, I'd love to help.  Cheers, Robert James Cabansay Founder, STRUKKD LABS https://strukkdlabs.vercel.app/  --- 📧 rjamscxx@gmail.com 🌐 strukkdlabs.vercel.app 💼 rj-portfolio-resume.vercel.app"
"info@hondaphil.com","Honda Cars Philippines","Quick question about Honda Cars Philippines's tech needs","default","Good day,  I noticed Honda Cars Philippines in the auto manufacturer needing dealer portal and service booking space and wanted to reach out.  I'm Robert James, founder of STRUKKD LABS. We're a full-stack development studio based in the Philippines.  We've helped similar businesses streamline their operations with custom software solutions.  Would you be open to a quick 15-minute call to discuss how we might help Honda Cars Philippines?  I'm happy to build a free prototype to show you what's possible.  Here's what we've been working on: - STRUKKD LABS: https://strukkdlabs.vercel.app/ - My portfolio: https://rj-portfolio-resume.vercel.app/  Totally understand if the timing isn't right. But if you're thinking about improving your digital presence, I'd love to help.  Cheers, Robert James Cabansay Founder, STRUKKD LABS https://strukkdlabs.vercel.app/  --- 📧 rjamscxx@gmail.com 🌐 strukkdlabs.vercel.app 💼 rj-portfolio-resume.vercel.app"
"info@mitsubishi-motors.com.ph","Mitsubishi Motors Philippines","Quick question about Mitsubishi Motors Philippines's tech needs","default","Hello,  While researching auto manufacturer needing dealer portal and test drive booking businesses, I found Mitsubishi Motors Philippines and thought of reaching out.  I'm Robert James, founder of STRUKKD LABS. We're a full-stack development studio based in the Philippines.  We help businesses like Mitsubishi Motors Philippines build custom software that saves time and increases revenue.  Would you be open to a quick 15-minute call to discuss how we might help Mitsubishi Motors Philippines?  I'm happy to build a free prototype to show you what's possible.  Here's what we've been working on: - STRUKKD LABS: https://strukkdlabs.vercel.app/ - My portfolio: https://rj-portfolio-resume.vercel.app/  Totally understand if the timing isn't right. But if you're thinking about improving your digital presence, I'd love to help.  Cheers, Robert James Cabansay Founder, STRUKKD LABS https://strukkdlabs.vercel.app/  --- 📧 rjamscxx@gmail.com 🌐 strukkdlabs.vercel.app 💼 rj-portfolio-resume.vercel.app"
"info@ebay.ph","eBay Philippines","Quick question about eBay Philippines's tech needs","default","Hi there,  While researching e-commerce platform needing seller dashboard and reporting businesses, I found eBay Philippines and thought of reaching out.  I'm Robert James, founder of STRUKKD LABS. We're a full-stack development studio based in the Philippines.  We've helped similar businesses streamline their operations with custom software solutions.  Would you be open to a quick 15-minute call to discuss how we might help eBay Philippines?  I'm happy to build a free prototype to show you what's possible.  Here's what we've been working on: - STRUKKD LABS: https://strukkdlabs.vercel.app/ - My portfolio: https://rj-portfolio-resume.vercel.app/  Totally understand if the timing isn't right. But if you're thinking about improving your digital presence, I'd love to help.  Cheers, Robert James Cabansay Founder, STRUKKD LABS https://strukkdlabs.vercel.app/  --- 📧 rjamscxx@gmail.com 🌐 strukkdlabs.vercel.app 💼 rj-portfolio-resume.vercel.app"
"info@smstore.com","SM Store Online","Quick question about SM Store Online's tech needs","default","Good day,  I came across SM Store Online and was impressed by what you're building.  I'm Robert James, founder of STRUKKD LABS. We're a full-stack development studio based in the Philippines.  Our team specializes in building web apps and systems for companies like SM Store Online.  Would you be open to a quick 15-minute call to discuss how we might help SM Store Online?  I'm happy to build a free prototype to show you what's possible.  Here's what we've been working on: - STRUKKD LABS: https://strukkdlabs.vercel.app/ - My portfolio: https://rj-portfolio-resume.vercel.app/  Totally understand if the timing isn't right. But if you're thinking about improving your digital presence, I'd love to help.  Cheers, Robert James Cabansay Founder, STRUKKD LABS https://strukkdlabs.vercel.app/  --- 📧 rjamscxx@gmail.com 🌐 strukkdlabs.vercel.app 💼 rj-portfolio-resume.vercel.app"
"info@robinsonsdepartmentstore.com","Robinsons Department Store","Quick question about Robinsons Department Store's tech needs","default","Hello,  I came across Robinsons Department Store and was impressed by what you're building.  I'm Robert James, founder of STRUKKD LABS. We're a full-stack development studio based in the Philippines.  Our team specializes in building web apps and systems for companies like Robinsons Department Store.  Would you be open to a quick 15-minute call to discuss how we might help Robinsons Department Store?  I'm happy to build a free prototype to show you what's possible.  Here's what we've been working on: - STRUKKD LABS: https://strukkdlabs.vercel.app/ - My portfolio: https://rj-portfolio-resume.vercel.app/  Totally understand if the timing isn't right. But if you're thinking about improving your digital presence, I'd love to help.  Cheers, Robert James Cabansay Founder, STRUKKD LABS https://strukkdlabs.vercel.app/  --- 📧 rjamscxx@gmail.com 🌐 strukkdlabs.vercel.app 💼 rj-portfolio-resume.vercel.app"
"info@rustans.com.ph","Rustan's Department Store","Quick question about Rustan's Department Store's tech needs","default","Good day,  I noticed Rustan's Department Store in the luxury department store needing vip ordering platform space and wanted to reach out.  I'm Robert James, founder of STRUKKD LABS. We're a full-stack development studio based in the Philippines.  We help businesses like Rustan's Department Store build custom software that saves time and increases revenue.  Would you be open to a quick 15-minute call to discuss how we might help Rustan's Department Store?  I'm happy to build a free prototype to show you what's possible.  Here's what we've been working on: - STRUKKD LABS: https://strukkdlabs.vercel.app/ - My portfolio: https://rj-portfolio-resume.vercel.app/  Totally understand if the timing isn't right. But if you're thinking about improving your digital presence, I'd love to help.  Cheers, Robert James Cabansay Founder, STRUKKD LABS https://strukkdlabs.vercel.app/  --- 📧 rjamscxx@gmail.com 🌐 strukkdlabs.vercel.app 💼 rj-portfolio-resume.vercel.app"
"info@comelec.gov.ph","Commission on Elections","Quick question about Commission on Elections's tech needs","default","Good day,  While researching election commission needing voter registration and results portal businesses, I found Commission on Elections and thought of reaching out.  I'm Robert James, founder of STRUKKD LABS. We're a full-stack development studio based in the Philippines.  Our team specializes in building web apps and systems for companies like Commission on Elections.  I'd love to learn more about Commission on Elections's challenges. Do you have 15 minutes for a quick chat?  I'm happy to build a free prototype to show you what's possible.  Here's what we've been working on: - STRUKKD LABS: https://strukkdlabs.vercel.app/ - My portfolio: https://rj-portfolio-resume.vercel.app/  Totally understand if the timing isn't right. But if you're thinking about improving your digital presence, I'd love to help.  Cheers, Robert James Cabansay Founder, STRUKKD LABS https://strukkdlabs.vercel.app/  --- 📧 rjamscxx@gmail.com 🌐 strukkdlabs.vercel.app 💼 rj-portfolio-resume.vercel.app"
"info@dilg.gov.ph","Department of Interior and Local Government","Quick question about Department of Interior and Local Government's tech needs","default","Hi there,  I came across Department of Interior and Local Government and was impressed by what you're building.  I'm Robert James, founder of STRUKKD LABS. We're a full-stack development studio based in the Philippines.  We've helped similar businesses streamline their operations with custom software solutions.  I'd love to learn more about Department of Interior and Local Government's challenges. Do you have 15 minutes for a quick chat?  I'm happy to build a free prototype to show you what's possible.  Here's what we've been working on: - STRUKKD LABS: https://strukkdlabs.vercel.app/ - My portfolio: https://rj-portfolio-resume.vercel.app/  Totally understand if the timing isn't right. But if you're thinking about improving your digital presence, I'd love to help.  Cheers, Robert James Cabansay Founder, STRUKKD LABS https://strukkdlabs.vercel.app/  --- 📧 rjamscxx@gmail.com 🌐 strukkdlabs.vercel.app 💼 rj-portfolio-resume.vercel.app"
"info@doj.gov.ph","Department of Justice","Quick question about Department of Justice's tech needs","default","Hello,  I came across Department of Justice and was impressed by what you're building.  I'm Robert James, founder of STRUKKD LABS. We're a full-stack development studio based in the Philippines.  We've helped similar businesses streamline their operations with custom software solutions.  I'd love to learn more about Department of Justice's challenges. Do you have 15 minutes for a quick chat?  I'm happy to build a free prototype to show you what's possible.  Here's what we've been working on: - STRUKKD LABS: https://strukkdlabs.vercel.app/ - My portfolio: https://rj-portfolio-resume.vercel.app/  Totally understand if the timing isn't right. But if you're thinking about improving your digital presence, I'd love to help.  Cheers, Robert James Cabansay Founder, STRUKKD LABS https://strukkdlabs.vercel.app/  --- 📧 rjamscxx@gmail.com 🌐 strukkdlabs.vercel.app 💼 rj-portfolio-resume.vercel.app"
"info@ombudsman.gov.ph","Office of the Ombudsman","Quick question about Office of the Ombudsman's tech needs","default","Hi there,  I came across Office of the Ombudsman and was impressed by what you're building.  I'm Robert James, founder of STRUKKD LABS. We're a full-stack development studio based in the Philippines.  Our team specializes in building web apps and systems for companies like Office of the Ombudsman.  I'd love to learn more about Office of the Ombudsman's challenges. Do you have 15 minutes for a quick chat?  I'm happy to build a free prototype to show you what's possible.  Here's what we've been working on: - STRUKKD LABS: https://strukkdlabs.vercel.app/ - My portfolio: https://rj-portfolio-resume.vercel.app/  Totally understand if the timing isn't right. But if you're thinking about improving your digital presence, I'd love to help.  Cheers, Robert James Cabansay Founder, STRUKKD LABS https://strukkdlabs.vercel.app/  --- 📧 rjamscxx@gmail.com 🌐 strukkdlabs.vercel.app 💼 rj-portfolio-resume.vercel.app"
"info@sunlifegrepa.com","Sun Life Grepa","Quick question about Sun Life Grepa's tech needs","default","Good day,  While researching insurance company needing policy management and claims portal businesses, I found Sun Life Grepa and thought of reaching out.  I'm Robert James, founder of STRUKKD LABS. We're a full-stack development studio based in the Philippines.  We've helped similar businesses streamline their operations with custom software solutions.  I'd love to learn more about Sun Life Grepa's challenges. Do you have 15 minutes for a quick chat?  I'm happy to build a free prototype to show you what's possible.  Here's what we've been working on: - STRUKKD LABS: https://strukkdlabs.vercel.app/ - My portfolio: https://rj-portfolio-resume.vercel.app/  Totally understand if the timing isn't right. But if you're thinking about improving your digital presence, I'd love to help.  Cheers, Robert James Cabansay Founder, STRUKKD LABS https://strukkdlabs.vercel.app/  --- 📧 rjamscxx@gmail.com 🌐 strukkdlabs.vercel.app 💼 rj-portfolio-resume.vercel.app"
"info@femsa.com","Coca-Cola FEMSA Philippines","Quick question about Coca-Cola FEMSA Philippines's tech needs","default","Good day,  While researching beverage company needing distribution management system businesses, I found Coca-Cola FEMSA Philippines and thought of reaching out.  I'm Robert James, founder of STRUKKD LABS. We're a full-stack development studio based in the Philippines.  We've helped similar businesses streamline their operations with custom software solutions.  I'd love to learn more about Coca-Cola FEMSA Philippines's challenges. Do you have 15 minutes for a quick chat?  I'm happy to build a free prototype to show you what's possible.  Here's what we've been working on: - STRUKKD LABS: https://strukkdlabs.vercel.app/ - My portfolio: https://rj-portfolio-resume.vercel.app/  Totally understand if the timing isn't right. But if you're thinking about improving your digital presence, I'd love to help.  Cheers, Robert James Cabansay Founder, STRUKKD LABS https://strukkdlabs.vercel.app/  --- 📧 rjamscxx@gmail.com 🌐 strukkdlabs.vercel.app 💼 rj-portfolio-resume.vercel.app"
"info@robinsonsmalls.com","Robinsons Malls","Quick question about Robinsons Malls's tech needs","default","Hello,  I noticed Robinsons Malls in the mall operator needing directory and event management space and wanted to reach out.  I'm Robert James, founder of STRUKKD LABS. We're a full-stack development studio based in the Philippines.  We've helped similar businesses streamline their operations with custom software solutions.  Would you be open to a quick 15-minute call to discuss how we might help Robinsons Malls?  I'm happy to build a free prototype to show you what's possible.  Here's what we've been working on: - STRUKKD LABS: https://strukkdlabs.vercel.app/ - My portfolio: https://rj-portfolio-resume.vercel.app/  Totally understand if the timing isn't right. But if you're thinking about improving your digital presence, I'd love to help.  Cheers, Robert James Cabansay Founder, STRUKKD LABS https://strukkdlabs.vercel.app/  --- 📧 rjamscxx@gmail.com 🌐 strukkdlabs.vercel.app 💼 rj-portfolio-resume.vercel.app"
"info@ayalamalls.com","Ayala Malls","Quick question about Ayala Malls's tech needs","default","Good day,  I noticed Ayala Malls in the mall operator needing loyalty and event management platform space and wanted to reach out.  I'm Robert James, founder of STRUKKD LABS. We're a full-stack development studio based in the Philippines.  Our team specializes in building web apps and systems for companies like Ayala Malls.  Would you be open to a quick 15-minute call to discuss how we might help Ayala Malls?  I'm happy to build a free prototype to show you what's possible.  Here's what we've been working on: - STRUKKD LABS: https://strukkdlabs.vercel.app/ - My portfolio: https://rj-portfolio-resume.vercel.app/  Totally understand if the timing isn't right. But if you're thinking about improving your digital presence, I'd love to help.  Cheers, Robert James Cabansay Founder, STRUKKD LABS https://strukkdlabs.vercel.app/  --- 📧 rjamscxx@gmail.com 🌐 strukkdlabs.vercel.app 💼 rj-portfolio-resume.vercel.app"
"info@snrshopping.com","S&R Membership Shopping","Quick question about S&R Membership Shopping's tech needs","default","Hello,  I noticed S&R Membership Shopping in the membership warehouse needing online ordering and delivery space and wanted to reach out.  I'm Robert James, founder of STRUKKD LABS. We're a full-stack development studio based in the Philippines.  We've helped similar businesses streamline their operations with custom software solutions.  Would you be open to a quick 15-minute call to discuss how we might help S&R Membership Shopping?  I'm happy to build a free prototype to show you what's possible.  Here's what we've been working on: - STRUKKD LABS: https://strukkdlabs.vercel.app/ - My portfolio: https://rj-portfolio-resume.vercel.app/  Totally understand if the timing isn't right. But if you're thinking about improving your digital presence, I'd love to help.  Cheers, Robert James Cabansay Founder, STRUKKD LABS https://strukkdlabs.vercel.app/  --- 📧 rjamscxx@gmail.com 🌐 strukkdlabs.vercel.app 💼 rj-portfolio-resume.vercel.app"
"info@chatime.com.ph","Chatime Philippines","Quick question about Chatime Philippines's tech needs","default","Hello,  While researching milk tea chain needing mobile ordering and franchise portal businesses, I found Chatime Philippines and thought of reaching out.  I'm Robert James, founder of STRUKKD LABS. We're a full-stack development studio based in the Philippines.  Our team specializes in building web apps and systems for companies like Chatime Philippines.  I'd love to learn more about Chatime Philippines's challenges. Do you have 15 minutes for a quick chat?  I'm happy to build a free prototype to show you what's possible.  Here's what we've been working on: - STRUKKD LABS: https://strukkdlabs.vercel.app/ - My portfolio: https://rj-portfolio-resume.vercel.app/  Totally understand if the timing isn't right. But if you're thinking about improving your digital presence, I'd love to help.  Cheers, Robert James Cabansay Founder, STRUKKD LABS https://strukkdlabs.vercel.app/  --- 📧 rjamscxx@gmail.com 🌐 strukkdlabs.vercel.app 💼 rj-portfolio-resume.vercel.app"
"info@smfashion.com","SM Fashion","Quick question about SM Fashion's tech needs","default","Good day,  While researching fashion department needing online catalog and store locator businesses, I found SM Fashion and thought of reaching out.  I'm Robert James, founder of STRUKKD LABS. We're a full-stack development studio based in the Philippines.  Our team specializes in building web apps and systems for companies like SM Fashion.  I'd love to learn more about SM Fashion's challenges. Do you have 15 minutes for a quick chat?  I'm happy to build a free prototype to show you what's possible.  Here's what we've been working on: - STRUKKD LABS: https://strukkdlabs.vercel.app/ - My portfolio: https://rj-portfolio-resume.vercel.app/  Totally understand if the timing isn't right. But if you're thinking about improving your digital presence, I'd love to help.  Cheers, Robert James Cabansay Founder, STRUKKD LABS https://strukkdlabs.vercel.app/  --- 📧 rjamscxx@gmail.com 🌐 strukkdlabs.vercel.app 💼 rj-portfolio-resume.vercel.app"
"info@kamiseta.com","Kamiseta Fashion","Quick question about Kamiseta Fashion's tech needs","default","Hello,  I noticed Kamiseta Fashion in the fashion brand needing e-commerce and style guide space and wanted to reach out.  I'm Robert James, founder of STRUKKD LABS. We're a full-stack development studio based in the Philippines.  We've helped similar businesses streamline their operations with custom software solutions.  I'd love to learn more about Kamiseta Fashion's challenges. Do you have 15 minutes for a quick chat?  I'm happy to build a free prototype to show you what's possible.  Here's what we've been working on: - STRUKKD LABS: https://strukkdlabs.vercel.app/ - My portfolio: https://rj-portfolio-resume.vercel.app/  Totally understand if the timing isn't right. But if you're thinking about improving your digital presence, I'd love to help.  Cheers, Robert James Cabansay Founder, STRUKKD LABS https://strukkdlabs.vercel.app/  --- 📧 rjamscxx@gmail.com 🌐 strukkdlabs.vercel.app 💼 rj-portfolio-resume.vercel.app"
"info@shoesalon.com.ph","Shoe Salon Philippines","Quick question about Shoe Salon Philippines's tech needs","default","Hello,  I came across Shoe Salon Philippines and was impressed by what you're building.  I'm Robert James, founder of STRUKKD LABS. We're a full-stack development studio based in the Philippines.  We've helped similar businesses streamline their operations with custom software solutions.  I'd love to learn more about Shoe Salon Philippines's challenges. Do you have 15 minutes for a quick chat?  I'm happy to build a free prototype to show you what's possible.  Here's what we've been working on: - STRUKKD LABS: https://strukkdlabs.vercel.app/ - My portfolio: https://rj-portfolio-resume.vercel.app/  Totally understand if the timing isn't right. But if you're thinking about improving your digital presence, I'd love to help.  Cheers, Robert James Cabansay Founder, STRUKKD LABS https://strukkdlabs.vercel.app/  --- 📧 rjamscxx@gmail.com 🌐 strukkdlabs.vercel.app 💼 rj-portfolio-resume.vercel.app"
"info@novotel.com","Novotel Manila Araneta City","Quick question about Novotel Manila Araneta City's tech needs","default","Hi there,  While researching hotel needing online booking and event coordination businesses, I found Novotel Manila Araneta City and thought of reaching out.  I'm Robert James, founder of STRUKKD LABS. We're a full-stack development studio based in the Philippines.  We help businesses like Novotel Manila Araneta City build custom software that saves time and increases revenue.  Would you be open to a quick 15-minute call to discuss how we might help Novotel Manila Araneta City?  I'm happy to build a free prototype to show you what's possible.  Here's what we've been working on: - STRUKKD LABS: https://strukkdlabs.vercel.app/ - My portfolio: https://rj-portfolio-resume.vercel.app/  Totally understand if the timing isn't right. But if you're thinking about improving your digital presence, I'd love to help.  Cheers, Robert James Cabansay Founder, STRUKKD LABS https://strukkdlabs.vercel.app/  --- 📧 rjamscxx@gmail.com 🌐 strukkdlabs.vercel.app 💼 rj-portfolio-resume.vercel.app"
"info@antelhotel.com","Best Western Plus Antel Hotel","Quick question about Best Western Plus Antel Hotel's tech needs","default","Hello,  I came across Best Western Plus Antel Hotel and was impressed by what you're building.  I'm Robert James, founder of STRUKKD LABS. We're a full-stack development studio based in the Philippines.  Our team specializes in building web apps and systems for companies like Best Western Plus Antel Hotel.  I'd love to learn more about Best Western Plus Antel Hotel's challenges. Do you have 15 minutes for a quick chat?  I'm happy to build a free prototype to show you what's possible.  Here's what we've been working on: - STRUKKD LABS: https://strukkdlabs.vercel.app/ - My portfolio: https://rj-portfolio-resume.vercel.app/  Totally understand if the timing isn't right. But if you're thinking about improving your digital presence, I'd love to help.  Cheers, Robert James Cabansay Founder, STRUKKD LABS https://strukkdlabs.vercel.app/  --- 📧 rjamscxx@gmail.com 🌐 strukkdlabs.vercel.app 💼 rj-portfolio-resume.vercel.app"
"info@reddoorz.com","RedDoorz Philippines","Quick question about RedDoorz Philippines's tech needs","default","Hello,  While researching budget hotel chain needing booking and management platform businesses, I found RedDoorz Philippines and thought of reaching out.  I'm Robert James, founder of STRUKKD LABS. We're a full-stack development studio based in the Philippines.  We help businesses like RedDoorz Philippines build custom software that saves time and increases revenue.  Would you be open to a quick 15-minute call to discuss how we might help RedDoorz Philippines?  I'm happy to build a free prototype to show you what's possible.  Here's what we've been working on: - STRUKKD LABS: https://strukkdlabs.vercel.app/ - My portfolio: https://rj-portfolio-resume.vercel.app/  Totally understand if the timing isn't right. But if you're thinking about improving your digital presence, I'd love to help.  Cheers, Robert James Cabansay Founder, STRUKKD LABS https://strukkdlabs.vercel.app/  --- 📧 rjamscxx@gmail.com 🌐 strukkdlabs.vercel.app 💼 rj-portfolio-resume.vercel.app"
"info@zhostel.com","Z Hostel Makati","Quick question about Z Hostel Makati's tech needs","default","Good day,  I noticed Z Hostel Makati in the hostel needing bed booking and community platform space and wanted to reach out.  I'm Robert James, founder of STRUKKD LABS. We're a full-stack development studio based in the Philippines.  Our team specializes in building web apps and systems for companies like Z Hostel Makati.  Would you be open to a quick 15-minute call to discuss how we might help Z Hostel Makati?  I'm happy to build a free prototype to show you what's possible.  Here's what we've been working on: - STRUKKD LABS: https://strukkdlabs.vercel.app/ - My portfolio: https://rj-portfolio-resume.vercel.app/  Totally understand if the timing isn't right. But if you're thinking about improving your digital presence, I'd love to help.  Cheers, Robert James Cabansay Founder, STRUKKD LABS https://strukkdlabs.vercel.app/  --- 📧 rjamscxx@gmail.com 🌐 strukkdlabs.vercel.app 💼 rj-portfolio-resume.vercel.app"
"info@lubd.com","Lub D Philippines","Quick question about Lub D Philippines's tech needs","default","Hello,  I noticed Lub D Philippines in the design hostel needing online booking and social platform space and wanted to reach out.  I'm Robert James, founder of STRUKKD LABS. We're a full-stack development studio based in the Philippines.  We help businesses like Lub D Philippines build custom software that saves time and increases revenue.  I'd love to learn more about Lub D Philippines's challenges. Do you have 15 minutes for a quick chat?  I'm happy to build a free prototype to show you what's possible.  Here's what we've been working on: - STRUKKD LABS: https://strukkdlabs.vercel.app/ - My portfolio: https://rj-portfolio-resume.vercel.app/  Totally understand if the timing isn't right. But if you're thinking about improving your digital presence, I'd love to help.  Cheers, Robert James Cabansay Founder, STRUKKD LABS https://strukkdlabs.vercel.app/  --- 📧 rjamscxx@gmail.com 🌐 strukkdlabs.vercel.app 💼 rj-portfolio-resume.vercel.app"
"info@tenya.com.ph","Tendon Tenya Philippines","Quick question about Tendon Tenya Philippines's tech needs","default","Good day,  While researching japanese tendon chain needing pos and delivery integration businesses, I found Tendon Tenya Philippines and thought of reaching out.  I'm Robert James, founder of STRUKKD LABS. We're a full-stack development studio based in the Philippines.  We've helped similar businesses streamline their operations with custom software solutions.  I'd love to learn more about Tendon Tenya Philippines's challenges. Do you have 15 minutes for a quick chat?  I'm happy to build a free prototype to show you what's possible.  Here's what we've been working on: - STRUKKD LABS: https://strukkdlabs.vercel.app/ - My portfolio: https://rj-portfolio-resume.vercel.app/  Totally understand if the timing isn't right. But if you're thinking about improving your digital presence, I'd love to help.  Cheers, Robert James Cabansay Founder, STRUKKD LABS https://strukkdlabs.vercel.app/  --- 📧 rjamscxx@gmail.com 🌐 strukkdlabs.vercel.app 💼 rj-portfolio-resume.vercel.app"
"info@bpi.com.ph","BPI Group","Quick question about BPI Group's tech needs","fintech","Good day,  I've been following BPI Group's growth and wanted to reach out.  I'm Robert James, founder of STRUKKD LABS. We're a full-stack development studio based in the Philippines.  Our team specializes in fintech development with compliance in mind.  I'd love to explore how we might support BPI Group's technical needs.  I'm happy to build a free prototype to show you what's possible.  Here's what we've been working on: - STRUKKD LABS: https://strukkdlabs.vercel.app/ - My portfolio: https://rj-portfolio-resume.vercel.app/  Totally understand if the timing isn't right. But if you're thinking about improving your digital presence, I'd love to help.  Cheers, Robert James Cabansay Founder, STRUKKD LABS https://strukkdlabs.vercel.app/  --- 📧 rjamscxx@gmail.com 🌐 strukkdlabs.vercel.app 💼 rj-portfolio-resume.vercel.app"
"careers@chromedia.com","Chromedia Inc.","Quick question about Chromedia Inc.'s tech needs","default","Hi there,  I noticed Chromedia Inc. in the software development consulting space and wanted to reach out.  I'm Robert James, founder of STRUKKD LABS. We're a full-stack development studio based in the Philippines.  Our team specializes in building web apps and systems for companies like Chromedia Inc..  I'd love to learn more about Chromedia Inc.'s challenges. Do you have 15 minutes for a quick chat?  I'm happy to build a free prototype to show you what's possible.  Here's what we've been working on: - STRUKKD LABS: https://strukkdlabs.vercel.app/ - My portfolio: https://rj-portfolio-resume.vercel.app/  Totally understand if the timing isn't right. But if you're thinking about improving your digital presence, I'd love to help.  Cheers, Robert James Cabansay Founder, STRUKKD LABS https://strukkdlabs.vercel.app/  --- 📧 rjamscxx@gmail.com 🌐 strukkdlabs.vercel.app 💼 rj-portfolio-resume.vercel.app"
"sales@hyperlinkinfosystem.com","Hyperlink InfoSystem PH","Quick question about Hyperlink InfoSystem PH's tech needs","default","Hi there,  While researching mobile app and web development services businesses, I found Hyperlink InfoSystem PH and thought of reaching out.  I'm Robert James, founder of STRUKKD LABS. We're a full-stack development studio based in the Philippines.  We help businesses like Hyperlink InfoSystem PH build custom software that saves time and increases revenue.  Would you be open to a quick 15-minute call to discuss how we might help Hyperlink InfoSystem PH?  I'm happy to build a free prototype to show you what's possible.  Here's what we've been working on: - STRUKKD LABS: https://strukkdlabs.vercel.app/ - My portfolio: https://rj-portfolio-resume.vercel.app/  Totally understand if the timing isn't right. But if you're thinking about improving your digital presence, I'd love to help.  Cheers, Robert James Cabansay Founder, STRUKKD LABS https://strukkdlabs.vercel.app/  --- 📧 rjamscxx@gmail.com 🌐 strukkdlabs.vercel.app 💼 rj-portfolio-resume.vercel.app"
"careers@you-source.com","You-Source Manila","Quick question about You-Source Manila's tech needs","default","Good day,  I noticed You-Source Manila in the software development and it consulting space and wanted to reach out.  I'm Robert James, founder of STRUKKD LABS. We're a full-stack development studio based in the Philippines.  Our team specializes in building web apps and systems for companies like You-Source Manila.  I'd love to learn more about You-Source Manila's challenges. Do you have 15 minutes for a quick chat?  I'm happy to build a free prototype to show you what's possible.  Here's what we've been working on: - STRUKKD LABS: https://strukkdlabs.vercel.app/ - My portfolio: https://rj-portfolio-resume.vercel.app/  Totally understand if the timing isn't right. But if you're thinking about improving your digital presence, I'd love to help.  Cheers, Robert James Cabansay Founder, STRUKKD LABS https://strukkdlabs.vercel.app/  --- 📧 rjamscxx@gmail.com 🌐 strukkdlabs.vercel.app 💼 rj-portfolio-resume.vercel.app"
"admin@horizoninc.com","Horizon Inc Pacific","Quick question about Horizon Inc Pacific's tech needs","default","Hi there,  While researching travel agency platform needing full-stack development businesses, I found Horizon Inc Pacific and thought of reaching out.  I'm Robert James, founder of STRUKKD LABS. We're a full-stack development studio based in the Philippines.  We help businesses like Horizon Inc Pacific build custom software that saves time and increases revenue.  Would you be open to a quick 15-minute call to discuss how we might help Horizon Inc Pacific?  I'm happy to build a free prototype to show you what's possible.  Here's what we've been working on: - STRUKKD LABS: https://strukkdlabs.vercel.app/ - My portfolio: https://rj-portfolio-resume.vercel.app/  Totally understand if the timing isn't right. But if you're thinking about improving your digital presence, I'd love to help.  Cheers, Robert James Cabansay Founder, STRUKKD LABS https://strukkdlabs.vercel.app/  --- 📧 rjamscxx@gmail.com 🌐 strukkdlabs.vercel.app 💼 rj-portfolio-resume.vercel.app"
"admin@crowngroup.com","Crown Group Express","Quick question about Crown Group Express's tech needs","default","Hi there,  I came across Crown Group Express and was impressed by what you're building.  I'm Robert James, founder of STRUKKD LABS. We're a full-stack development studio based in the Philippines.  We help businesses like Crown Group Express build custom software that saves time and increases revenue.  Would you be open to a quick 15-minute call to discuss how we might help Crown Group Express?  I'm happy to build a free prototype to show you what's possible.  Here's what we've been working on: - STRUKKD LABS: https://strukkdlabs.vercel.app/ - My portfolio: https://rj-portfolio-resume.vercel.app/  Totally understand if the timing isn't right. But if you're thinking about improving your digital presence, I'd love to help.  Cheers, Robert James Cabansay Founder, STRUKKD LABS https://strukkdlabs.vercel.app/  --- 📧 rjamscxx@gmail.com 🌐 strukkdlabs.vercel.app 💼 rj-portfolio-resume.vercel.app"
"contact@nexusworks.com","Nexus Works Express","Quick question about Nexus Works Express's tech needs","default","Good day,  While researching fashion accessories brand needing online catalog and store businesses, I found Nexus Works Express and thought of reaching out.  I'm Robert James, founder of STRUKKD LABS. We're a full-stack development studio based in the Philippines.  We've helped similar businesses streamline their operations with custom software solutions.  I'd love to learn more about Nexus Works Express's challenges. Do you have 15 minutes for a quick chat?  I'm happy to build a free prototype to show you what's possible.  Here's what we've been working on: - STRUKKD LABS: https://strukkdlabs.vercel.app/ - My portfolio: https://rj-portfolio-resume.vercel.app/  Totally understand if the timing isn't right. But if you're thinking about improving your digital presence, I'd love to help.  Cheers, Robert James Cabansay Founder, STRUKKD LABS https://strukkdlabs.vercel.app/  --- 📧 rjamscxx@gmail.com 🌐 strukkdlabs.vercel.app 💼 rj-portfolio-resume.vercel.app"
"support@titansystems.ph","Titan Systems Island","Quick question about Titan Systems Island's tech needs","default","Hello,  I came across Titan Systems Island and was impressed by what you're building.  I'm Robert James, founder of STRUKKD LABS. We're a full-stack development studio based in the Philippines.  Our team specializes in building web apps and systems for companies like Titan Systems Island.  I'd love to learn more about Titan Systems Island's challenges. Do you have 15 minutes for a quick chat?  I'm happy to build a free prototype to show you what's possible.  Here's what we've been working on: - STRUKKD LABS: https://strukkdlabs.vercel.app/ - My portfolio: https://rj-portfolio-resume.vercel.app/  Totally understand if the timing isn't right. But if you're thinking about improving your digital presence, I'd love to help.  Cheers, Robert James Cabansay Founder, STRUKKD LABS https://strukkdlabs.vercel.app/  --- 📧 rjamscxx@gmail.com 🌐 strukkdlabs.vercel.app 💼 rj-portfolio-resume.vercel.app"
"admin@novainc.com","Nova Inc","Quick question about Nova Inc's tech needs","default","Good day,  I noticed Nova Inc in the agricultural equipment supplier needing rental marketplace space and wanted to reach out.  I'm Robert James, founder of STRUKKD LABS. We're a full-stack development studio based in the Philippines.  We've helped similar businesses streamline their operations with custom software solutions.  I'd love to learn more about Nova Inc's challenges. Do you have 15 minutes for a quick chat?  I'm happy to build a free prototype to show you what's possible.  Here's what we've been working on: - STRUKKD LABS: https://strukkdlabs.vercel.app/ - My portfolio: https://rj-portfolio-resume.vercel.app/  Totally understand if the timing isn't right. But if you're thinking about improving your digital presence, I'd love to help.  Cheers, Robert James Cabansay Founder, STRUKKD LABS https://strukkdlabs.vercel.app/  --- 📧 rjamscxx@gmail.com 🌐 strukkdlabs.vercel.app 💼 rj-portfolio-resume.vercel.app"
"info@flowdigita.com","Flow Digital Philippines","Quick question about Flow Digital Philippines's tech needs","default","Hello,  While researching disaster relief organization needing logistics coordination platform businesses, I found Flow Digital Philippines and thought of reaching out.  I'm Robert James, founder of STRUKKD LABS. We're a full-stack development studio based in the Philippines.  Our team specializes in building web apps and systems for companies like Flow Digital Philippines.  Would you be open to a quick 15-minute call to discuss how we might help Flow Digital Philippines?  I'm happy to build a free prototype to show you what's possible.  Here's what we've been working on: - STRUKKD LABS: https://strukkdlabs.vercel.app/ - My portfolio: https://rj-portfolio-resume.vercel.app/  Totally understand if the timing isn't right. But if you're thinking about improving your digital presence, I'd love to help.  Cheers, Robert James Cabansay Founder, STRUKKD LABS https://strukkdlabs.vercel.app/  --- 📧 rjamscxx@gmail.com 🌐 strukkdlabs.vercel.app 💼 rj-portfolio-resume.vercel.app"
"hello@zenithglob.com","Zenith Global Metro","Quick question about Zenith Global Metro's tech needs","default","Hello,  I noticed Zenith Global Metro in the architectural firm needing project showcase and crm platform space and wanted to reach out.  I'm Robert James, founder of STRUKKD LABS. We're a full-stack development studio based in the Philippines.  We help businesses like Zenith Global Metro build custom software that saves time and increases revenue.  I'd love to learn more about Zenith Global Metro's challenges. Do you have 15 minutes for a quick chat?  I'm happy to build a free prototype to show you what's possible.  Here's what we've been working on: - STRUKKD LABS: https://strukkdlabs.vercel.app/ - My portfolio: https://rj-portfolio-resume.vercel.app/  Totally understand if the timing isn't right. But if you're thinking about improving your digital presence, I'd love to help.  Cheers, Robert James Cabansay Founder, STRUKKD LABS https://strukkdlabs.vercel.app/  --- 📧 rjamscxx@gmail.com 🌐 strukkdlabs.vercel.app 💼 rj-portfolio-resume.vercel.app"
"support@pulseworks.com","Pulse Works","Quick question about Pulse Works's tech needs","default","Good day,  I came across Pulse Works and was impressed by what you're building.  I'm Robert James, founder of STRUKKD LABS. We're a full-stack development studio based in the Philippines.  Our team specializes in building web apps and systems for companies like Pulse Works.  Would you be open to a quick 15-minute call to discuss how we might help Pulse Works?  I'm happy to build a free prototype to show you what's possible.  Here's what we've been working on: - STRUKKD LABS: https://strukkdlabs.vercel.app/ - My portfolio: https://rj-portfolio-resume.vercel.app/  Totally understand if the timing isn't right. But if you're thinking about improving your digital presence, I'd love to help.  Cheers, Robert James Cabansay Founder, STRUKKD LABS https://strukkdlabs.vercel.app/  --- 📧 rjamscxx@gmail.com 🌐 strukkdlabs.vercel.app 💼 rj-portfolio-resume.vercel.app"
"support@zenithdigi.com","Zenith Digital","Quick question about Zenith Digital's tech needs","default","Good day,  While researching renewable energy startup needing monitoring dashboard businesses, I found Zenith Digital and thought of reaching out.  I'm Robert James, founder of STRUKKD LABS. We're a full-stack development studio based in the Philippines.  We've helped similar businesses streamline their operations with custom software solutions.  I'd love to learn more about Zenith Digital's challenges. Do you have 15 minutes for a quick chat?  I'm happy to build a free prototype to show you what's possible.  Here's what we've been working on: - STRUKKD LABS: https://strukkdlabs.vercel.app/ - My portfolio: https://rj-portfolio-resume.vercel.app/  Totally understand if the timing isn't right. But if you're thinking about improving your digital presence, I'd love to help.  Cheers, Robert James Cabansay Founder, STRUKKD LABS https://strukkdlabs.vercel.app/  --- 📧 rjamscxx@gmail.com 🌐 strukkdlabs.vercel.app 💼 rj-portfolio-resume.vercel.app"
"info@horizonnet.com","Horizon Network Express","Quick question about Horizon Network Express's tech needs","default","Hello,  I noticed Horizon Network Express in the cloud kitchen operations needing order management system space and wanted to reach out.  I'm Robert James, founder of STRUKKD LABS. We're a full-stack development studio based in the Philippines.  We've helped similar businesses streamline their operations with custom software solutions.  Would you be open to a quick 15-minute call to discuss how we might help Horizon Network Express?  I'm happy to build a free prototype to show you what's possible.  Here's what we've been working on: - STRUKKD LABS: https://strukkdlabs.vercel.app/ - My portfolio: https://rj-portfolio-resume.vercel.app/  Totally understand if the timing isn't right. But if you're thinking about improving your digital presence, I'd love to help.  Cheers, Robert James Cabansay Founder, STRUKKD LABS https://strukkdlabs.vercel.app/  --- 📧 rjamscxx@gmail.com 🌐 strukkdlabs.vercel.app 💼 rj-portfolio-resume.vercel.app"
"info@elitecorp.com","Elite Corp","Quick question about Elite Corp's tech needs","default","Good day,  While researching car sharing startup needing vehicle management web application businesses, I found Elite Corp and thought of reaching out.  I'm Robert James, founder of STRUKKD LABS. We're a full-stack development studio based in the Philippines.  Our team specializes in building web apps and systems for companies like Elite Corp.  Would you be open to a quick 15-minute call to discuss how we might help Elite Corp?  I'm happy to build a free prototype to show you what's possible.  Here's what we've been working on: - STRUKKD LABS: https://strukkdlabs.vercel.app/ - My portfolio: https://rj-portfolio-resume.vercel.app/  Totally understand if the timing isn't right. But if you're thinking about improving your digital presence, I'd love to help.  Cheers, Robert James Cabansay Founder, STRUKKD LABS https://strukkdlabs.vercel.app/  --- 📧 rjamscxx@gmail.com 🌐 strukkdlabs.vercel.app 💼 rj-portfolio-resume.vercel.app"
"support@horizonnet.com","Horizon Network Philippines","Quick question about Horizon Network Philippines's tech needs","default","Hi there,  I noticed Horizon Network Philippines in the wellness center needing booking and membership platform space and wanted to reach out.  I'm Robert James, founder of STRUKKD LABS. We're a full-stack development studio based in the Philippines.  Our team specializes in building web apps and systems for companies like Horizon Network Philippines.  I'd love to learn more about Horizon Network Philippines's challenges. Do you have 15 minutes for a quick chat?  I'm happy to build a free prototype to show you what's possible.  Here's what we've been working on: - STRUKKD LABS: https://strukkdlabs.vercel.app/ - My portfolio: https://rj-portfolio-resume.vercel.app/  Totally understand if the timing isn't right. But if you're thinking about improving your digital presence, I'd love to help.  Cheers, Robert James Cabansay Founder, STRUKKD LABS https://strukkdlabs.vercel.app/  --- 📧 rjamscxx@gmail.com 🌐 strukkdlabs.vercel.app 💼 rj-portfolio-resume.vercel.app"
"info@nexusdigitalph.com","Nexus Digital Philippines","Quick question about Nexus Digital Philippines's tech needs","default","Hello,  I came across Nexus Digital Philippines and was impressed by what you're building.  I'm Robert James, founder of STRUKKD LABS. We're a full-stack development studio based in the Philippines.  We've helped similar businesses streamline their operations with custom software solutions.  Would you be open to a quick 15-minute call to discuss how we might help Nexus Digital Philippines?  I'm happy to build a free prototype to show you what's possible.  Here's what we've been working on: - STRUKKD LABS: https://strukkdlabs.vercel.app/ - My portfolio: https://rj-portfolio-resume.vercel.app/  Totally understand if the timing isn't right. But if you're thinking about improving your digital presence, I'd love to help.  Cheers, Robert James Cabansay Founder, STRUKKD LABS https://strukkdlabs.vercel.app/  --- 📧 rjamscxx@gmail.com 🌐 strukkdlabs.vercel.app 💼 rj-portfolio-resume.vercel.app"
"contact@swiftinc.com","Swift Inc","Quick question about Swift Inc's tech needs","default","Hello,  I came across Swift Inc and was impressed by what you're building.  I'm Robert James, founder of STRUKKD LABS. We're a full-stack development studio based in the Philippines.  We help businesses like Swift Inc build custom software that saves time and increases revenue.  I'd love to learn more about Swift Inc's challenges. Do you have 15 minutes for a quick chat?  I'm happy to build a free prototype to show you what's possible.  Here's what we've been working on: - STRUKKD LABS: https://strukkdlabs.vercel.app/ - My portfolio: https://rj-portfolio-resume.vercel.app/  Totally understand if the timing isn't right. But if you're thinking about improving your digital presence, I'd love to help.  Cheers, Robert James Cabansay Founder, STRUKKD LABS https://strukkdlabs.vercel.app/  --- 📧 rjamscxx@gmail.com 🌐 strukkdlabs.vercel.app 💼 rj-portfolio-resume.vercel.app"
"contact@coresystem.com","Core Systems Pacific","Quick question about Core Systems Pacific's tech needs","default","Hi there,  While researching car rental service needing reservation and fleet management system businesses, I found Core Systems Pacific and thought of reaching out.  I'm Robert James, founder of STRUKKD LABS. We're a full-stack development studio based in the Philippines.  We help businesses like Core Systems Pacific build custom software that saves time and increases revenue.  I'd love to learn more about Core Systems Pacific's challenges. Do you have 15 minutes for a quick chat?  I'm happy to build a free prototype to show you what's possible.  Here's what we've been working on: - STRUKKD LABS: https://strukkdlabs.vercel.app/ - My portfolio: https://rj-portfolio-resume.vercel.app/  Totally understand if the timing isn't right. But if you're thinking about improving your digital presence, I'd love to help.  Cheers, Robert James Cabansay Founder, STRUKKD LABS https://strukkdlabs.vercel.app/  --- 📧 rjamscxx@gmail.com 🌐 strukkdlabs.vercel.app 💼 rj-portfolio-resume.vercel.app"
"info@flowglobal.com","Flow Global Pacific 1","Quick question about Flow Global Pacific 1's tech needs","default","Hi there,  I noticed Flow Global Pacific 1 in the hr management saas platform seeking full-stack developers space and wanted to reach out.  I'm Robert James, founder of STRUKKD LABS. We're a full-stack development studio based in the Philippines.  Our team specializes in building web apps and systems for companies like Flow Global Pacific 1.  Would you be open to a quick 15-minute call to discuss how we might help Flow Global Pacific 1?  I'm happy to build a free prototype to show you what's possible.  Here's what we've been working on: - STRUKKD LABS: https://strukkdlabs.vercel.app/ - My portfolio: https://rj-portfolio-resume.vercel.app/  Totally understand if the timing isn't right. But if you're thinking about improving your digital presence, I'd love to help.  Cheers, Robert James Cabansay Founder, STRUKKD LABS https://strukkdlabs.vercel.app/  --- 📧 rjamscxx@gmail.com 🌐 strukkdlabs.vercel.app 💼 rj-portfolio-resume.vercel.app"
"info@echoglobal.com","Echo Global","Quick question about Echo Global's tech needs","default","Good day,  I noticed Echo Global in the agricultural export firm needing b2b trading platform space and wanted to reach out.  I'm Robert James, founder of STRUKKD LABS. We're a full-stack development studio based in the Philippines.  We help businesses like Echo Global build custom software that saves time and increases revenue.  I'd love to learn more about Echo Global's challenges. Do you have 15 minutes for a quick chat?  I'm happy to build a free prototype to show you what's possible.  Here's what we've been working on: - STRUKKD LABS: https://strukkdlabs.vercel.app/ - My portfolio: https://rj-portfolio-resume.vercel.app/  Totally understand if the timing isn't right. But if you're thinking about improving your digital presence, I'd love to help.  Cheers, Robert James Cabansay Founder, STRUKKD LABS https://strukkdlabs.vercel.app/  --- 📧 rjamscxx@gmail.com 🌐 strukkdlabs.vercel.app 💼 rj-portfolio-resume.vercel.app"
"info@zenithdigi.com","Zenith Digital Pacific","Quick question about Zenith Digital Pacific's tech needs","default","Hi there,  I noticed Zenith Digital Pacific in the construction materials supplier needing catalog and ordering system space and wanted to reach out.  I'm Robert James, founder of STRUKKD LABS. We're a full-stack development studio based in the Philippines.  We've helped similar businesses streamline their operations with custom software solutions.  I'd love to learn more about Zenith Digital Pacific's challenges. Do you have 15 minutes for a quick chat?  I'm happy to build a free prototype to show you what's possible.  Here's what we've been working on: - STRUKKD LABS: https://strukkdlabs.vercel.app/ - My portfolio: https://rj-portfolio-resume.vercel.app/  Totally understand if the timing isn't right. But if you're thinking about improving your digital presence, I'd love to help.  Cheers, Robert James Cabansay Founder, STRUKKD LABS https://strukkdlabs.vercel.app/  --- 📧 rjamscxx@gmail.com 🌐 strukkdlabs.vercel.app 💼 rj-portfolio-resume.vercel.app"
"contact@coredigita.com","Core Digital Pacific","Quick question about Core Digital Pacific's tech needs","default","Hi there,  While researching environmental advocacy group needing awareness campaign website businesses, I found Core Digital Pacific and thought of reaching out.  I'm Robert James, founder of STRUKKD LABS. We're a full-stack development studio based in the Philippines.  We help businesses like Core Digital Pacific build custom software that saves time and increases revenue.  Would you be open to a quick 15-minute call to discuss how we might help Core Digital Pacific?  I'm happy to build a free prototype to show you what's possible.  Here's what we've been working on: - STRUKKD LABS: https://strukkdlabs.vercel.app/ - My portfolio: https://rj-portfolio-resume.vercel.app/  Totally understand if the timing isn't right. But if you're thinking about improving your digital presence, I'd love to help.  Cheers, Robert James Cabansay Founder, STRUKKD LABS https://strukkdlabs.vercel.app/  --- 📧 rjamscxx@gmail.com 🌐 strukkdlabs.vercel.app 💼 rj-portfolio-resume.vercel.app"
"admin@edgeglobal.com","Edge Global PH","Quick question about Edge Global PH's tech needs","default","Good day,  I came across Edge Global PH and was impressed by what you're building.  I'm Robert James, founder of STRUKKD LABS. We're a full-stack development studio based in the Philippines.  We've helped similar businesses streamline their operations with custom software solutions.  I'd love to learn more about Edge Global PH's challenges. Do you have 15 minutes for a quick chat?  I'm happy to build a free prototype to show you what's possible.  Here's what we've been working on: - STRUKKD LABS: https://strukkdlabs.vercel.app/ - My portfolio: https://rj-portfolio-resume.vercel.app/  Totally understand if the timing isn't right. But if you're thinking about improving your digital presence, I'd love to help.  Cheers, Robert James Cabansay Founder, STRUKKD LABS https://strukkdlabs.vercel.app/  --- 📧 rjamscxx@gmail.com 🌐 strukkdlabs.vercel.app 💼 rj-portfolio-resume.vercel.app"
"admin@novagroupp.com","Nova Group PH","Quick question about Nova Group PH's tech needs","default","Good day,  I came across Nova Group PH and was impressed by what you're building.  I'm Robert James, founder of STRUKKD LABS. We're a full-stack development studio based in the Philippines.  Our team specializes in building web apps and systems for companies like Nova Group PH.  I'd love to learn more about Nova Group PH's challenges. Do you have 15 minutes for a quick chat?  I'm happy to build a free prototype to show you what's possible.  Here's what we've been working on: - STRUKKD LABS: https://strukkdlabs.vercel.app/ - My portfolio: https://rj-portfolio-resume.vercel.app/  Totally understand if the timing isn't right. But if you're thinking about improving your digital presence, I'd love to help.  Cheers, Robert James Cabansay Founder, STRUKKD LABS https://strukkdlabs.vercel.app/  --- 📧 rjamscxx@gmail.com 🌐 strukkdlabs.vercel.app 💼 rj-portfolio-resume.vercel.app"
"hello@primetech.com.ph","Prime Tech","Quick question about Prime Tech's tech needs","restaurant","Hi there,  I've heard great things about Prime Tech and wanted to reach out.  I'm Robert James, founder of STRUKKD LABS. We're a full-stack development studio based in the Philippines.  We help restaurants like Prime Tech build online ordering systems that increase sales by 30%.  Would you be open to a quick 15-minute call to discuss how we might help Prime Tech?  I'm happy to build a free prototype to show you what's possible.  Here's what we've been working on: - STRUKKD LABS: https://strukkdlabs.vercel.app/ - My portfolio: https://rj-portfolio-resume.vercel.app/  Totally understand if the timing isn't right. But if you're thinking about improving your digital presence, I'd love to help.  Cheers, Robert James Cabansay Founder, STRUKKD LABS https://strukkdlabs.vercel.app/  --- 📧 rjamscxx@gmail.com 🌐 strukkdlabs.vercel.app 💼 rj-portfolio-resume.vercel.app"
"contact@novatechpa.com","Nova Tech Pacific","Quick question about Nova Tech Pacific's tech needs","default","Hello,  I came across Nova Tech Pacific and was impressed by what you're building.  I'm Robert James, founder of STRUKKD LABS. We're a full-stack development studio based in the Philippines.  We've helped similar businesses streamline their operations with custom software solutions.  I'd love to learn more about Nova Tech Pacific's challenges. Do you have 15 minutes for a quick chat?  I'm happy to build a free prototype to show you what's possible.  Here's what we've been working on: - STRUKKD LABS: https://strukkdlabs.vercel.app/ - My portfolio: https://rj-portfolio-resume.vercel.app/  Totally understand if the timing isn't right. But if you're thinking about improving your digital presence, I'd love to help.  Cheers, Robert James Cabansay Founder, STRUKKD LABS https://strukkdlabs.vercel.app/  --- 📧 rjamscxx@gmail.com 🌐 strukkdlabs.vercel.app 💼 rj-portfolio-resume.vercel.app"
"hello@novaglobal.com","Nova Global PH","Quick question about Nova Global PH's tech needs","default","Hi there,  I noticed Nova Global PH in the dropshipping platform needing custom backend system space and wanted to reach out.  I'm Robert James, founder of STRUKKD LABS. We're a full-stack development studio based in the Philippines.  Our team specializes in building web apps and systems for companies like Nova Global PH.  Would you be open to a quick 15-minute call to discuss how we might help Nova Global PH?  I'm happy to build a free prototype to show you what's possible.  Here's what we've been working on: - STRUKKD LABS: https://strukkdlabs.vercel.app/ - My portfolio: https://rj-portfolio-resume.vercel.app/  Totally understand if the timing isn't right. But if you're thinking about improving your digital presence, I'd love to help.  Cheers, Robert James Cabansay Founder, STRUKKD LABS https://strukkdlabs.vercel.app/  --- 📧 rjamscxx@gmail.com 🌐 strukkdlabs.vercel.app 💼 rj-portfolio-resume.vercel.app"
"inquiries@nexustech.com","Nexus Tech","Quick question about Nexus Tech's tech needs","default","Hi there,  I came across Nexus Tech and was impressed by what you're building.  I'm Robert James, founder of STRUKKD LABS. We're a full-stack development studio based in the Philippines.  Our team specializes in building web apps and systems for companies like Nexus Tech.  Would you be open to a quick 15-minute call to discuss how we might help Nexus Tech?  I'm happy to build a free prototype to show you what's possible.  Here's what we've been working on: - STRUKKD LABS: https://strukkdlabs.vercel.app/ - My portfolio: https://rj-portfolio-resume.vercel.app/  Totally understand if the timing isn't right. But if you're thinking about improving your digital presence, I'd love to help.  Cheers, Robert James Cabansay Founder, STRUKKD LABS https://strukkdlabs.vercel.app/  --- 📧 rjamscxx@gmail.com 🌐 strukkdlabs.vercel.app 💼 rj-portfolio-resume.vercel.app"
"contact@sparkco.com","Spark Co","Quick question about Spark Co's tech needs","default","Hello,  I noticed Spark Co in the tour operator company needing booking and itinerary system space and wanted to reach out.  I'm Robert James, founder of STRUKKD LABS. We're a full-stack development studio based in the Philippines.  Our team specializes in building web apps and systems for companies like Spark Co.  Would you be open to a quick 15-minute call to discuss how we might help Spark Co?  I'm happy to build a free prototype to show you what's possible.  Here's what we've been working on: - STRUKKD LABS: https://strukkdlabs.vercel.app/ - My portfolio: https://rj-portfolio-resume.vercel.app/  Totally understand if the timing isn't right. But if you're thinking about improving your digital presence, I'd love to help.  Cheers, Robert James Cabansay Founder, STRUKKD LABS https://strukkdlabs.vercel.app/  --- 📧 rjamscxx@gmail.com 🌐 strukkdlabs.vercel.app 💼 rj-portfolio-resume.vercel.app"
"contact@horizonlab.com","Horizon Labs Express","Quick question about Horizon Labs Express's tech needs","default","Good day,  I came across Horizon Labs Express and was impressed by what you're building.  I'm Robert James, founder of STRUKKD LABS. We're a full-stack development studio based in the Philippines.  We've helped similar businesses streamline their operations with custom software solutions.  I'd love to learn more about Horizon Labs Express's challenges. Do you have 15 minutes for a quick chat?  I'm happy to build a free prototype to show you what's possible.  Here's what we've been working on: - STRUKKD LABS: https://strukkdlabs.vercel.app/ - My portfolio: https://rj-portfolio-resume.vercel.app/  Totally understand if the timing isn't right. But if you're thinking about improving your digital presence, I'd love to help.  Cheers, Robert James Cabansay Founder, STRUKKD LABS https://strukkdlabs.vercel.app/  --- 📧 rjamscxx@gmail.com 🌐 strukkdlabs.vercel.app 💼 rj-portfolio-resume.vercel.app"
"inquiries@horizonsol.com","Horizon Solutions PH","Quick question about Horizon Solutions PH's tech needs","default","Hi there,  I noticed Horizon Solutions PH in the corporate training provider needing lms and certification system space and wanted to reach out.  I'm Robert James, founder of STRUKKD LABS. We're a full-stack development studio based in the Philippines.  Our team specializes in building web apps and systems for companies like Horizon Solutions PH.  I'd love to learn more about Horizon Solutions PH's challenges. Do you have 15 minutes for a quick chat?  I'm happy to build a free prototype to show you what's possible.  Here's what we've been working on: - STRUKKD LABS: https://strukkdlabs.vercel.app/ - My portfolio: https://rj-portfolio-resume.vercel.app/  Totally understand if the timing isn't right. But if you're thinking about improving your digital presence, I'd love to help.  Cheers, Robert James Cabansay Founder, STRUKKD LABS https://strukkdlabs.vercel.app/  --- 📧 rjamscxx@gmail.com 🌐 strukkdlabs.vercel.app 💼 rj-portfolio-resume.vercel.app"
"info@primeventu.com","Prime Ventures Island","Quick question about Prime Ventures Island's tech needs","default","Hello,  While researching digital bank needing customer onboarding platform businesses, I found Prime Ventures Island and thought of reaching out.  I'm Robert James, founder of STRUKKD LABS. We're a full-stack development studio based in the Philippines.  We've helped similar businesses streamline their operations with custom software solutions.  I'd love to learn more about Prime Ventures Island's challenges. Do you have 15 minutes for a quick chat?  I'm happy to build a free prototype to show you what's possible.  Here's what we've been working on: - STRUKKD LABS: https://strukkdlabs.vercel.app/ - My portfolio: https://rj-portfolio-resume.vercel.app/  Totally understand if the timing isn't right. But if you're thinking about improving your digital presence, I'd love to help.  Cheers, Robert James Cabansay Founder, STRUKKD LABS https://strukkdlabs.vercel.app/  --- 📧 rjamscxx@gmail.com 🌐 strukkdlabs.vercel.app 💼 rj-portfolio-resume.vercel.app"
"contact@summitstud.com","Summit Studio","Quick question about Summit Studio's tech needs","default","Hi there,  I noticed Summit Studio in the entertainment production house needing project management portal space and wanted to reach out.  I'm Robert James, founder of STRUKKD LABS. We're a full-stack development studio based in the Philippines.  We've helped similar businesses streamline their operations with custom software solutions.  I'd love to learn more about Summit Studio's challenges. Do you have 15 minutes for a quick chat?  I'm happy to build a free prototype to show you what's possible.  Here's what we've been working on: - STRUKKD LABS: https://strukkdlabs.vercel.app/ - My portfolio: https://rj-portfolio-resume.vercel.app/  Totally understand if the timing isn't right. But if you're thinking about improving your digital presence, I'd love to help.  Cheers, Robert James Cabansay Founder, STRUKKD LABS https://strukkdlabs.vercel.app/  --- 📧 rjamscxx@gmail.com 🌐 strukkdlabs.vercel.app 💼 rj-portfolio-resume.vercel.app"
"inquiries@quantumtec.com","Quantum Tech PH 1","Quick question about Quantum Tech PH 1's tech needs","default","Hello,  I came across Quantum Tech PH 1 and was impressed by what you're building.  I'm Robert James, founder of STRUKKD LABS. We're a full-stack development studio based in the Philippines.  Our team specializes in building web apps and systems for companies like Quantum Tech PH 1.  I'd love to learn more about Quantum Tech PH 1's challenges. Do you have 15 minutes for a quick chat?  I'm happy to build a free prototype to show you what's possible.  Here's what we've been working on: - STRUKKD LABS: https://strukkdlabs.vercel.app/ - My portfolio: https://rj-portfolio-resume.vercel.app/  Totally understand if the timing isn't right. But if you're thinking about improving your digital presence, I'd love to help.  Cheers, Robert James Cabansay Founder, STRUKKD LABS https://strukkdlabs.vercel.app/  --- 📧 rjamscxx@gmail.com 🌐 strukkdlabs.vercel.app 💼 rj-portfolio-resume.vercel.app"
"inquiries@pacificcod.com","Pacific Co Direct","Quick question about Pacific Co Direct's tech needs","default","Hi there,  I noticed Pacific Co Direct in the juice bar chain needing subscription and ordering web app space and wanted to reach out.  I'm Robert James, founder of STRUKKD LABS. We're a full-stack development studio based in the Philippines.  Our team specializes in building web apps and systems for companies like Pacific Co Direct.  I'd love to learn more about Pacific Co Direct's challenges. Do you have 15 minutes for a quick chat?  I'm happy to build a free prototype to show you what's possible.  Here's what we've been working on: - STRUKKD LABS: https://strukkdlabs.vercel.app/ - My portfolio: https://rj-portfolio-resume.vercel.app/  Totally understand if the timing isn't right. But if you're thinking about improving your digital presence, I'd love to help.  Cheers, Robert James Cabansay Founder, STRUKKD LABS https://strukkdlabs.vercel.app/  --- 📧 rjamscxx@gmail.com 🌐 strukkdlabs.vercel.app 💼 rj-portfolio-resume.vercel.app"
"info@peaksystem.com","Peak Systems PH","Quick question about Peak Systems PH's tech needs","default","Hello,  I noticed Peak Systems PH in the adventure travel company needing activity booking web app space and wanted to reach out.  I'm Robert James, founder of STRUKKD LABS. We're a full-stack development studio based in the Philippines.  Our team specializes in building web apps and systems for companies like Peak Systems PH.  Would you be open to a quick 15-minute call to discuss how we might help Peak Systems PH?  I'm happy to build a free prototype to show you what's possible.  Here's what we've been working on: - STRUKKD LABS: https://strukkdlabs.vercel.app/ - My portfolio: https://rj-portfolio-resume.vercel.app/  Totally understand if the timing isn't right. But if you're thinking about improving your digital presence, I'd love to help.  Cheers, Robert James Cabansay Founder, STRUKKD LABS https://strukkdlabs.vercel.app/  --- 📧 rjamscxx@gmail.com 🌐 strukkdlabs.vercel.app 💼 rj-portfolio-resume.vercel.app"
"contact@primehubph.com","Prime Hub Philippines","Quick question about Prime Hub Philippines's tech needs","default","Hi there,  While researching renewable energy startup needing monitoring dashboard businesses, I found Prime Hub Philippines and thought of reaching out.  I'm Robert James, founder of STRUKKD LABS. We're a full-stack development studio based in the Philippines.  We've helped similar businesses streamline their operations with custom software solutions.  I'd love to learn more about Prime Hub Philippines's challenges. Do you have 15 minutes for a quick chat?  I'm happy to build a free prototype to show you what's possible.  Here's what we've been working on: - STRUKKD LABS: https://strukkdlabs.vercel.app/ - My portfolio: https://rj-portfolio-resume.vercel.app/  Totally understand if the timing isn't right. But if you're thinking about improving your digital presence, I'd love to help.  Cheers, Robert James Cabansay Founder, STRUKKD LABS https://strukkdlabs.vercel.app/  --- 📧 rjamscxx@gmail.com 🌐 strukkdlabs.vercel.app 💼 rj-portfolio-resume.vercel.app"
"hello@vibestudio.com","Vibe Studio Express","Quick question about Vibe Studio Express's tech needs","default","Hi there,  I noticed Vibe Studio Express in the technical-vocational institute needing enrollment and lms space and wanted to reach out.  I'm Robert James, founder of STRUKKD LABS. We're a full-stack development studio based in the Philippines.  We help businesses like Vibe Studio Express build custom software that saves time and increases revenue.  Would you be open to a quick 15-minute call to discuss how we might help Vibe Studio Express?  I'm happy to build a free prototype to show you what's possible.  Here's what we've been working on: - STRUKKD LABS: https://strukkdlabs.vercel.app/ - My portfolio: https://rj-portfolio-resume.vercel.app/  Totally understand if the timing isn't right. But if you're thinking about improving your digital presence, I'd love to help.  Cheers, Robert James Cabansay Founder, STRUKKD LABS https://strukkdlabs.vercel.app/  --- 📧 rjamscxx@gmail.com 🌐 strukkdlabs.vercel.app 💼 rj-portfolio-resume.vercel.app"
"contact@quantumlab.com","Quantum Labs Island","Quick question about Quantum Labs Island's tech needs","default","Good day,  I came across Quantum Labs Island and was impressed by what you're building.  I'm Robert James, founder of STRUKKD LABS. We're a full-stack development studio based in the Philippines.  We help businesses like Quantum Labs Island build custom software that saves time and increases revenue.  I'd love to learn more about Quantum Labs Island's challenges. Do you have 15 minutes for a quick chat?  I'm happy to build a free prototype to show you what's possible.  Here's what we've been working on: - STRUKKD LABS: https://strukkdlabs.vercel.app/ - My portfolio: https://rj-portfolio-resume.vercel.app/  Totally understand if the timing isn't right. But if you're thinking about improving your digital presence, I'd love to help.  Cheers, Robert James Cabansay Founder, STRUKKD LABS https://strukkdlabs.vercel.app/  --- 📧 rjamscxx@gmail.com 🌐 strukkdlabs.vercel.app 💼 rj-portfolio-resume.vercel.app"
"inquiries@atlasworks.com","Atlas Works Express 1","Quick question about Atlas Works Express 1's tech needs","default","Hi there,  I came across Atlas Works Express 1 and was impressed by what you're building.  I'm Robert James, founder of STRUKKD LABS. We're a full-stack development studio based in the Philippines.  Our team specializes in building web apps and systems for companies like Atlas Works Express 1.  I'd love to learn more about Atlas Works Express 1's challenges. Do you have 15 minutes for a quick chat?  I'm happy to build a free prototype to show you what's possible.  Here's what we've been working on: - STRUKKD LABS: https://strukkdlabs.vercel.app/ - My portfolio: https://rj-portfolio-resume.vercel.app/  Totally understand if the timing isn't right. But if you're thinking about improving your digital presence, I'd love to help.  Cheers, Robert James Cabansay Founder, STRUKKD LABS https://strukkdlabs.vercel.app/  --- 📧 rjamscxx@gmail.com 🌐 strukkdlabs.vercel.app 💼 rj-portfolio-resume.vercel.app"
"info@peakstudio.com","Peak Studio Express","Quick question about Peak Studio Express's tech needs","default","Hello,  I noticed Peak Studio Express in the podcast network needing hosting and distribution platform space and wanted to reach out.  I'm Robert James, founder of STRUKKD LABS. We're a full-stack development studio based in the Philippines.  We help businesses like Peak Studio Express build custom software that saves time and increases revenue.  Would you be open to a quick 15-minute call to discuss how we might help Peak Studio Express?  I'm happy to build a free prototype to show you what's possible.  Here's what we've been working on: - STRUKKD LABS: https://strukkdlabs.vercel.app/ - My portfolio: https://rj-portfolio-resume.vercel.app/  Totally understand if the timing isn't right. But if you're thinking about improving your digital presence, I'd love to help.  Cheers, Robert James Cabansay Founder, STRUKKD LABS https://strukkdlabs.vercel.app/  --- 📧 rjamscxx@gmail.com 🌐 strukkdlabs.vercel.app 💼 rj-portfolio-resume.vercel.app"
"maria.santos@gmail.com","Maria Santos","Quick question about Maria Santos's tech needs","default","Hello,  While researching bakery owner looking for online ordering system businesses, I found Maria Santos and thought of reaching out.  I'm Robert James, founder of STRUKKD LABS. We're a full-stack development studio based in the Philippines.  We help businesses like Maria Santos build custom software that saves time and increases revenue.  Would you be open to a quick 15-minute call to discuss how we might help Maria Santos?  I'm happy to build a free prototype to show you what's possible.  Here's what we've been working on: - STRUKKD LABS: https://strukkdlabs.vercel.app/ - My portfolio: https://rj-portfolio-resume.vercel.app/  Totally understand if the timing isn't right. But if you're thinking about improving your digital presence, I'd love to help.  Cheers, Robert James Cabansay Founder, STRUKKD LABS https://strukkdlabs.vercel.app/  --- 📧 rjamscxx@gmail.com 🌐 strukkdlabs.vercel.app 💼 rj-portfolio-resume.vercel.app"
"juan.delacruz@yahoo.com","Juan Dela Cruz","Quick question about Juan Dela Cruz's tech needs","restaurant","Hi there,  I came across Juan Dela Cruz and love what you're doing with food in Quezon City.  I'm Robert James, founder of STRUKKD LABS. We're a full-stack development studio based in the Philippines.  We've helped similar restaurants streamline their operations with custom software.  I'd love to learn more about Juan Dela Cruz's challenges. Do you have 15 minutes for a quick chat?  I'm happy to build a free prototype to show you what's possible.  Here's what we've been working on: - STRUKKD LABS: https://strukkdlabs.vercel.app/ - My portfolio: https://rj-portfolio-resume.vercel.app/  Totally understand if the timing isn't right. But if you're thinking about improving your digital presence, I'd love to help.  Cheers, Robert James Cabansay Founder, STRUKKD LABS https://strukkdlabs.vercel.app/  --- 📧 rjamscxx@gmail.com 🌐 strukkdlabs.vercel.app 💼 rj-portfolio-resume.vercel.app"
"ana.reyes@outlook.com","Ana Reyes","Quick question about Ana Reyes's tech needs","default","Hi there,  While researching fashion boutique owner needing e-commerce website businesses, I found Ana Reyes and thought of reaching out.  I'm Robert James, founder of STRUKKD LABS. We're a full-stack development studio based in the Philippines.  We help businesses like Ana Reyes build custom software that saves time and increases revenue.  Would you be open to a quick 15-minute call to discuss how we might help Ana Reyes?  I'm happy to build a free prototype to show you what's possible.  Here's what we've been working on: - STRUKKD LABS: https://strukkdlabs.vercel.app/ - My portfolio: https://rj-portfolio-resume.vercel.app/  Totally understand if the timing isn't right. But if you're thinking about improving your digital presence, I'd love to help.  Cheers, Robert James Cabansay Founder, STRUKKD LABS https://strukkdlabs.vercel.app/  --- 📧 rjamscxx@gmail.com 🌐 strukkdlabs.vercel.app 💼 rj-portfolio-resume.vercel.app"
"carlos.garcia@gmail.com","Carlos Garcia","Quick question about Carlos Garcia's tech needs","default","Hello,  I noticed Carlos Garcia in the fitness studio owner needing booking system space and wanted to reach out.  I'm Robert James, founder of STRUKKD LABS. We're a full-stack development studio based in the Philippines.  Our team specializes in building web apps and systems for companies like Carlos Garcia.  I'd love to learn more about Carlos Garcia's challenges. Do you have 15 minutes for a quick chat?  I'm happy to build a free prototype to show you what's possible.  Here's what we've been working on: - STRUKKD LABS: https://strukkdlabs.vercel.app/ - My portfolio: https://rj-portfolio-resume.vercel.app/  Totally understand if the timing isn't right. But if you're thinking about improving your digital presence, I'd love to help.  Cheers, Robert James Cabansay Founder, STRUKKD LABS https://strukkdlabs.vercel.app/  --- 📧 rjamscxx@gmail.com 🌐 strukkdlabs.vercel.app 💼 rj-portfolio-resume.vercel.app"
"sofia.martinez@yahoo.com","Sofia Martinez","Quick question about Sofia Martinez's tech needs","default","Hi there,  I noticed Sofia Martinez in the clinic owner needing patient management system space and wanted to reach out.  I'm Robert James, founder of STRUKKD LABS. We're a full-stack development studio based in the Philippines.  We've helped similar businesses streamline their operations with custom software solutions.  I'd love to learn more about Sofia Martinez's challenges. Do you have 15 minutes for a quick chat?  I'm happy to build a free prototype to show you what's possible.  Here's what we've been working on: - STRUKKD LABS: https://strukkdlabs.vercel.app/ - My portfolio: https://rj-portfolio-resume.vercel.app/  Totally understand if the timing isn't right. But if you're thinking about improving your digital presence, I'd love to help.  Cheers, Robert James Cabansay Founder, STRUKKD LABS https://strukkdlabs.vercel.app/  --- 📧 rjamscxx@gmail.com 🌐 strukkdlabs.vercel.app 💼 rj-portfolio-resume.vercel.app"
"miguel.torres@gmail.com","Miguel Torres","Quick question about Miguel Torres's tech needs","cafe","Hi there,  Your cafe concept looks amazing! I wanted to reach out about tech solutions.  I'm Robert James, founder of STRUKKD LABS. We're a full-stack development studio based in the Philippines.  We help cafes build loyalty programs and mobile ordering apps.  Free for a quick virtual coffee? I have some ideas specific to Miguel Torres.  I'm happy to build a free prototype to show you what's possible.  Here's what we've been working on: - STRUKKD LABS: https://strukkdlabs.vercel.app/ - My portfolio: https://rj-portfolio-resume.vercel.app/  Totally understand if the timing isn't right. But if you're thinking about improving your digital presence, I'd love to help.  Cheers, Robert James Cabansay Founder, STRUKKD LABS https://strukkdlabs.vercel.app/  --- 📧 rjamscxx@gmail.com 🌐 strukkdlabs.vercel.app 💼 rj-portfolio-resume.vercel.app"
"isabella.lopez@outlook.com","Isabella Lopez","Quick question about Isabella Lopez's tech needs","default","Hello,  I noticed Isabella Lopez in the salon owner needing appointment booking system space and wanted to reach out.  I'm Robert James, founder of STRUKKD LABS. We're a full-stack development studio based in the Philippines.  We help businesses like Isabella Lopez build custom software that saves time and increases revenue.  I'd love to learn more about Isabella Lopez's challenges. Do you have 15 minutes for a quick chat?  I'm happy to build a free prototype to show you what's possible.  Here's what we've been working on: - STRUKKD LABS: https://strukkdlabs.vercel.app/ - My portfolio: https://rj-portfolio-resume.vercel.app/  Totally understand if the timing isn't right. But if you're thinking about improving your digital presence, I'd love to help.  Cheers, Robert James Cabansay Founder, STRUKKD LABS https://strukkdlabs.vercel.app/  --- 📧 rjamscxx@gmail.com 🌐 strukkdlabs.vercel.app 💼 rj-portfolio-resume.vercel.app"
"rafael.cruz@gmail.com","Rafael Cruz","Quick question about Rafael Cruz's tech needs","default","Good day,  I came across Rafael Cruz and was impressed by what you're building.  I'm Robert James, founder of STRUKKD LABS. We're a full-stack development studio based in the Philippines.  Our team specializes in building web apps and systems for companies like Rafael Cruz.  I'd love to learn more about Rafael Cruz's challenges. Do you have 15 minutes for a quick chat?  I'm happy to build a free prototype to show you what's possible.  Here's what we've been working on: - STRUKKD LABS: https://strukkdlabs.vercel.app/ - My portfolio: https://rj-portfolio-resume.vercel.app/  Totally understand if the timing isn't right. But if you're thinking about improving your digital presence, I'd love to help.  Cheers, Robert James Cabansay Founder, STRUKKD LABS https://strukkdlabs.vercel.app/  --- 📧 rjamscxx@gmail.com 🌐 strukkdlabs.vercel.app 💼 rj-portfolio-resume.vercel.app"
"camila.gonzalez@yahoo.com","Camila Gonzalez","Quick question about Camila Gonzalez's tech needs","default","Hi there,  I came across Camila Gonzalez and was impressed by what you're building.  I'm Robert James, founder of STRUKKD LABS. We're a full-stack development studio based in the Philippines.  We help businesses like Camila Gonzalez build custom software that saves time and increases revenue.  I'd love to learn more about Camila Gonzalez's challenges. Do you have 15 minutes for a quick chat?  I'm happy to build a free prototype to show you what's possible.  Here's what we've been working on: - STRUKKD LABS: https://strukkdlabs.vercel.app/ - My portfolio: https://rj-portfolio-resume.vercel.app/  Totally understand if the timing isn't right. But if you're thinking about improving your digital presence, I'd love to help.  Cheers, Robert James Cabansay Founder, STRUKKD LABS https://strukkdlabs.vercel.app/  --- 📧 rjamscxx@gmail.com 🌐 strukkdlabs.vercel.app 💼 rj-portfolio-resume.vercel.app"
"diego.rivera@gmail.com","Diego Rivera","Quick question about Diego Rivera's tech needs","default","Hi there,  I noticed Diego Rivera in the laundry shop owner needing scheduling system space and wanted to reach out.  I'm Robert James, founder of STRUKKD LABS. We're a full-stack development studio based in the Philippines.  We've helped similar businesses streamline their operations with custom software solutions.  Would you be open to a quick 15-minute call to discuss how we might help Diego Rivera?  I'm happy to build a free prototype to show you what's possible.  Here's what we've been working on: - STRUKKD LABS: https://strukkdlabs.vercel.app/ - My portfolio: https://rj-portfolio-resume.vercel.app/  Totally understand if the timing isn't right. But if you're thinking about improving your digital presence, I'd love to help.  Cheers, Robert James Cabansay Founder, STRUKKD LABS https://strukkdlabs.vercel.app/  --- 📧 rjamscxx@gmail.com 🌐 strukkdlabs.vercel.app 💼 rj-portfolio-resume.vercel.app"
"valentina.hernandez@outlook.com","Valentina Hernandez","Quick question about Valentina Hernandez's tech needs","default","Good day,  I came across Valentina Hernandez and was impressed by what you're building.  I'm Robert James, founder of STRUKKD LABS. We're a full-stack development studio based in the Philippines.  Our team specializes in building web apps and systems for companies like Valentina Hernandez.  Would you be open to a quick 15-minute call to discuss how we might help Valentina Hernandez?  I'm happy to build a free prototype to show you what's possible.  Here's what we've been working on: - STRUKKD LABS: https://strukkdlabs.vercel.app/ - My portfolio: https://rj-portfolio-resume.vercel.app/  Totally understand if the timing isn't right. But if you're thinking about improving your digital presence, I'd love to help.  Cheers, Robert James Cabansay Founder, STRUKKD LABS https://strukkdlabs.vercel.app/  --- 📧 rjamscxx@gmail.com 🌐 strukkdlabs.vercel.app 💼 rj-portfolio-resume.vercel.app"
"sebastian.jimenez@gmail.com","Sebastian Jimenez","Quick question about Sebastian Jimenez's tech needs","default","Hi there,  I noticed Sebastian Jimenez in the hotel owner needing reservation system space and wanted to reach out.  I'm Robert James, founder of STRUKKD LABS. We're a full-stack development studio based in the Philippines.  Our team specializes in building web apps and systems for companies like Sebastian Jimenez.  I'd love to learn more about Sebastian Jimenez's challenges. Do you have 15 minutes for a quick chat?  I'm happy to build a free prototype to show you what's possible.  Here's what we've been working on: - STRUKKD LABS: https://strukkdlabs.vercel.app/ - My portfolio: https://rj-portfolio-resume.vercel.app/  Totally understand if the timing isn't right. But if you're thinking about improving your digital presence, I'd love to help.  Cheers, Robert James Cabansay Founder, STRUKKD LABS https://strukkdlabs.vercel.app/  --- 📧 rjamscxx@gmail.com 🌐 strukkdlabs.vercel.app 💼 rj-portfolio-resume.vercel.app"
"lucia.morales@yahoo.com","Lucia Morales","Quick question about Lucia Morales's tech needs","default","Hi there,  While researching bakery owner needing custom cake ordering system businesses, I found Lucia Morales and thought of reaching out.  I'm Robert James, founder of STRUKKD LABS. We're a full-stack development studio based in the Philippines.  We help businesses like Lucia Morales build custom software that saves time and increases revenue.  I'd love to learn more about Lucia Morales's challenges. Do you have 15 minutes for a quick chat?  I'm happy to build a free prototype to show you what's possible.  Here's what we've been working on: - STRUKKD LABS: https://strukkdlabs.vercel.app/ - My portfolio: https://rj-portfolio-resume.vercel.app/  Totally understand if the timing isn't right. But if you're thinking about improving your digital presence, I'd love to help.  Cheers, Robert James Cabansay Founder, STRUKKD LABS https://strukkdlabs.vercel.app/  --- 📧 rjamscxx@gmail.com 🌐 strukkdlabs.vercel.app 💼 rj-portfolio-resume.vercel.app"
"andres.mendoza@gmail.com","Andres Mendoza","Quick question about Andres Mendoza's tech needs","default","Hello,  I came across Andres Mendoza and was impressed by what you're building.  I'm Robert James, founder of STRUKKD LABS. We're a full-stack development studio based in the Philippines.  We help businesses like Andres Mendoza build custom software that saves time and increases revenue.  Would you be open to a quick 15-minute call to discuss how we might help Andres Mendoza?  I'm happy to build a free prototype to show you what's possible.  Here's what we've been working on: - STRUKKD LABS: https://strukkdlabs.vercel.app/ - My portfolio: https://rj-portfolio-resume.vercel.app/  Totally understand if the timing isn't right. But if you're thinking about improving your digital presence, I'd love to help.  Cheers, Robert James Cabansay Founder, STRUKKD LABS https://strukkdlabs.vercel.app/  --- 📧 rjamscxx@gmail.com 🌐 strukkdlabs.vercel.app 💼 rj-portfolio-resume.vercel.app"
"gabriela.vargas@outlook.com","Gabriela Vargas","Quick question about Gabriela Vargas's tech needs","default","Hello,  I noticed Gabriela Vargas in the event planner needing client management portal space and wanted to reach out.  I'm Robert James, founder of STRUKKD LABS. We're a full-stack development studio based in the Philippines.  Our team specializes in building web apps and systems for companies like Gabriela Vargas.  I'd love to learn more about Gabriela Vargas's challenges. Do you have 15 minutes for a quick chat?  I'm happy to build a free prototype to show you what's possible.  Here's what we've been working on: - STRUKKD LABS: https://strukkdlabs.vercel.app/ - My portfolio: https://rj-portfolio-resume.vercel.app/  Totally understand if the timing isn't right. But if you're thinking about improving your digital presence, I'd love to help.  Cheers, Robert James Cabansay Founder, STRUKKD LABS https://strukkdlabs.vercel.app/  --- 📧 rjamscxx@gmail.com 🌐 strukkdlabs.vercel.app 💼 rj-portfolio-resume.vercel.app"
"felipe.castillo@gmail.com","Felipe Castillo","Quick question about Felipe Castillo's tech needs","default","Hello,  While researching pet grooming shop needing booking system businesses, I found Felipe Castillo and thought of reaching out.  I'm Robert James, founder of STRUKKD LABS. We're a full-stack development studio based in the Philippines.  We help businesses like Felipe Castillo build custom software that saves time and increases revenue.  I'd love to learn more about Felipe Castillo's challenges. Do you have 15 minutes for a quick chat?  I'm happy to build a free prototype to show you what's possible.  Here's what we've been working on: - STRUKKD LABS: https://strukkdlabs.vercel.app/ - My portfolio: https://rj-portfolio-resume.vercel.app/  Totally understand if the timing isn't right. But if you're thinking about improving your digital presence, I'd love to help.  Cheers, Robert James Cabansay Founder, STRUKKD LABS https://strukkdlabs.vercel.app/  --- 📧 rjamscxx@gmail.com 🌐 strukkdlabs.vercel.app 💼 rj-portfolio-resume.vercel.app"
"paula.romero@yahoo.com","Paula Romero","Quick question about Paula Romero's tech needs","default","Hi there,  I noticed Paula Romero in the yoga studio needing class scheduling app space and wanted to reach out.  I'm Robert James, founder of STRUKKD LABS. We're a full-stack development studio based in the Philippines.  We've helped similar businesses streamline their operations with custom software solutions.  I'd love to learn more about Paula Romero's challenges. Do you have 15 minutes for a quick chat?  I'm happy to build a free prototype to show you what's possible.  Here's what we've been working on: - STRUKKD LABS: https://strukkdlabs.vercel.app/ - My portfolio: https://rj-portfolio-resume.vercel.app/  Totally understand if the timing isn't right. But if you're thinking about improving your digital presence, I'd love to help.  Cheers, Robert James Cabansay Founder, STRUKKD LABS https://strukkdlabs.vercel.app/  --- 📧 rjamscxx@gmail.com 🌐 strukkdlabs.vercel.app 💼 rj-portfolio-resume.vercel.app"
"nicolas.aguilar@gmail.com","Nicolas Aguilar","Quick question about Nicolas Aguilar's tech needs","default","Hello,  I came across Nicolas Aguilar and was impressed by what you're building.  I'm Robert James, founder of STRUKKD LABS. We're a full-stack development studio based in the Philippines.  We've helped similar businesses streamline their operations with custom software solutions.  Would you be open to a quick 15-minute call to discuss how we might help Nicolas Aguilar?  I'm happy to build a free prototype to show you what's possible.  Here's what we've been working on: - STRUKKD LABS: https://strukkdlabs.vercel.app/ - My portfolio: https://rj-portfolio-resume.vercel.app/  Totally understand if the timing isn't right. But if you're thinking about improving your digital presence, I'd love to help.  Cheers, Robert James Cabansay Founder, STRUKKD LABS https://strukkdlabs.vercel.app/  --- 📧 rjamscxx@gmail.com 🌐 strukkdlabs.vercel.app 💼 rj-portfolio-resume.vercel.app"
"alejandra.pena@outlook.com","Alejandra Pena","Quick question about Alejandra Pena's tech needs","default","Hi there,  I noticed Alejandra Pena in the florist shop needing delivery scheduling system space and wanted to reach out.  I'm Robert James, founder of STRUKKD LABS. We're a full-stack development studio based in the Philippines.  Our team specializes in building web apps and systems for companies like Alejandra Pena.  I'd love to learn more about Alejandra Pena's challenges. Do you have 15 minutes for a quick chat?  I'm happy to build a free prototype to show you what's possible.  Here's what we've been working on: - STRUKKD LABS: https://strukkdlabs.vercel.app/ - My portfolio: https://rj-portfolio-resume.vercel.app/  Totally understand if the timing isn't right. But if you're thinking about improving your digital presence, I'd love to help.  Cheers, Robert James Cabansay Founder, STRUKKD LABS https://strukkdlabs.vercel.app/  --- 📧 rjamscxx@gmail.com 🌐 strukkdlabs.vercel.app 💼 rj-portfolio-resume.vercel.app"
"roberto.diaz@gmail.com","Roberto Diaz","Quick question about Roberto Diaz's tech needs","default","Good day,  I noticed Roberto Diaz in the security service needing monitoring dashboard space and wanted to reach out.  I'm Robert James, founder of STRUKKD LABS. We're a full-stack development studio based in the Philippines.  Our team specializes in building web apps and systems for companies like Roberto Diaz.  I'd love to learn more about Roberto Diaz's challenges. Do you have 15 minutes for a quick chat?  I'm happy to build a free prototype to show you what's possible.  Here's what we've been working on: - STRUKKD LABS: https://strukkdlabs.vercel.app/ - My portfolio: https://rj-portfolio-resume.vercel.app/  Totally understand if the timing isn't right. But if you're thinking about improving your digital presence, I'd love to help.  Cheers, Robert James Cabansay Founder, STRUKKD LABS https://strukkdlabs.vercel.app/  --- 📧 rjamscxx@gmail.com 🌐 strukkdlabs.vercel.app 💼 rj-portfolio-resume.vercel.app"
"elena.cruz@gmail.com","Elena Cruz","Quick question about Elena Cruz's tech needs","default","Hello,  I noticed Elena Cruz in the tech startup founder needing mvp development space and wanted to reach out.  I'm Robert James, founder of STRUKKD LABS. We're a full-stack development studio based in the Philippines.  We help businesses like Elena Cruz build custom software that saves time and increases revenue.  Would you be open to a quick 15-minute call to discuss how we might help Elena Cruz?  I'm happy to build a free prototype to show you what's possible.  Here's what we've been working on: - STRUKKD LABS: https://strukkdlabs.vercel.app/ - My portfolio: https://rj-portfolio-resume.vercel.app/  Totally understand if the timing isn't right. But if you're thinking about improving your digital presence, I'd love to help.  Cheers, Robert James Cabansay Founder, STRUKKD LABS https://strukkdlabs.vercel.app/  --- 📧 rjamscxx@gmail.com 🌐 strukkdlabs.vercel.app 💼 rj-portfolio-resume.vercel.app"
"marco.villanueva@yahoo.com","Marco Villanueva","Quick question about Marco Villanueva's tech needs","default","Hello,  I noticed Marco Villanueva in the e-commerce entrepreneur needing platform development space and wanted to reach out.  I'm Robert James, founder of STRUKKD LABS. We're a full-stack development studio based in the Philippines.  We help businesses like Marco Villanueva build custom software that saves time and increases revenue.  I'd love to learn more about Marco Villanueva's challenges. Do you have 15 minutes for a quick chat?  I'm happy to build a free prototype to show you what's possible.  Here's what we've been working on: - STRUKKD LABS: https://strukkdlabs.vercel.app/ - My portfolio: https://rj-portfolio-resume.vercel.app/  Totally understand if the timing isn't right. But if you're thinking about improving your digital presence, I'd love to help.  Cheers, Robert James Cabansay Founder, STRUKKD LABS https://strukkdlabs.vercel.app/  --- 📧 rjamscxx@gmail.com 🌐 strukkdlabs.vercel.app 💼 rj-portfolio-resume.vercel.app"
"sofia.navarro@outlook.com","Sofia Navarro","Quick question about Sofia Navarro's tech needs","restaurant","Hello,  I've heard great things about Sofia Navarro and wanted to reach out.  I'm Robert James, founder of STRUKKD LABS. We're a full-stack development studio based in the Philippines.  We help restaurants like Sofia Navarro build online ordering systems that increase sales by 30%.  I'd love to learn more about Sofia Navarro's challenges. Do you have 15 minutes for a quick chat?  I'm happy to build a free prototype to show you what's possible.  Here's what we've been working on: - STRUKKD LABS: https://strukkdlabs.vercel.app/ - My portfolio: https://rj-portfolio-resume.vercel.app/  Totally understand if the timing isn't right. But if you're thinking about improving your digital presence, I'd love to help.  Cheers, Robert James Cabansay Founder, STRUKKD LABS https://strukkdlabs.vercel.app/  --- 📧 rjamscxx@gmail.com 🌐 strukkdlabs.vercel.app 💼 rj-portfolio-resume.vercel.app"
"lucas.fernandez@gmail.com","Lucas Fernandez","Quick question about Lucas Fernandez's tech needs","default","Hello,  I noticed Lucas Fernandez in the edtech founder needing lms platform space and wanted to reach out.  I'm Robert James, founder of STRUKKD LABS. We're a full-stack development studio based in the Philippines.  We help businesses like Lucas Fernandez build custom software that saves time and increases revenue.  I'd love to learn more about Lucas Fernandez's challenges. Do you have 15 minutes for a quick chat?  I'm happy to build a free prototype to show you what's possible.  Here's what we've been working on: - STRUKKD LABS: https://strukkdlabs.vercel.app/ - My portfolio: https://rj-portfolio-resume.vercel.app/  Totally understand if the timing isn't right. But if you're thinking about improving your digital presence, I'd love to help.  Cheers, Robert James Cabansay Founder, STRUKKD LABS https://strukkdlabs.vercel.app/  --- 📧 rjamscxx@gmail.com 🌐 strukkdlabs.vercel.app 💼 rj-portfolio-resume.vercel.app"
"mia.ramirez@yahoo.com","Mia Ramirez","Quick question about Mia Ramirez's tech needs","default","Hello,  While researching healthtech entrepreneur needing telemedicine platform businesses, I found Mia Ramirez and thought of reaching out.  I'm Robert James, founder of STRUKKD LABS. We're a full-stack development studio based in the Philippines.  We help businesses like Mia Ramirez build custom software that saves time and increases revenue.  I'd love to learn more about Mia Ramirez's challenges. Do you have 15 minutes for a quick chat?  I'm happy to build a free prototype to show you what's possible.  Here's what we've been working on: - STRUKKD LABS: https://strukkdlabs.vercel.app/ - My portfolio: https://rj-portfolio-resume.vercel.app/  Totally understand if the timing isn't right. But if you're thinking about improving your digital presence, I'd love to help.  Cheers, Robert James Cabansay Founder, STRUKKD LABS https://strukkdlabs.vercel.app/  --- 📧 rjamscxx@gmail.com 🌐 strukkdlabs.vercel.app 💼 rj-portfolio-resume.vercel.app"
"tomas.silva@gmail.com","Tomas Silva","Quick question about Tomas Silva's tech needs","fintech","Good day,  Your innovative approach to fintech startup founder needing payment system caught my attention.  I'm Robert James, founder of STRUKKD LABS. We're a full-stack development studio based in the Philippines.  Our team specializes in fintech development with compliance in mind.  Would you be open to a quick call to discuss potential collaboration?  I'm happy to build a free prototype to show you what's possible.  Here's what we've been working on: - STRUKKD LABS: https://strukkdlabs.vercel.app/ - My portfolio: https://rj-portfolio-resume.vercel.app/  Totally understand if the timing isn't right. But if you're thinking about improving your digital presence, I'd love to help.  Cheers, Robert James Cabansay Founder, STRUKKD LABS https://strukkdlabs.vercel.app/  --- 📧 rjamscxx@gmail.com 🌐 strukkdlabs.vercel.app 💼 rj-portfolio-resume.vercel.app"
"laura.medina@outlook.com","Laura Medina","Quick question about Laura Medina's tech needs","default","Good day,  I noticed Laura Medina in the proptech entrepreneur needing property listing platform space and wanted to reach out.  I'm Robert James, founder of STRUKKD LABS. We're a full-stack development studio based in the Philippines.  We help businesses like Laura Medina build custom software that saves time and increases revenue.  Would you be open to a quick 15-minute call to discuss how we might help Laura Medina?  I'm happy to build a free prototype to show you what's possible.  Here's what we've been working on: - STRUKKD LABS: https://strukkdlabs.vercel.app/ - My portfolio: https://rj-portfolio-resume.vercel.app/  Totally understand if the timing isn't right. But if you're thinking about improving your digital presence, I'd love to help.  Cheers, Robert James Cabansay Founder, STRUKKD LABS https://strukkdlabs.vercel.app/  --- 📧 rjamscxx@gmail.com 🌐 strukkdlabs.vercel.app 💼 rj-portfolio-resume.vercel.app"
"adrian.santos@gmail.com","Adrian Santos","Quick question about Adrian Santos's tech needs","default","Hello,  While researching logistics startup founder needing tracking system businesses, I found Adrian Santos and thought of reaching out.  I'm Robert James, founder of STRUKKD LABS. We're a full-stack development studio based in the Philippines.  Our team specializes in building web apps and systems for companies like Adrian Santos.  I'd love to learn more about Adrian Santos's challenges. Do you have 15 minutes for a quick chat?  I'm happy to build a free prototype to show you what's possible.  Here's what we've been working on: - STRUKKD LABS: https://strukkdlabs.vercel.app/ - My portfolio: https://rj-portfolio-resume.vercel.app/  Totally understand if the timing isn't right. But if you're thinking about improving your digital presence, I'd love to help.  Cheers, Robert James Cabansay Founder, STRUKKD LABS https://strukkdlabs.vercel.app/  --- 📧 rjamscxx@gmail.com 🌐 strukkdlabs.vercel.app 💼 rj-portfolio-resume.vercel.app"
"carla.rivera@yahoo.com","Carla Rivera","Quick question about Carla Rivera's tech needs","default","Good day,  I came across Carla Rivera and was impressed by what you're building.  I'm Robert James, founder of STRUKKD LABS. We're a full-stack development studio based in the Philippines.  Our team specializes in building web apps and systems for companies like Carla Rivera.  Would you be open to a quick 15-minute call to discuss how we might help Carla Rivera?  I'm happy to build a free prototype to show you what's possible.  Here's what we've been working on: - STRUKKD LABS: https://strukkdlabs.vercel.app/ - My portfolio: https://rj-portfolio-resume.vercel.app/  Totally understand if the timing isn't right. But if you're thinking about improving your digital presence, I'd love to help.  Cheers, Robert James Cabansay Founder, STRUKKD LABS https://strukkdlabs.vercel.app/  --- 📧 rjamscxx@gmail.com 🌐 strukkdlabs.vercel.app 💼 rj-portfolio-resume.vercel.app"
"gabriel.torres@gmail.com","Gabriel Torres","Quick question about Gabriel Torres's tech needs","default","Good day,  I came across Gabriel Torres and was impressed by what you're building.  I'm Robert James, founder of STRUKKD LABS. We're a full-stack development studio based in the Philippines.  We help businesses like Gabriel Torres build custom software that saves time and increases revenue.  I'd love to learn more about Gabriel Torres's challenges. Do you have 15 minutes for a quick chat?  I'm happy to build a free prototype to show you what's possible.  Here's what we've been working on: - STRUKKD LABS: https://strukkdlabs.vercel.app/ - My portfolio: https://rj-portfolio-resume.vercel.app/  Totally understand if the timing isn't right. But if you're thinking about improving your digital presence, I'd love to help.  Cheers, Robert James Cabansay Founder, STRUKKD LABS https://strukkdlabs.vercel.app/  --- 📧 rjamscxx@gmail.com 🌐 strukkdlabs.vercel.app 💼 rj-portfolio-resume.vercel.app"
"valeria.lopez@outlook.com","Valeria Lopez","Quick question about Valeria Lopez's tech needs","default","Good day,  I came across Valeria Lopez and was impressed by what you're building.  I'm Robert James, founder of STRUKKD LABS. We're a full-stack development studio based in the Philippines.  We've helped similar businesses streamline their operations with custom software solutions.  I'd love to learn more about Valeria Lopez's challenges. Do you have 15 minutes for a quick chat?  I'm happy to build a free prototype to show you what's possible.  Here's what we've been working on: - STRUKKD LABS: https://strukkdlabs.vercel.app/ - My portfolio: https://rj-portfolio-resume.vercel.app/  Totally understand if the timing isn't right. But if you're thinking about improving your digital presence, I'd love to help.  Cheers, Robert James Cabansay Founder, STRUKKD LABS https://strukkdlabs.vercel.app/  --- 📧 rjamscxx@gmail.com 🌐 strukkdlabs.vercel.app 💼 rj-portfolio-resume.vercel.app"
"mateo.garcia@gmail.com","Mateo Garcia","Quick question about Mateo Garcia's tech needs","default","Hello,  While researching traveltech founder needing booking platform businesses, I found Mateo Garcia and thought of reaching out.  I'm Robert James, founder of STRUKKD LABS. We're a full-stack development studio based in the Philippines.  Our team specializes in building web apps and systems for companies like Mateo Garcia.  I'd love to learn more about Mateo Garcia's challenges. Do you have 15 minutes for a quick chat?  I'm happy to build a free prototype to show you what's possible.  Here's what we've been working on: - STRUKKD LABS: https://strukkdlabs.vercel.app/ - My portfolio: https://rj-portfolio-resume.vercel.app/  Totally understand if the timing isn't right. But if you're thinking about improving your digital presence, I'd love to help.  Cheers, Robert James Cabansay Founder, STRUKKD LABS https://strukkdlabs.vercel.app/  --- 📧 rjamscxx@gmail.com 🌐 strukkdlabs.vercel.app 💼 rj-portfolio-resume.vercel.app"
"sofia.martinez2@gmail.com","Sofia Martinez2","Quick question about Sofia Martinez2's tech needs","default","Good day,  While researching medtech entrepreneur needing patient management app businesses, I found Sofia Martinez2 and thought of reaching out.  I'm Robert James, founder of STRUKKD LABS. We're a full-stack development studio based in the Philippines.  We help businesses like Sofia Martinez2 build custom software that saves time and increases revenue.  I'd love to learn more about Sofia Martinez2's challenges. Do you have 15 minutes for a quick chat?  I'm happy to build a free prototype to show you what's possible.  Here's what we've been working on: - STRUKKD LABS: https://strukkdlabs.vercel.app/ - My portfolio: https://rj-portfolio-resume.vercel.app/  Totally understand if the timing isn't right. But if you're thinking about improving your digital presence, I'd love to help.  Cheers, Robert James Cabansay Founder, STRUKKD LABS https://strukkdlabs.vercel.app/  --- 📧 rjamscxx@gmail.com 🌐 strukkdlabs.vercel.app 💼 rj-portfolio-resume.vercel.app"
"diego.hernandez@yahoo.com","Diego Hernandez","Quick question about Diego Hernandez's tech needs","default","Hi there,  I noticed Diego Hernandez in the proptech startup founder needing property management system space and wanted to reach out.  I'm Robert James, founder of STRUKKD LABS. We're a full-stack development studio based in the Philippines.  We've helped similar businesses streamline their operations with custom software solutions.  I'd love to learn more about Diego Hernandez's challenges. Do you have 15 minutes for a quick chat?  I'm happy to build a free prototype to show you what's possible.  Here's what we've been working on: - STRUKKD LABS: https://strukkdlabs.vercel.app/ - My portfolio: https://rj-portfolio-resume.vercel.app/  Totally understand if the timing isn't right. But if you're thinking about improving your digital presence, I'd love to help.  Cheers, Robert James Cabansay Founder, STRUKKD LABS https://strukkdlabs.vercel.app/  --- 📧 rjamscxx@gmail.com 🌐 strukkdlabs.vercel.app 💼 rj-portfolio-resume.vercel.app"
"isabella.rodriguez@outlook.com","Isabella Rodriguez","Quick question about Isabella Rodriguez's tech needs","default","Hi there,  I noticed Isabella Rodriguez in the edutech entrepreneur needing student portal space and wanted to reach out.  I'm Robert James, founder of STRUKKD LABS. We're a full-stack development studio based in the Philippines.  We've helped similar businesses streamline their operations with custom software solutions.  Would you be open to a quick 15-minute call to discuss how we might help Isabella Rodriguez?  I'm happy to build a free prototype to show you what's possible.  Here's what we've been working on: - STRUKKD LABS: https://strukkdlabs.vercel.app/ - My portfolio: https://rj-portfolio-resume.vercel.app/  Totally understand if the timing isn't right. But if you're thinking about improving your digital presence, I'd love to help.  Cheers, Robert James Cabansay Founder, STRUKKD LABS https://strukkdlabs.vercel.app/  --- 📧 rjamscxx@gmail.com 🌐 strukkdlabs.vercel.app 💼 rj-portfolio-resume.vercel.app"
"andrea.cruz@gmail.com","Andrea Cruz","Quick question about Andrea Cruz's tech needs","default","Hello,  I came across Andrea Cruz and was impressed by what you're building.  I'm Robert James, founder of STRUKKD LABS. We're a full-stack development studio based in the Philippines.  Our team specializes in building web apps and systems for companies like Andrea Cruz.  Would you be open to a quick 15-minute call to discuss how we might help Andrea Cruz?  I'm happy to build a free prototype to show you what's possible.  Here's what we've been working on: - STRUKKD LABS: https://strukkdlabs.vercel.app/ - My portfolio: https://rj-portfolio-resume.vercel.app/  Totally understand if the timing isn't right. But if you're thinking about improving your digital presence, I'd love to help.  Cheers, Robert James Cabansay Founder, STRUKKD LABS https://strukkdlabs.vercel.app/  --- 📧 rjamscxx@gmail.com 🌐 strukkdlabs.vercel.app 💼 rj-portfolio-resume.vercel.app"
"miguel.santos@yahoo.com","Miguel Santos","Quick question about Miguel Santos's tech needs","cafe","Hello,  Your cafe concept looks amazing! I wanted to reach out about tech solutions.  I'm Robert James, founder of STRUKKD LABS. We're a full-stack development studio based in the Philippines.  We help cafes build loyalty programs and mobile ordering apps.  Would you be interested in a free consultation to explore how we can help Miguel Santos?  I'm happy to build a free prototype to show you what's possible.  Here's what we've been working on: - STRUKKD LABS: https://strukkdlabs.vercel.app/ - My portfolio: https://rj-portfolio-resume.vercel.app/  Totally understand if the timing isn't right. But if you're thinking about improving your digital presence, I'd love to help.  Cheers, Robert James Cabansay Founder, STRUKKD LABS https://strukkdlabs.vercel.app/  --- 📧 rjamscxx@gmail.com 🌐 strukkdlabs.vercel.app 💼 rj-portfolio-resume.vercel.app"
"sofia.reyes@outlook.com","Sofia Reyes","Quick question about Sofia Reyes's tech needs","default","Hi there,  I came across Sofia Reyes and was impressed by what you're building.  I'm Robert James, founder of STRUKKD LABS. We're a full-stack development studio based in the Philippines.  We've helped similar businesses streamline their operations with custom software solutions.  Would you be open to a quick 15-minute call to discuss how we might help Sofia Reyes?  I'm happy to build a free prototype to show you what's possible.  Here's what we've been working on: - STRUKKD LABS: https://strukkdlabs.vercel.app/ - My portfolio: https://rj-portfolio-resume.vercel.app/  Totally understand if the timing isn't right. But if you're thinking about improving your digital presence, I'd love to help.  Cheers, Robert James Cabansay Founder, STRUKKD LABS https://strukkdlabs.vercel.app/  --- 📧 rjamscxx@gmail.com 🌐 strukkdlabs.vercel.app 💼 rj-portfolio-resume.vercel.app"
"carlos.garcia2@gmail.com","Carlos Garcia2","Quick question about Carlos Garcia2's tech needs","default","Hi there,  While researching gym owner needing class scheduling system businesses, I found Carlos Garcia2 and thought of reaching out.  I'm Robert James, founder of STRUKKD LABS. We're a full-stack development studio based in the Philippines.  Our team specializes in building web apps and systems for companies like Carlos Garcia2.  Would you be open to a quick 15-minute call to discuss how we might help Carlos Garcia2?  I'm happy to build a free prototype to show you what's possible.  Here's what we've been working on: - STRUKKD LABS: https://strukkdlabs.vercel.app/ - My portfolio: https://rj-portfolio-resume.vercel.app/  Totally understand if the timing isn't right. But if you're thinking about improving your digital presence, I'd love to help.  Cheers, Robert James Cabansay Founder, STRUKKD LABS https://strukkdlabs.vercel.app/  --- 📧 rjamscxx@gmail.com 🌐 strukkdlabs.vercel.app 💼 rj-portfolio-resume.vercel.app"
"ana.martinez@yahoo.com","Ana Martinez","Quick question about Ana Martinez's tech needs","default","Hi there,  I noticed Ana Martinez in the beauty salon owner needing appointment booking space and wanted to reach out.  I'm Robert James, founder of STRUKKD LABS. We're a full-stack development studio based in the Philippines.  Our team specializes in building web apps and systems for companies like Ana Martinez.  I'd love to learn more about Ana Martinez's challenges. Do you have 15 minutes for a quick chat?  I'm happy to build a free prototype to show you what's possible.  Here's what we've been working on: - STRUKKD LABS: https://strukkdlabs.vercel.app/ - My portfolio: https://rj-portfolio-resume.vercel.app/  Totally understand if the timing isn't right. But if you're thinking about improving your digital presence, I'd love to help.  Cheers, Robert James Cabansay Founder, STRUKKD LABS https://strukkdlabs.vercel.app/  --- 📧 rjamscxx@gmail.com 🌐 strukkdlabs.vercel.app 💼 rj-portfolio-resume.vercel.app"
"laura.hernandez@outlook.com","Laura Hernandez","Quick question about Laura Hernandez's tech needs","default","Hello,  While researching fashion boutique owner needing inventory system businesses, I found Laura Hernandez and thought of reaching out.  I'm Robert James, founder of STRUKKD LABS. We're a full-stack development studio based in the Philippines.  We help businesses like Laura Hernandez build custom software that saves time and increases revenue.  I'd love to learn more about Laura Hernandez's challenges. Do you have 15 minutes for a quick chat?  I'm happy to build a free prototype to show you what's possible.  Here's what we've been working on: - STRUKKD LABS: https://strukkdlabs.vercel.app/ - My portfolio: https://rj-portfolio-resume.vercel.app/  Totally understand if the timing isn't right. But if you're thinking about improving your digital presence, I'd love to help.  Cheers, Robert James Cabansay Founder, STRUKKD LABS https://strukkdlabs.vercel.app/  --- 📧 rjamscxx@gmail.com 🌐 strukkdlabs.vercel.app 💼 rj-portfolio-resume.vercel.app"
"fernando.lopez@gmail.com","Fernando Lopez","Quick question about Fernando Lopez's tech needs","default","Good day,  I noticed Fernando Lopez in the pet shop owner needing e-commerce platform space and wanted to reach out.  I'm Robert James, founder of STRUKKD LABS. We're a full-stack development studio based in the Philippines.  We help businesses like Fernando Lopez build custom software that saves time and increases revenue.  Would you be open to a quick 15-minute call to discuss how we might help Fernando Lopez?  I'm happy to build a free prototype to show you what's possible.  Here's what we've been working on: - STRUKKD LABS: https://strukkdlabs.vercel.app/ - My portfolio: https://rj-portfolio-resume.vercel.app/  Totally understand if the timing isn't right. But if you're thinking about improving your digital presence, I'd love to help.  Cheers, Robert James Cabansay Founder, STRUKKD LABS https://strukkdlabs.vercel.app/  --- 📧 rjamscxx@gmail.com 🌐 strukkdlabs.vercel.app 💼 rj-portfolio-resume.vercel.app"
"isabel.diaz@yahoo.com","Isabel Diaz","Quick question about Isabel Diaz's tech needs","default","Hello,  While researching yoga studio owner needing booking and membership system businesses, I found Isabel Diaz and thought of reaching out.  I'm Robert James, founder of STRUKKD LABS. We're a full-stack development studio based in the Philippines.  Our team specializes in building web apps and systems for companies like Isabel Diaz.  I'd love to learn more about Isabel Diaz's challenges. Do you have 15 minutes for a quick chat?  I'm happy to build a free prototype to show you what's possible.  Here's what we've been working on: - STRUKKD LABS: https://strukkdlabs.vercel.app/ - My portfolio: https://rj-portfolio-resume.vercel.app/  Totally understand if the timing isn't right. But if you're thinking about improving your digital presence, I'd love to help.  Cheers, Robert James Cabansay Founder, STRUKKD LABS https://strukkdlabs.vercel.app/  --- 📧 rjamscxx@gmail.com 🌐 strukkdlabs.vercel.app 💼 rj-portfolio-resume.vercel.app"
"ricardo.morales@outlook.com","Ricardo Morales","Quick question about Ricardo Morales's tech needs","default","Good day,  I noticed Ricardo Morales in the printing shop owner needing order management system space and wanted to reach out.  I'm Robert James, founder of STRUKKD LABS. We're a full-stack development studio based in the Philippines.  We help businesses like Ricardo Morales build custom software that saves time and increases revenue.  Would you be open to a quick 15-minute call to discuss how we might help Ricardo Morales?  I'm happy to build a free prototype to show you what's possible.  Here's what we've been working on: - STRUKKD LABS: https://strukkdlabs.vercel.app/ - My portfolio: https://rj-portfolio-resume.vercel.app/  Totally understand if the timing isn't right. But if you're thinking about improving your digital presence, I'd love to help.  Cheers, Robert James Cabansay Founder, STRUKKD LABS https://strukkdlabs.vercel.app/  --- 📧 rjamscxx@gmail.com 🌐 strukkdlabs.vercel.app 💼 rj-portfolio-resume.vercel.app"
"carmen.jimenez@gmail.com","Carmen Jimenez","Quick question about Carmen Jimenez's tech needs","default","Hello,  I noticed Carmen Jimenez in the florist shop owner needing delivery management space and wanted to reach out.  I'm Robert James, founder of STRUKKD LABS. We're a full-stack development studio based in the Philippines.  Our team specializes in building web apps and systems for companies like Carmen Jimenez.  Would you be open to a quick 15-minute call to discuss how we might help Carmen Jimenez?  I'm happy to build a free prototype to show you what's possible.  Here's what we've been working on: - STRUKKD LABS: https://strukkdlabs.vercel.app/ - My portfolio: https://rj-portfolio-resume.vercel.app/  Totally understand if the timing isn't right. But if you're thinking about improving your digital presence, I'd love to help.  Cheers, Robert James Cabansay Founder, STRUKKD LABS https://strukkdlabs.vercel.app/  --- 📧 rjamscxx@gmail.com 🌐 strukkdlabs.vercel.app 💼 rj-portfolio-resume.vercel.app"
"javier.rivera@yahoo.com","Javier Rivera","Quick question about Javier Rivera's tech needs","default","Hi there,  I came across Javier Rivera and was impressed by what you're building.  I'm Robert James, founder of STRUKKD LABS. We're a full-stack development studio based in the Philippines.  We help businesses like Javier Rivera build custom software that saves time and increases revenue.  I'd love to learn more about Javier Rivera's challenges. Do you have 15 minutes for a quick chat?  I'm happy to build a free prototype to show you what's possible.  Here's what we've been working on: - STRUKKD LABS: https://strukkdlabs.vercel.app/ - My portfolio: https://rj-portfolio-resume.vercel.app/  Totally understand if the timing isn't right. But if you're thinking about improving your digital presence, I'd love to help.  Cheers, Robert James Cabansay Founder, STRUKKD LABS https://strukkdlabs.vercel.app/  --- 📧 rjamscxx@gmail.com 🌐 strukkdlabs.vercel.app 💼 rj-portfolio-resume.vercel.app"
"mariana.vargas@gmail.com","Mariana Vargas","Quick question about Mariana Vargas's tech needs","default","Hello,  I came across Mariana Vargas and was impressed by what you're building.  I'm Robert James, founder of STRUKKD LABS. We're a full-stack development studio based in the Philippines.  Our team specializes in building web apps and systems for companies like Mariana Vargas.  Would you be open to a quick 15-minute call to discuss how we might help Mariana Vargas?  I'm happy to build a free prototype to show you what's possible.  Here's what we've been working on: - STRUKKD LABS: https://strukkdlabs.vercel.app/ - My portfolio: https://rj-portfolio-resume.vercel.app/  Totally understand if the timing isn't right. But if you're thinking about improving your digital presence, I'd love to help.  Cheers, Robert James Cabansay Founder, STRUKKD LABS https://strukkdlabs.vercel.app/  --- 📧 rjamscxx@gmail.com 🌐 strukkdlabs.vercel.app 💼 rj-portfolio-resume.vercel.app"
"rodrigo.castillo@outlook.com","Rodrigo Castillo","Quick question about Rodrigo Castillo's tech needs","default","Hi there,  I noticed Rodrigo Castillo in the security service owner needing client portal space and wanted to reach out.  I'm Robert James, founder of STRUKKD LABS. We're a full-stack development studio based in the Philippines.  We've helped similar businesses streamline their operations with custom software solutions.  I'd love to learn more about Rodrigo Castillo's challenges. Do you have 15 minutes for a quick chat?  I'm happy to build a free prototype to show you what's possible.  Here's what we've been working on: - STRUKKD LABS: https://strukkdlabs.vercel.app/ - My portfolio: https://rj-portfolio-resume.vercel.app/  Totally understand if the timing isn't right. But if you're thinking about improving your digital presence, I'd love to help.  Cheers, Robert James Cabansay Founder, STRUKKD LABS https://strukkdlabs.vercel.app/  --- 📧 rjamscxx@gmail.com 🌐 strukkdlabs.vercel.app 💼 rj-portfolio-resume.vercel.app"
"teresa.silva@gmail.com","Teresa Silva","Quick question about Teresa Silva's tech needs","default","Hi there,  While researching travel agency owner needing booking platform businesses, I found Teresa Silva and thought of reaching out.  I'm Robert James, founder of STRUKKD LABS. We're a full-stack development studio based in the Philippines.  We help businesses like Teresa Silva build custom software that saves time and increases revenue.  I'd love to learn more about Teresa Silva's challenges. Do you have 15 minutes for a quick chat?  I'm happy to build a free prototype to show you what's possible.  Here's what we've been working on: - STRUKKD LABS: https://strukkdlabs.vercel.app/ - My portfolio: https://rj-portfolio-resume.vercel.app/  Totally understand if the timing isn't right. But if you're thinking about improving your digital presence, I'd love to help.  Cheers, Robert James Cabansay Founder, STRUKKD LABS https://strukkdlabs.vercel.app/  --- 📧 rjamscxx@gmail.com 🌐 strukkdlabs.vercel.app 💼 rj-portfolio-resume.vercel.app"
"ricardo.bautista@gmail.com","Ricardo Bautista","Quick question about Ricardo Bautista's tech needs","restaurant","Hello,  Your restaurant caught my attention while researching food truck owner needing ordering and location tracking businesses.  I'm Robert James, founder of STRUKKD LABS. We're a full-stack development studio based in the Philippines.  We've helped similar restaurants streamline their operations with custom software.  Would you be open to a quick 15-minute call to discuss how we might help Ricardo Bautista?  I'm happy to build a free prototype to show you what's possible.  Here's what we've been working on: - STRUKKD LABS: https://strukkdlabs.vercel.app/ - My portfolio: https://rj-portfolio-resume.vercel.app/  Totally understand if the timing isn't right. But if you're thinking about improving your digital presence, I'd love to help.  Cheers, Robert James Cabansay Founder, STRUKKD LABS https://strukkdlabs.vercel.app/  --- 📧 rjamscxx@gmail.com 🌐 strukkdlabs.vercel.app 💼 rj-portfolio-resume.vercel.app"
"patricia.cruz@yahoo.com","Patricia Cruz","Quick question about Patricia Cruz's tech needs","default","Hello,  I noticed Patricia Cruz in the art gallery owner needing online exhibition platform space and wanted to reach out.  I'm Robert James, founder of STRUKKD LABS. We're a full-stack development studio based in the Philippines.  We help businesses like Patricia Cruz build custom software that saves time and increases revenue.  I'd love to learn more about Patricia Cruz's challenges. Do you have 15 minutes for a quick chat?  I'm happy to build a free prototype to show you what's possible.  Here's what we've been working on: - STRUKKD LABS: https://strukkdlabs.vercel.app/ - My portfolio: https://rj-portfolio-resume.vercel.app/  Totally understand if the timing isn't right. But if you're thinking about improving your digital presence, I'd love to help.  Cheers, Robert James Cabansay Founder, STRUKKD LABS https://strukkdlabs.vercel.app/  --- 📧 rjamscxx@gmail.com 🌐 strukkdlabs.vercel.app 💼 rj-portfolio-resume.vercel.app"
"ramon.aquino@outlook.com","Ramon Aquino","Quick question about Ramon Aquino's tech needs","default","Good day,  I came across Ramon Aquino and was impressed by what you're building.  I'm Robert James, founder of STRUKKD LABS. We're a full-stack development studio based in the Philippines.  Our team specializes in building web apps and systems for companies like Ramon Aquino.  Would you be open to a quick 15-minute call to discuss how we might help Ramon Aquino?  I'm happy to build a free prototype to show you what's possible.  Here's what we've been working on: - STRUKKD LABS: https://strukkdlabs.vercel.app/ - My portfolio: https://rj-portfolio-resume.vercel.app/  Totally understand if the timing isn't right. But if you're thinking about improving your digital presence, I'd love to help.  Cheers, Robert James Cabansay Founder, STRUKKD LABS https://strukkdlabs.vercel.app/  --- 📧 rjamscxx@gmail.com 🌐 strukkdlabs.vercel.app 💼 rj-portfolio-resume.vercel.app"
"carmen.villanueva@gmail.com","Carmen Villanueva","Quick question about Carmen Villanueva's tech needs","default","Hi there,  I came across Carmen Villanueva and was impressed by what you're building.  I'm Robert James, founder of STRUKKD LABS. We're a full-stack development studio based in the Philippines.  We've helped similar businesses streamline their operations with custom software solutions.  Would you be open to a quick 15-minute call to discuss how we might help Carmen Villanueva?  I'm happy to build a free prototype to show you what's possible.  Here's what we've been working on: - STRUKKD LABS: https://strukkdlabs.vercel.app/ - My portfolio: https://rj-portfolio-resume.vercel.app/  Totally understand if the timing isn't right. But if you're thinking about improving your digital presence, I'd love to help.  Cheers, Robert James Cabansay Founder, STRUKKD LABS https://strukkdlabs.vercel.app/  --- 📧 rjamscxx@gmail.com 🌐 strukkdlabs.vercel.app 💼 rj-portfolio-resume.vercel.app"
"manuel.garcia@yahoo.com","Manuel Garcia","Quick question about Manuel Garcia's tech needs","default","Hello,  I noticed Manuel Garcia in the co-working space owner needing booking system space and wanted to reach out.  I'm Robert James, founder of STRUKKD LABS. We're a full-stack development studio based in the Philippines.  We've helped similar businesses streamline their operations with custom software solutions.  Would you be open to a quick 15-minute call to discuss how we might help Manuel Garcia?  I'm happy to build a free prototype to show you what's possible.  Here's what we've been working on: - STRUKKD LABS: https://strukkdlabs.vercel.app/ - My portfolio: https://rj-portfolio-resume.vercel.app/  Totally understand if the timing isn't right. But if you're thinking about improving your digital presence, I'd love to help.  Cheers, Robert James Cabansay Founder, STRUKKD LABS https://strukkdlabs.vercel.app/  --- 📧 rjamscxx@gmail.com 🌐 strukkdlabs.vercel.app 💼 rj-portfolio-resume.vercel.app"
"rosa.santos@outlook.com","Rosa Santos","Quick question about Rosa Santos's tech needs","default","Hi there,  I came across Rosa Santos and was impressed by what you're building.  I'm Robert James, founder of STRUKKD LABS. We're a full-stack development studio based in the Philippines.  We've helped similar businesses streamline their operations with custom software solutions.  Would you be open to a quick 15-minute call to discuss how we might help Rosa Santos?  I'm happy to build a free prototype to show you what's possible.  Here's what we've been working on: - STRUKKD LABS: https://strukkdlabs.vercel.app/ - My portfolio: https://rj-portfolio-resume.vercel.app/  Totally understand if the timing isn't right. But if you're thinking about improving your digital presence, I'd love to help.  Cheers, Robert James Cabansay Founder, STRUKKD LABS https://strukkdlabs.vercel.app/  --- 📧 rjamscxx@gmail.com 🌐 strukkdlabs.vercel.app 💼 rj-portfolio-resume.vercel.app"
"eduardo.cruz@gmail.com","Eduardo Cruz","Quick question about Eduardo Cruz's tech needs","default","Good day,  While researching photography studio needing booking and gallery system businesses, I found Eduardo Cruz and thought of reaching out.  I'm Robert James, founder of STRUKKD LABS. We're a full-stack development studio based in the Philippines.  We've helped similar businesses streamline their operations with custom software solutions.  Would you be open to a quick 15-minute call to discuss how we might help Eduardo Cruz?  I'm happy to build a free prototype to show you what's possible.  Here's what we've been working on: - STRUKKD LABS: https://strukkdlabs.vercel.app/ - My portfolio: https://rj-portfolio-resume.vercel.app/  Totally understand if the timing isn't right. But if you're thinking about improving your digital presence, I'd love to help.  Cheers, Robert James Cabansay Founder, STRUKKD LABS https://strukkdlabs.vercel.app/  --- 📧 rjamscxx@gmail.com 🌐 strukkdlabs.vercel.app 💼 rj-portfolio-resume.vercel.app"
"isabel.reyes@yahoo.com","Isabel Reyes","Quick question about Isabel Reyes's tech needs","default","Hello,  I noticed Isabel Reyes in the flower shop needing online ordering and delivery tracking space and wanted to reach out.  I'm Robert James, founder of STRUKKD LABS. We're a full-stack development studio based in the Philippines.  We help businesses like Isabel Reyes build custom software that saves time and increases revenue.  I'd love to learn more about Isabel Reyes's challenges. Do you have 15 minutes for a quick chat?  I'm happy to build a free prototype to show you what's possible.  Here's what we've been working on: - STRUKKD LABS: https://strukkdlabs.vercel.app/ - My portfolio: https://rj-portfolio-resume.vercel.app/  Totally understand if the timing isn't right. But if you're thinking about improving your digital presence, I'd love to help.  Cheers, Robert James Cabansay Founder, STRUKKD LABS https://strukkdlabs.vercel.app/  --- 📧 rjamscxx@gmail.com 🌐 strukkdlabs.vercel.app 💼 rj-portfolio-resume.vercel.app"
"fernando.torres@outlook.com","Fernando Torres","Quick question about Fernando Torres's tech needs","default","Hello,  I noticed Fernando Torres in the auto detailing shop needing booking system space and wanted to reach out.  I'm Robert James, founder of STRUKKD LABS. We're a full-stack development studio based in the Philippines.  We've helped similar businesses streamline their operations with custom software solutions.  I'd love to learn more about Fernando Torres's challenges. Do you have 15 minutes for a quick chat?  I'm happy to build a free prototype to show you what's possible.  Here's what we've been working on: - STRUKKD LABS: https://strukkdlabs.vercel.app/ - My portfolio: https://rj-portfolio-resume.vercel.app/  Totally understand if the timing isn't right. But if you're thinking about improving your digital presence, I'd love to help.  Cheers, Robert James Cabansay Founder, STRUKKD LABS https://strukkdlabs.vercel.app/  --- 📧 rjamscxx@gmail.com 🌐 strukkdlabs.vercel.app 💼 rj-portfolio-resume.vercel.app"
"mariaclara.santos@gmail.com","Maria Clara Santos","Quick question about Maria Clara Santos's tech needs","default","Good day,  While researching catering business needing event booking and menu system businesses, I found Maria Clara Santos and thought of reaching out.  I'm Robert James, founder of STRUKKD LABS. We're a full-stack development studio based in the Philippines.  We've helped similar businesses streamline their operations with custom software solutions.  I'd love to learn more about Maria Clara Santos's challenges. Do you have 15 minutes for a quick chat?  I'm happy to build a free prototype to show you what's possible.  Here's what we've been working on: - STRUKKD LABS: https://strukkdlabs.vercel.app/ - My portfolio: https://rj-portfolio-resume.vercel.app/  Totally understand if the timing isn't right. But if you're thinking about improving your digital presence, I'd love to help.  Cheers, Robert James Cabansay Founder, STRUKKD LABS https://strukkdlabs.vercel.app/  --- 📧 rjamscxx@gmail.com 🌐 strukkdlabs.vercel.app 💼 rj-portfolio-resume.vercel.app"
"tgmanginasal@gmail.com","Mang Inasal Branch Owner - Tomas Morato","Quick question about Mang Inasal Branch Owner - Tomas Morato's tech needs","restaurant","Hello,  Your restaurant caught my attention while researching restaurant chain needing online ordering system and delivery tracking businesses.  I'm Robert James, founder of STRUKKD LABS. We're a full-stack development studio based in the Philippines.  We've helped similar restaurants streamline their operations with custom software.  I'd love to learn more about Mang Inasal Branch Owner - Tomas Morato's challenges. Do you have 15 minutes for a quick chat?  I'm happy to build a free prototype to show you what's possible.  Here's what we've been working on: - STRUKKD LABS: https://strukkdlabs.vercel.app/ - My portfolio: https://rj-portfolio-resume.vercel.app/  Totally understand if the timing isn't right. But if you're thinking about improving your digital presence, I'd love to help.  Cheers, Robert James Cabansay Founder, STRUKKD LABS https://strukkdlabs.vercel.app/  --- 📧 rjamscxx@gmail.com 🌐 strukkdlabs.vercel.app 💼 rj-portfolio-resume.vercel.app"
"barbarasrestaurant@gmail.com","Barbara's Restaurant & Events Place","Quick question about Barbara's Restaurant & Events Place's tech needs","default","Good day,  While researching events venue needing booking system and event management platform businesses, I found Barbara's Restaurant & Events Place and thought of reaching out.  I'm Robert James, founder of STRUKKD LABS. We're a full-stack development studio based in the Philippines.  We help businesses like Barbara's Restaurant & Events Place build custom software that saves time and increases revenue.  I'd love to learn more about Barbara's Restaurant & Events Place's challenges. Do you have 15 minutes for a quick chat?  I'm happy to build a free prototype to show you what's possible.  Here's what we've been working on: - STRUKKD LABS: https://strukkdlabs.vercel.app/ - My portfolio: https://rj-portfolio-resume.vercel.app/  Totally understand if the timing isn't right. But if you're thinking about improving your digital presence, I'd love to help.  Cheers, Robert James Cabansay Founder, STRUKKD LABS https://strukkdlabs.vercel.app/  --- 📧 rjamscxx@gmail.com 🌐 strukkdlabs.vercel.app 💼 rj-portfolio-resume.vercel.app"
"eastwood@superbowl.com.ph","Super Bowl of China - Eastwood","Quick question about Super Bowl of China - Eastwood's tech needs","restaurant","Hello,  I've heard great things about Super Bowl of China - Eastwood and wanted to reach out.  I'm Robert James, founder of STRUKKD LABS. We're a full-stack development studio based in the Philippines.  We've helped similar restaurants streamline their operations with custom software.  Would you be open to a quick 15-minute call to discuss how we might help Super Bowl of China - Eastwood?  I'm happy to build a free prototype to show you what's possible.  Here's what we've been working on: - STRUKKD LABS: https://strukkdlabs.vercel.app/ - My portfolio: https://rj-portfolio-resume.vercel.app/  Totally understand if the timing isn't right. But if you're thinking about improving your digital presence, I'd love to help.  Cheers, Robert James Cabansay Founder, STRUKKD LABS https://strukkdlabs.vercel.app/  --- 📧 rjamscxx@gmail.com 🌐 strukkdlabs.vercel.app 💼 rj-portfolio-resume.vercel.app"
"malingapcanteen@gmail.com","Malingap Canteen - UP Diliman","Quick question about Malingap Canteen - UP Diliman's tech needs","default","Good day,  I came across Malingap Canteen - UP Diliman and was impressed by what you're building.  I'm Robert James, founder of STRUKKD LABS. We're a full-stack development studio based in the Philippines.  We help businesses like Malingap Canteen - UP Diliman build custom software that saves time and increases revenue.  Would you be open to a quick 15-minute call to discuss how we might help Malingap Canteen - UP Diliman?  I'm happy to build a free prototype to show you what's possible.  Here's what we've been working on: - STRUKKD LABS: https://strukkdlabs.vercel.app/ - My portfolio: https://rj-portfolio-resume.vercel.app/  Totally understand if the timing isn't right. But if you're thinking about improving your digital presence, I'd love to help.  Cheers, Robert James Cabansay Founder, STRUKKD LABS https://strukkdlabs.vercel.app/  --- 📧 rjamscxx@gmail.com 🌐 strukkdlabs.vercel.app 💼 rj-portfolio-resume.vercel.app"
"purplebees.home@gmail.com","Purple Bee's Home Bakery - Parañaque","Quick question about Purple Bee's Home Bakery - Parañaque's tech needs","default","Hi there,  I came across Purple Bee's Home Bakery - Parañaque and was impressed by what you're building.  I'm Robert James, founder of STRUKKD LABS. We're a full-stack development studio based in the Philippines.  We've helped similar businesses streamline their operations with custom software solutions.  I'd love to learn more about Purple Bee's Home Bakery - Parañaque's challenges. Do you have 15 minutes for a quick chat?  I'm happy to build a free prototype to show you what's possible.  Here's what we've been working on: - STRUKKD LABS: https://strukkdlabs.vercel.app/ - My portfolio: https://rj-portfolio-resume.vercel.app/  Totally understand if the timing isn't right. But if you're thinking about improving your digital presence, I'd love to help.  Cheers, Robert James Cabansay Founder, STRUKKD LABS https://strukkdlabs.vercel.app/  --- 📧 rjamscxx@gmail.com 🌐 strukkdlabs.vercel.app 💼 rj-portfolio-resume.vercel.app"
"alabang@fitnessfirst.com.ph","Fitness First - Alabang Branch","Quick question about Fitness First - Alabang Branch's tech needs","default","Hi there,  I came across Fitness First - Alabang Branch and was impressed by what you're building.  I'm Robert James, founder of STRUKKD LABS. We're a full-stack development studio based in the Philippines.  We help businesses like Fitness First - Alabang Branch build custom software that saves time and increases revenue.  Would you be open to a quick 15-minute call to discuss how we might help Fitness First - Alabang Branch?  I'm happy to build a free prototype to show you what's possible.  Here's what we've been working on: - STRUKKD LABS: https://strukkdlabs.vercel.app/ - My portfolio: https://rj-portfolio-resume.vercel.app/  Totally understand if the timing isn't right. But if you're thinking about improving your digital presence, I'd love to help.  Cheers, Robert James Cabansay Founder, STRUKKD LABS https://strukkdlabs.vercel.app/  --- 📧 rjamscxx@gmail.com 🌐 strukkdlabs.vercel.app 💼 rj-portfolio-resume.vercel.app"
"makati@anytimefitness.ph","Anytime Fitness - Makati Ave","Quick question about Anytime Fitness - Makati Ave's tech needs","default","Hi there,  I noticed Anytime Fitness - Makati Ave in the 24/7 gym needing access control system and member portal space and wanted to reach out.  I'm Robert James, founder of STRUKKD LABS. We're a full-stack development studio based in the Philippines.  We help businesses like Anytime Fitness - Makati Ave build custom software that saves time and increases revenue.  I'd love to learn more about Anytime Fitness - Makati Ave's challenges. Do you have 15 minutes for a quick chat?  I'm happy to build a free prototype to show you what's possible.  Here's what we've been working on: - STRUKKD LABS: https://strukkdlabs.vercel.app/ - My portfolio: https://rj-portfolio-resume.vercel.app/  Totally understand if the timing isn't right. But if you're thinking about improving your digital presence, I'd love to help.  Cheers, Robert James Cabansay Founder, STRUKKD LABS https://strukkdlabs.vercel.app/  --- 📧 rjamscxx@gmail.com 🌐 strukkdlabs.vercel.app 💼 rj-portfolio-resume.vercel.app"
"elpoetagym@gmail.com","El Poeta Gym & Fitness - Caloocan","Quick question about El Poeta Gym & Fitness - Caloocan's tech needs","default","Hi there,  I came across El Poeta Gym & Fitness - Caloocan and was impressed by what you're building.  I'm Robert James, founder of STRUKKD LABS. We're a full-stack development studio based in the Philippines.  We've helped similar businesses streamline their operations with custom software solutions.  I'd love to learn more about El Poeta Gym & Fitness - Caloocan's challenges. Do you have 15 minutes for a quick chat?  I'm happy to build a free prototype to show you what's possible.  Here's what we've been working on: - STRUKKD LABS: https://strukkdlabs.vercel.app/ - My portfolio: https://rj-portfolio-resume.vercel.app/  Totally understand if the timing isn't right. But if you're thinking about improving your digital presence, I'd love to help.  Cheers, Robert James Cabansay Founder, STRUKKD LABS https://strukkdlabs.vercel.app/  --- 📧 rjamscxx@gmail.com 🌐 strukkdlabs.vercel.app 💼 rj-portfolio-resume.vercel.app"
"ritmoboxing@gmail.com","Ritmo Boxing Gym - Pasig","Quick question about Ritmo Boxing Gym - Pasig's tech needs","default","Hi there,  I noticed Ritmo Boxing Gym - Pasig in the boxing gym needing class scheduling and member management app space and wanted to reach out.  I'm Robert James, founder of STRUKKD LABS. We're a full-stack development studio based in the Philippines.  Our team specializes in building web apps and systems for companies like Ritmo Boxing Gym - Pasig.  I'd love to learn more about Ritmo Boxing Gym - Pasig's challenges. Do you have 15 minutes for a quick chat?  I'm happy to build a free prototype to show you what's possible.  Here's what we've been working on: - STRUKKD LABS: https://strukkdlabs.vercel.app/ - My portfolio: https://rj-portfolio-resume.vercel.app/  Totally understand if the timing isn't right. But if you're thinking about improving your digital presence, I'd love to help.  Cheers, Robert James Cabansay Founder, STRUKKD LABS https://strukkdlabs.vercel.app/  --- 📧 rjamscxx@gmail.com 🌐 strukkdlabs.vercel.app 💼 rj-portfolio-resume.vercel.app"
"smaura@healthway.com.ph","Healthway Multi-Specialty - SM Aura","Quick question about Healthway Multi-Specialty - SM Aura's tech needs","default","Hello,  I came across Healthway Multi-Specialty - SM Aura and was impressed by what you're building.  I'm Robert James, founder of STRUKKD LABS. We're a full-stack development studio based in the Philippines.  We help businesses like Healthway Multi-Specialty - SM Aura build custom software that saves time and increases revenue.  I'd love to learn more about Healthway Multi-Specialty - SM Aura's challenges. Do you have 15 minutes for a quick chat?  I'm happy to build a free prototype to show you what's possible.  Here's what we've been working on: - STRUKKD LABS: https://strukkdlabs.vercel.app/ - My portfolio: https://rj-portfolio-resume.vercel.app/  Totally understand if the timing isn't right. But if you're thinking about improving your digital presence, I'd love to help.  Cheers, Robert James Cabansay Founder, STRUKKD LABS https://strukkdlabs.vercel.app/  --- 📧 rjamscxx@gmail.com 🌐 strukkdlabs.vercel.app 💼 rj-portfolio-resume.vercel.app"
"makati@beautymnl.com","BeautyMNL HQ - Makati","Quick question about BeautyMNL HQ - Makati's tech needs","default","Good day,  I came across BeautyMNL HQ - Makati and was impressed by what you're building.  I'm Robert James, founder of STRUKKD LABS. We're a full-stack development studio based in the Philippines.  We help businesses like BeautyMNL HQ - Makati build custom software that saves time and increases revenue.  I'd love to learn more about BeautyMNL HQ - Makati's challenges. Do you have 15 minutes for a quick chat?  I'm happy to build a free prototype to show you what's possible.  Here's what we've been working on: - STRUKKD LABS: https://strukkdlabs.vercel.app/ - My portfolio: https://rj-portfolio-resume.vercel.app/  Totally understand if the timing isn't right. But if you're thinking about improving your digital presence, I'd love to help.  Cheers, Robert James Cabansay Founder, STRUKKD LABS https://strukkdlabs.vercel.app/  --- 📧 rjamscxx@gmail.com 🌐 strukkdlabs.vercel.app 💼 rj-portfolio-resume.vercel.app"
"info@terrasolar.ph","Terra Solar PH - Office","Quick question about Terra Solar PH - Office's tech needs","default","Hello,  I came across Terra Solar PH - Office and was impressed by what you're building.  I'm Robert James, founder of STRUKKD LABS. We're a full-stack development studio based in the Philippines.  Our team specializes in building web apps and systems for companies like Terra Solar PH - Office.  I'd love to learn more about Terra Solar PH - Office's challenges. Do you have 15 minutes for a quick chat?  I'm happy to build a free prototype to show you what's possible.  Here's what we've been working on: - STRUKKD LABS: https://strukkdlabs.vercel.app/ - My portfolio: https://rj-portfolio-resume.vercel.app/  Totally understand if the timing isn't right. But if you're thinking about improving your digital presence, I'd love to help.  Cheers, Robert James Cabansay Founder, STRUKKD LABS https://strukkdlabs.vercel.app/  --- 📧 rjamscxx@gmail.com 🌐 strukkdlabs.vercel.app 💼 rj-portfolio-resume.vercel.app"
"makati@niceprintphoto.com","Nice Print Photography - Makati","Quick question about Nice Print Photography - Makati's tech needs","default","Hello,  I came across Nice Print Photography - Makati and was impressed by what you're building.  I'm Robert James, founder of STRUKKD LABS. We're a full-stack development studio based in the Philippines.  We help businesses like Nice Print Photography - Makati build custom software that saves time and increases revenue.  I'd love to learn more about Nice Print Photography - Makati's challenges. Do you have 15 minutes for a quick chat?  I'm happy to build a free prototype to show you what's possible.  Here's what we've been working on: - STRUKKD LABS: https://strukkdlabs.vercel.app/ - My portfolio: https://rj-portfolio-resume.vercel.app/  Totally understand if the timing isn't right. But if you're thinking about improving your digital presence, I'd love to help.  Cheers, Robert James Cabansay Founder, STRUKKD LABS https://strukkdlabs.vercel.app/  --- 📧 rjamscxx@gmail.com 🌐 strukkdlabs.vercel.app 💼 rj-portfolio-resume.vercel.app"
"makati@autolab.com.ph","AutoLab Car Wash & Detailing - Makati","Quick question about AutoLab Car Wash & Detailing - Makati's tech needs","default","Hi there,  While researching car detailing shop needing appointment booking and membership system businesses, I found AutoLab Car Wash & Detailing - Makati and thought of reaching out.  I'm Robert James, founder of STRUKKD LABS. We're a full-stack development studio based in the Philippines.  We've helped similar businesses streamline their operations with custom software solutions.  Would you be open to a quick 15-minute call to discuss how we might help AutoLab Car Wash & Detailing - Makati?  I'm happy to build a free prototype to show you what's possible.  Here's what we've been working on: - STRUKKD LABS: https://strukkdlabs.vercel.app/ - My portfolio: https://rj-portfolio-resume.vercel.app/  Totally understand if the timing isn't right. But if you're thinking about improving your digital presence, I'd love to help.  Cheers, Robert James Cabansay Founder, STRUKKD LABS https://strukkdlabs.vercel.app/  --- 📧 rjamscxx@gmail.com 🌐 strukkdlabs.vercel.app 💼 rj-portfolio-resume.vercel.app"
"makati@thehenryhotel.com","The Henry Hotel - Makati","Quick question about The Henry Hotel - Makati's tech needs","default","Hello,  I came across The Henry Hotel - Makati and was impressed by what you're building.  I'm Robert James, founder of STRUKKD LABS. We're a full-stack development studio based in the Philippines.  We help businesses like The Henry Hotel - Makati build custom software that saves time and increases revenue.  I'd love to learn more about The Henry Hotel - Makati's challenges. Do you have 15 minutes for a quick chat?  I'm happy to build a free prototype to show you what's possible.  Here's what we've been working on: - STRUKKD LABS: https://strukkdlabs.vercel.app/ - My portfolio: https://rj-portfolio-resume.vercel.app/  Totally understand if the timing isn't right. But if you're thinking about improving your digital presence, I'd love to help.  Cheers, Robert James Cabansay Founder, STRUKKD LABS https://strukkdlabs.vercel.app/  --- 📧 rjamscxx@gmail.com 🌐 strukkdlabs.vercel.app 💼 rj-portfolio-resume.vercel.app"
"filinvest@crimsonhotel.com","Crimson Hotel - Filinvest","Quick question about Crimson Hotel - Filinvest's tech needs","default","Hello,  I came across Crimson Hotel - Filinvest and was impressed by what you're building.  I'm Robert James, founder of STRUKKD LABS. We're a full-stack development studio based in the Philippines.  Our team specializes in building web apps and systems for companies like Crimson Hotel - Filinvest.  I'd love to learn more about Crimson Hotel - Filinvest's challenges. Do you have 15 minutes for a quick chat?  I'm happy to build a free prototype to show you what's possible.  Here's what we've been working on: - STRUKKD LABS: https://strukkdlabs.vercel.app/ - My portfolio: https://rj-portfolio-resume.vercel.app/  Totally understand if the timing isn't right. But if you're thinking about improving your digital presence, I'd love to help.  Cheers, Robert James Cabansay Founder, STRUKKD LABS https://strukkdlabs.vercel.app/  --- 📧 rjamscxx@gmail.com 🌐 strukkdlabs.vercel.app 💼 rj-portfolio-resume.vercel.app"
"bgc@sunniesstudios.com","Sunnies Studios - BGC","Quick question about Sunnies Studios - BGC's tech needs","default","Good day,  I came across Sunnies Studios - BGC and was impressed by what you're building.  I'm Robert James, founder of STRUKKD LABS. We're a full-stack development studio based in the Philippines.  We've helped similar businesses streamline their operations with custom software solutions.  Would you be open to a quick 15-minute call to discuss how we might help Sunnies Studios - BGC?  I'm happy to build a free prototype to show you what's possible.  Here's what we've been working on: - STRUKKD LABS: https://strukkdlabs.vercel.app/ - My portfolio: https://rj-portfolio-resume.vercel.app/  Totally understand if the timing isn't right. But if you're thinking about improving your digital presence, I'd love to help.  Cheers, Robert James Cabansay Founder, STRUKKD LABS https://strukkdlabs.vercel.app/  --- 📧 rjamscxx@gmail.com 🌐 strukkdlabs.vercel.app 💼 rj-portfolio-resume.vercel.app"
"makati@proudrace.com","Proudrace - Makati","Quick question about Proudrace - Makati's tech needs","default","Hello,  While researching fashion brand needing e-commerce and inventory management businesses, I found Proudrace - Makati and thought of reaching out.  I'm Robert James, founder of STRUKKD LABS. We're a full-stack development studio based in the Philippines.  We help businesses like Proudrace - Makati build custom software that saves time and increases revenue.  I'd love to learn more about Proudrace - Makati's challenges. Do you have 15 minutes for a quick chat?  I'm happy to build a free prototype to show you what's possible.  Here's what we've been working on: - STRUKKD LABS: https://strukkdlabs.vercel.app/ - My portfolio: https://rj-portfolio-resume.vercel.app/  Totally understand if the timing isn't right. But if you're thinking about improving your digital presence, I'd love to help.  Cheers, Robert James Cabansay Founder, STRUKKD LABS https://strukkdlabs.vercel.app/  --- 📧 rjamscxx@gmail.com 🌐 strukkdlabs.vercel.app 💼 rj-portfolio-resume.vercel.app"
"bgc@islandhopper.ph","Island Hopper PH - BGC","Quick question about Island Hopper PH - BGC's tech needs","default","Hi there,  I noticed Island Hopper PH - BGC in the island hopping tour operator needing booking and payment system space and wanted to reach out.  I'm Robert James, founder of STRUKKD LABS. We're a full-stack development studio based in the Philippines.  Our team specializes in building web apps and systems for companies like Island Hopper PH - BGC.  Would you be open to a quick 15-minute call to discuss how we might help Island Hopper PH - BGC?  I'm happy to build a free prototype to show you what's possible.  Here's what we've been working on: - STRUKKD LABS: https://strukkdlabs.vercel.app/ - My portfolio: https://rj-portfolio-resume.vercel.app/  Totally understand if the timing isn't right. But if you're thinking about improving your digital presence, I'd love to help.  Cheers, Robert James Cabansay Founder, STRUKKD LABS https://strukkdlabs.vercel.app/  --- 📧 rjamscxx@gmail.com 🌐 strukkdlabs.vercel.app 💼 rj-portfolio-resume.vercel.app"
"makati@edukasyon.ph","Edukasyon.ph - Makati","Quick question about Edukasyon.ph - Makati's tech needs","default","Hello,  I came across Edukasyon.ph - Makati and was impressed by what you're building.  I'm Robert James, founder of STRUKKD LABS. We're a full-stack development studio based in the Philippines.  Our team specializes in building web apps and systems for companies like Edukasyon.ph - Makati.  Would you be open to a quick 15-minute call to discuss how we might help Edukasyon.ph - Makati?  I'm happy to build a free prototype to show you what's possible.  Here's what we've been working on: - STRUKKD LABS: https://strukkdlabs.vercel.app/ - My portfolio: https://rj-portfolio-resume.vercel.app/  Totally understand if the timing isn't right. But if you're thinking about improving your digital presence, I'd love to help.  Cheers, Robert James Cabansay Founder, STRUKKD LABS https://strukkdlabs.vercel.app/  --- 📧 rjamscxx@gmail.com 🌐 strukkdlabs.vercel.app 💼 rj-portfolio-resume.vercel.app"
"bgc@healthmatch.ph","HealthMatch PH - BGC","Quick question about HealthMatch PH - BGC's tech needs","default","Hi there,  I came across HealthMatch PH - BGC and was impressed by what you're building.  I'm Robert James, founder of STRUKKD LABS. We're a full-stack development studio based in the Philippines.  Our team specializes in building web apps and systems for companies like HealthMatch PH - BGC.  I'd love to learn more about HealthMatch PH - BGC's challenges. Do you have 15 minutes for a quick chat?  I'm happy to build a free prototype to show you what's possible.  Here's what we've been working on: - STRUKKD LABS: https://strukkdlabs.vercel.app/ - My portfolio: https://rj-portfolio-resume.vercel.app/  Totally understand if the timing isn't right. But if you're thinking about improving your digital presence, I'd love to help.  Cheers, Robert James Cabansay Founder, STRUKKD LABS https://strukkdlabs.vercel.app/  --- 📧 rjamscxx@gmail.com 🌐 strukkdlabs.vercel.app 💼 rj-portfolio-resume.vercel.app"
"makati@lamudi.com.ph","Lamudi Philippines - Makati","Quick question about Lamudi Philippines - Makati's tech needs","default","Hello,  I came across Lamudi Philippines - Makati and was impressed by what you're building.  I'm Robert James, founder of STRUKKD LABS. We're a full-stack development studio based in the Philippines.  We've helped similar businesses streamline their operations with custom software solutions.  Would you be open to a quick 15-minute call to discuss how we might help Lamudi Philippines - Makati?  I'm happy to build a free prototype to show you what's possible.  Here's what we've been working on: - STRUKKD LABS: https://strukkdlabs.vercel.app/ - My portfolio: https://rj-portfolio-resume.vercel.app/  Totally understand if the timing isn't right. But if you're thinking about improving your digital presence, I'd love to help.  Cheers, Robert James Cabansay Founder, STRUKKD LABS https://strukkdlabs.vercel.app/  --- 📧 rjamscxx@gmail.com 🌐 strukkdlabs.vercel.app 💼 rj-portfolio-resume.vercel.app"
"makati@kalibrr.com","Kalibrr PH - Makati","Quick question about Kalibrr PH - Makati's tech needs","default","Good day,  I noticed Kalibrr PH - Makati in the hr tech platform needing applicant tracking and assessment tools space and wanted to reach out.  I'm Robert James, founder of STRUKKD LABS. We're a full-stack development studio based in the Philippines.  Our team specializes in building web apps and systems for companies like Kalibrr PH - Makati.  Would you be open to a quick 15-minute call to discuss how we might help Kalibrr PH - Makati?  I'm happy to build a free prototype to show you what's possible.  Here's what we've been working on: - STRUKKD LABS: https://strukkdlabs.vercel.app/ - My portfolio: https://rj-portfolio-resume.vercel.app/  Totally understand if the timing isn't right. But if you're thinking about improving your digital presence, I'd love to help.  Cheers, Robert James Cabansay Founder, STRUKKD LABS https://strukkdlabs.vercel.app/  --- 📧 rjamscxx@gmail.com 🌐 strukkdlabs.vercel.app 💼 rj-portfolio-resume.vercel.app"
"bgc@sprout.ph","Sprout Solutions PH - BGC","Quick question about Sprout Solutions PH - BGC's tech needs","default","Good day,  I came across Sprout Solutions PH - BGC and was impressed by what you're building.  I'm Robert James, founder of STRUKKD LABS. We're a full-stack development studio based in the Philippines.  We've helped similar businesses streamline their operations with custom software solutions.  Would you be open to a quick 15-minute call to discuss how we might help Sprout Solutions PH - BGC?  I'm happy to build a free prototype to show you what's possible.  Here's what we've been working on: - STRUKKD LABS: https://strukkdlabs.vercel.app/ - My portfolio: https://rj-portfolio-resume.vercel.app/  Totally understand if the timing isn't right. But if you're thinking about improving your digital presence, I'd love to help.  Cheers, Robert James Cabansay Founder, STRUKKD LABS https://strukkdlabs.vercel.app/  --- 📧 rjamscxx@gmail.com 🌐 strukkdlabs.vercel.app 💼 rj-portfolio-resume.vercel.app"
"makati@klook.ph","Klook Philippines - Makati","Quick question about Klook Philippines - Makati's tech needs","default","Hello,  I came across Klook Philippines - Makati and was impressed by what you're building.  I'm Robert James, founder of STRUKKD LABS. We're a full-stack development studio based in the Philippines.  We help businesses like Klook Philippines - Makati build custom software that saves time and increases revenue.  I'd love to learn more about Klook Philippines - Makati's challenges. Do you have 15 minutes for a quick chat?  I'm happy to build a free prototype to show you what's possible.  Here's what we've been working on: - STRUKKD LABS: https://strukkdlabs.vercel.app/ - My portfolio: https://rj-portfolio-resume.vercel.app/  Totally understand if the timing isn't right. But if you're thinking about improving your digital presence, I'd love to help.  Cheers, Robert James Cabansay Founder, STRUKKD LABS https://strukkdlabs.vercel.app/  --- 📧 rjamscxx@gmail.com 🌐 strukkdlabs.vercel.app 💼 rj-portfolio-resume.vercel.app"
"bgc@proudrace.com","Proudrace Store - BGC","Quick question about Proudrace Store - BGC's tech needs","default","Hello,  I noticed Proudrace Store - BGC in the fashion brand needing e-commerce and inventory management space and wanted to reach out.  I'm Robert James, founder of STRUKKD LABS. We're a full-stack development studio based in the Philippines.  Our team specializes in building web apps and systems for companies like Proudrace Store - BGC.  I'd love to learn more about Proudrace Store - BGC's challenges. Do you have 15 minutes for a quick chat?  I'm happy to build a free prototype to show you what's possible.  Here's what we've been working on: - STRUKKD LABS: https://strukkdlabs.vercel.app/ - My portfolio: https://rj-portfolio-resume.vercel.app/  Totally understand if the timing isn't right. But if you're thinking about improving your digital presence, I'd love to help.  Cheers, Robert James Cabansay Founder, STRUKKD LABS https://strukkdlabs.vercel.app/  --- 📧 rjamscxx@gmail.com 🌐 strukkdlabs.vercel.app 💼 rj-portfolio-resume.vercel.app"
"makati@teammanila.com","Team Manila Lifestyle - Makati","Quick question about Team Manila Lifestyle - Makati's tech needs","default","Good day,  I came across Team Manila Lifestyle - Makati and was impressed by what you're building.  I'm Robert James, founder of STRUKKD LABS. We're a full-stack development studio based in the Philippines.  We've helped similar businesses streamline their operations with custom software solutions.  I'd love to learn more about Team Manila Lifestyle - Makati's challenges. Do you have 15 minutes for a quick chat?  I'm happy to build a free prototype to show you what's possible.  Here's what we've been working on: - STRUKKD LABS: https://strukkdlabs.vercel.app/ - My portfolio: https://rj-portfolio-resume.vercel.app/  Totally understand if the timing isn't right. But if you're thinking about improving your digital presence, I'd love to help.  Cheers, Robert James Cabansay Founder, STRUKKD LABS https://strukkdlabs.vercel.app/  --- 📧 rjamscxx@gmail.com 🌐 strukkdlabs.vercel.app 💼 rj-portfolio-resume.vercel.app"
"bgc@rajolaurel.com","Rajo Laurel - BGC","Quick question about Rajo Laurel - BGC's tech needs","default","Good day,  I noticed Rajo Laurel - BGC in the fashion designer needing portfolio website and client booking system space and wanted to reach out.  I'm Robert James, founder of STRUKKD LABS. We're a full-stack development studio based in the Philippines.  Our team specializes in building web apps and systems for companies like Rajo Laurel - BGC.  I'd love to learn more about Rajo Laurel - BGC's challenges. Do you have 15 minutes for a quick chat?  I'm happy to build a free prototype to show you what's possible.  Here's what we've been working on: - STRUKKD LABS: https://strukkdlabs.vercel.app/ - My portfolio: https://rj-portfolio-resume.vercel.app/  Totally understand if the timing isn't right. But if you're thinking about improving your digital presence, I'd love to help.  Cheers, Robert James Cabansay Founder, STRUKKD LABS https://strukkdlabs.vercel.app/  --- 📧 rjamscxx@gmail.com 🌐 strukkdlabs.vercel.app 💼 rj-portfolio-resume.vercel.app"
"makati@senti.ai","Senti AI - Makati","Quick question about Senti AI - Makati's tech needs","default","Good day,  I noticed Senti AI - Makati in the ai startup needing nlp platform and api management dashboard space and wanted to reach out.  I'm Robert James, founder of STRUKKD LABS. We're a full-stack development studio based in the Philippines.  We help businesses like Senti AI - Makati build custom software that saves time and increases revenue.  I'd love to learn more about Senti AI - Makati's challenges. Do you have 15 minutes for a quick chat?  I'm happy to build a free prototype to show you what's possible.  Here's what we've been working on: - STRUKKD LABS: https://strukkdlabs.vercel.app/ - My portfolio: https://rj-portfolio-resume.vercel.app/  Totally understand if the timing isn't right. But if you're thinking about improving your digital presence, I'd love to help.  Cheers, Robert James Cabansay Founder, STRUKKD LABS https://strukkdlabs.vercel.app/  --- 📧 rjamscxx@gmail.com 🌐 strukkdlabs.vercel.app 💼 rj-portfolio-resume.vercel.app"
"bgc@qbo.com.ph","QBO Innovation Hub - BGC","Quick question about QBO Innovation Hub - BGC's tech needs","default","Hi there,  I came across QBO Innovation Hub - BGC and was impressed by what you're building.  I'm Robert James, founder of STRUKKD LABS. We're a full-stack development studio based in the Philippines.  Our team specializes in building web apps and systems for companies like QBO Innovation Hub - BGC.  Would you be open to a quick 15-minute call to discuss how we might help QBO Innovation Hub - BGC?  I'm happy to build a free prototype to show you what's possible.  Here's what we've been working on: - STRUKKD LABS: https://strukkdlabs.vercel.app/ - My portfolio: https://rj-portfolio-resume.vercel.app/  Totally understand if the timing isn't right. But if you're thinking about improving your digital presence, I'd love to help.  Cheers, Robert James Cabansay Founder, STRUKKD LABS https://strukkdlabs.vercel.app/  --- 📧 rjamscxx@gmail.com 🌐 strukkdlabs.vercel.app 💼 rj-portfolio-resume.vercel.app"
"eastwood@silantro.com.ph","Silantro Fil-Mex Cantina - Eastwood","Quick question about Silantro Fil-Mex Cantina - Eastwood's tech needs","restaurant","Good day,  I came across Silantro Fil-Mex Cantina - Eastwood and love what you're doing with food in Quezon City.  I'm Robert James, founder of STRUKKD LABS. We're a full-stack development studio based in the Philippines.  Our team builds custom reservation and delivery platforms for restaurants.  Would you be open to a quick 15-minute call to discuss how we might help Silantro Fil-Mex Cantina - Eastwood?  I'm happy to build a free prototype to show you what's possible.  Here's what we've been working on: - STRUKKD LABS: https://strukkdlabs.vercel.app/ - My portfolio: https://rj-portfolio-resume.vercel.app/  Totally understand if the timing isn't right. But if you're thinking about improving your digital presence, I'd love to help.  Cheers, Robert James Cabansay Founder, STRUKKD LABS https://strukkdlabs.vercel.app/  --- 📧 rjamscxx@gmail.com 🌐 strukkdlabs.vercel.app 💼 rj-portfolio-resume.vercel.app"
"bgc@wildflour.com.ph","Wild Flour Café - BGC","Quick question about Wild Flour Café - BGC's tech needs","default","Hello,  I noticed Wild Flour Café - BGC in the café & bakery needing online ordering and loyalty program space and wanted to reach out.  I'm Robert James, founder of STRUKKD LABS. We're a full-stack development studio based in the Philippines.  We've helped similar businesses streamline their operations with custom software solutions.  Would you be open to a quick 15-minute call to discuss how we might help Wild Flour Café - BGC?  I'm happy to build a free prototype to show you what's possible.  Here's what we've been working on: - STRUKKD LABS: https://strukkdlabs.vercel.app/ - My portfolio: https://rj-portfolio-resume.vercel.app/  Totally understand if the timing isn't right. But if you're thinking about improving your digital presence, I'd love to help.  Cheers, Robert James Cabansay Founder, STRUKKD LABS https://strukkdlabs.vercel.app/  --- 📧 rjamscxx@gmail.com 🌐 strukkdlabs.vercel.app 💼 rj-portfolio-resume.vercel.app"
"bgc@kpmg.com.ph","KPMG Philippines - BGC","Quick question about KPMG Philippines - BGC's tech needs","default","Hello,  I noticed KPMG Philippines - BGC in the audit firm needing digital transformation and client management space and wanted to reach out.  I'm Robert James, founder of STRUKKD LABS. We're a full-stack development studio based in the Philippines.  We help businesses like KPMG Philippines - BGC build custom software that saves time and increases revenue.  Would you be open to a quick 15-minute call to discuss how we might help KPMG Philippines - BGC?  I'm happy to build a free prototype to show you what's possible.  Here's what we've been working on: - STRUKKD LABS: https://strukkdlabs.vercel.app/ - My portfolio: https://rj-portfolio-resume.vercel.app/  Totally understand if the timing isn't right. But if you're thinking about improving your digital presence, I'd love to help.  Cheers, Robert James Cabansay Founder, STRUKKD LABS https://strukkdlabs.vercel.app/  --- 📧 rjamscxx@gmail.com 🌐 strukkdlabs.vercel.app 💼 rj-portfolio-resume.vercel.app"
"makati@syciplaw.com","SyCip Law - Makati","Quick question about SyCip Law - Makati's tech needs","default","Hi there,  I noticed SyCip Law - Makati in the law firm needing legal research and case management platform space and wanted to reach out.  I'm Robert James, founder of STRUKKD LABS. We're a full-stack development studio based in the Philippines.  Our team specializes in building web apps and systems for companies like SyCip Law - Makati.  I'd love to learn more about SyCip Law - Makati's challenges. Do you have 15 minutes for a quick chat?  I'm happy to build a free prototype to show you what's possible.  Here's what we've been working on: - STRUKKD LABS: https://strukkdlabs.vercel.app/ - My portfolio: https://rj-portfolio-resume.vercel.app/  Totally understand if the timing isn't right. But if you're thinking about improving your digital presence, I'd love to help.  Cheers, Robert James Cabansay Founder, STRUKKD LABS https://strukkdlabs.vercel.app/  --- 📧 rjamscxx@gmail.com 🌐 strukkdlabs.vercel.app 💼 rj-portfolio-resume.vercel.app"
"makati@humanheartnature.com","Human Nature - Makati","Quick question about Human Nature - Makati's tech needs","default","Hello,  I noticed Human Nature - Makati in the natural products brand needing e-commerce and subscription system space and wanted to reach out.  I'm Robert James, founder of STRUKKD LABS. We're a full-stack development studio based in the Philippines.  We've helped similar businesses streamline their operations with custom software solutions.  I'd love to learn more about Human Nature - Makati's challenges. Do you have 15 minutes for a quick chat?  I'm happy to build a free prototype to show you what's possible.  Here's what we've been working on: - STRUKKD LABS: https://strukkdlabs.vercel.app/ - My portfolio: https://rj-portfolio-resume.vercel.app/  Totally understand if the timing isn't right. But if you're thinking about improving your digital presence, I'd love to help.  Cheers, Robert James Cabansay Founder, STRUKKD LABS https://strukkdlabs.vercel.app/  --- 📧 rjamscxx@gmail.com 🌐 strukkdlabs.vercel.app 💼 rj-portfolio-resume.vercel.app"
"bgc@penshoppe.com","Penshoppe - BGC","Quick question about Penshoppe - BGC's tech needs","default","Hello,  I noticed Penshoppe - BGC in the fashion brand needing e-commerce upgrade and loyalty app space and wanted to reach out.  I'm Robert James, founder of STRUKKD LABS. We're a full-stack development studio based in the Philippines.  Our team specializes in building web apps and systems for companies like Penshoppe - BGC.  I'd love to learn more about Penshoppe - BGC's challenges. Do you have 15 minutes for a quick chat?  I'm happy to build a free prototype to show you what's possible.  Here's what we've been working on: - STRUKKD LABS: https://strukkdlabs.vercel.app/ - My portfolio: https://rj-portfolio-resume.vercel.app/  Totally understand if the timing isn't right. But if you're thinking about improving your digital presence, I'd love to help.  Cheers, Robert James Cabansay Founder, STRUKKD LABS https://strukkdlabs.vercel.app/  --- 📧 rjamscxx@gmail.com 🌐 strukkdlabs.vercel.app 💼 rj-portfolio-resume.vercel.app"
"ortigas@bench.com.ph","BENCH - Ortigas","Quick question about BENCH - Ortigas's tech needs","default","Hello,  I came across BENCH - Ortigas and was impressed by what you're building.  I'm Robert James, founder of STRUKKD LABS. We're a full-stack development studio based in the Philippines.  We help businesses like BENCH - Ortigas build custom software that saves time and increases revenue.  Would you be open to a quick 15-minute call to discuss how we might help BENCH - Ortigas?  I'm happy to build a free prototype to show you what's possible.  Here's what we've been working on: - STRUKKD LABS: https://strukkdlabs.vercel.app/ - My portfolio: https://rj-portfolio-resume.vercel.app/  Totally understand if the timing isn't right. But if you're thinking about improving your digital presence, I'd love to help.  Cheers, Robert James Cabansay Founder, STRUKKD LABS https://strukkdlabs.vercel.app/  --- 📧 rjamscxx@gmail.com 🌐 strukkdlabs.vercel.app 💼 rj-portfolio-resume.vercel.app"
"quezoncity@laundryhub.ph","LaundryHub - Quezon City","Quick question about LaundryHub - Quezon City's tech needs","default","Hi there,  I came across LaundryHub - Quezon City and was impressed by what you're building.  I'm Robert James, founder of STRUKKD LABS. We're a full-stack development studio based in the Philippines.  Our team specializes in building web apps and systems for companies like LaundryHub - Quezon City.  I'd love to learn more about LaundryHub - Quezon City's challenges. Do you have 15 minutes for a quick chat?  I'm happy to build a free prototype to show you what's possible.  Here's what we've been working on: - STRUKKD LABS: https://strukkdlabs.vercel.app/ - My portfolio: https://rj-portfolio-resume.vercel.app/  Totally understand if the timing isn't right. But if you're thinking about improving your digital presence, I'd love to help.  Cheers, Robert James Cabansay Founder, STRUKKD LABS https://strukkdlabs.vercel.app/  --- 📧 rjamscxx@gmail.com 🌐 strukkdlabs.vercel.app 💼 rj-portfolio-resume.vercel.app"
"makati@brideandbreakfast.ph","Bride and Breakfast PH - Makati","Quick question about Bride and Breakfast PH - Makati's tech needs","default","Hi there,  I noticed Bride and Breakfast PH - Makati in the wedding planning service needing vendor management and booking system space and wanted to reach out.  I'm Robert James, founder of STRUKKD LABS. We're a full-stack development studio based in the Philippines.  We help businesses like Bride and Breakfast PH - Makati build custom software that saves time and increases revenue.  Would you be open to a quick 15-minute call to discuss how we might help Bride and Breakfast PH - Makati?  I'm happy to build a free prototype to show you what's possible.  Here's what we've been working on: - STRUKKD LABS: https://strukkdlabs.vercel.app/ - My portfolio: https://rj-portfolio-resume.vercel.app/  Totally understand if the timing isn't right. But if you're thinking about improving your digital presence, I'd love to help.  Cheers, Robert James Cabansay Founder, STRUKKD LABS https://strukkdlabs.vercel.app/  --- 📧 rjamscxx@gmail.com 🌐 strukkdlabs.vercel.app 💼 rj-portfolio-resume.vercel.app"
"quezoncity@safezone.ph","SafeZone Security - Quezon City","Quick question about SafeZone Security - Quezon City's tech needs","default","Good day,  While researching security agency needing scheduling and incident reporting system businesses, I found SafeZone Security - Quezon City and thought of reaching out.  I'm Robert James, founder of STRUKKD LABS. We're a full-stack development studio based in the Philippines.  We've helped similar businesses streamline their operations with custom software solutions.  Would you be open to a quick 15-minute call to discuss how we might help SafeZone Security - Quezon City?  I'm happy to build a free prototype to show you what's possible.  Here's what we've been working on: - STRUKKD LABS: https://strukkdlabs.vercel.app/ - My portfolio: https://rj-portfolio-resume.vercel.app/  Totally understand if the timing isn't right. But if you're thinking about improving your digital presence, I'd love to help.  Cheers, Robert James Cabansay Founder, STRUKKD LABS https://strukkdlabs.vercel.app/  --- 📧 rjamscxx@gmail.com 🌐 strukkdlabs.vercel.app 💼 rj-portfolio-resume.vercel.app"
"makati@jasonmagbanua.com","Jason Magbanua Productions - Makati","Quick question about Jason Magbanua Productions - Makati's tech needs","default","Hi there,  I noticed Jason Magbanua Productions - Makati in the wedding videography needing booking and project management system space and wanted to reach out.  I'm Robert James, founder of STRUKKD LABS. We're a full-stack development studio based in the Philippines.  We've helped similar businesses streamline their operations with custom software solutions.  Would you be open to a quick 15-minute call to discuss how we might help Jason Magbanua Productions - Makati?  I'm happy to build a free prototype to show you what's possible.  Here's what we've been working on: - STRUKKD LABS: https://strukkdlabs.vercel.app/ - My portfolio: https://rj-portfolio-resume.vercel.app/  Totally understand if the timing isn't right. But if you're thinking about improving your digital presence, I'd love to help.  Cheers, Robert James Cabansay Founder, STRUKKD LABS https://strukkdlabs.vercel.app/  --- 📧 rjamscxx@gmail.com 🌐 strukkdlabs.vercel.app 💼 rj-portfolio-resume.vercel.app"
"bgc@ditto-productions.com","DITTO Productions - BGC","Quick question about DITTO Productions - BGC's tech needs","default","Good day,  While researching event production needing project management and client portal businesses, I found DITTO Productions - BGC and thought of reaching out.  I'm Robert James, founder of STRUKKD LABS. We're a full-stack development studio based in the Philippines.  Our team specializes in building web apps and systems for companies like DITTO Productions - BGC.  Would you be open to a quick 15-minute call to discuss how we might help DITTO Productions - BGC?  I'm happy to build a free prototype to show you what's possible.  Here's what we've been working on: - STRUKKD LABS: https://strukkdlabs.vercel.app/ - My portfolio: https://rj-portfolio-resume.vercel.app/  Totally understand if the timing isn't right. But if you're thinking about improving your digital presence, I'd love to help.  Cheers, Robert James Cabansay Founder, STRUKKD LABS https://strukkdlabs.vercel.app/  --- 📧 rjamscxx@gmail.com 🌐 strukkdlabs.vercel.app 💼 rj-portfolio-resume.vercel.app"
"bf@puregold.com.ph","Puregold Parañaque - BF","Quick question about Puregold Parañaque - BF's tech needs","default","Hi there,  While researching supermarket needing inventory management and loyalty system businesses, I found Puregold Parañaque - BF and thought of reaching out.  I'm Robert James, founder of STRUKKD LABS. We're a full-stack development studio based in the Philippines.  Our team specializes in building web apps and systems for companies like Puregold Parañaque - BF.  Would you be open to a quick 15-minute call to discuss how we might help Puregold Parañaque - BF?  I'm happy to build a free prototype to show you what's possible.  Here's what we've been working on: - STRUKKD LABS: https://strukkdlabs.vercel.app/ - My portfolio: https://rj-portfolio-resume.vercel.app/  Totally understand if the timing isn't right. But if you're thinking about improving your digital presence, I'd love to help.  Cheers, Robert James Cabansay Founder, STRUKKD LABS https://strukkdlabs.vercel.app/  --- 📧 rjamscxx@gmail.com 🌐 strukkdlabs.vercel.app 💼 rj-portfolio-resume.vercel.app"
"bgc@sunniesface.com","Sunnies Face - BGC","Quick question about Sunnies Face - BGC's tech needs","default","Hello,  I came across Sunnies Face - BGC and was impressed by what you're building.  I'm Robert James, founder of STRUKKD LABS. We're a full-stack development studio based in the Philippines.  We help businesses like Sunnies Face - BGC build custom software that saves time and increases revenue.  I'd love to learn more about Sunnies Face - BGC's challenges. Do you have 15 minutes for a quick chat?  I'm happy to build a free prototype to show you what's possible.  Here's what we've been working on: - STRUKKD LABS: https://strukkdlabs.vercel.app/ - My portfolio: https://rj-portfolio-resume.vercel.app/  Totally understand if the timing isn't right. But if you're thinking about improving your digital presence, I'd love to help.  Cheers, Robert James Cabansay Founder, STRUKKD LABS https://strukkdlabs.vercel.app/  --- 📧 rjamscxx@gmail.com 🌐 strukkdlabs.vercel.app 💼 rj-portfolio-resume.vercel.app"
"makati@urbanathletics.ph","Urban Athletics PH - Makati","Quick question about Urban Athletics PH - Makati's tech needs","default","Hello,  I noticed Urban Athletics PH - Makati in the athletic wear brand needing e-commerce and size recommendation space and wanted to reach out.  I'm Robert James, founder of STRUKKD LABS. We're a full-stack development studio based in the Philippines.  Our team specializes in building web apps and systems for companies like Urban Athletics PH - Makati.  I'd love to learn more about Urban Athletics PH - Makati's challenges. Do you have 15 minutes for a quick chat?  I'm happy to build a free prototype to show you what's possible.  Here's what we've been working on: - STRUKKD LABS: https://strukkdlabs.vercel.app/ - My portfolio: https://rj-portfolio-resume.vercel.app/  Totally understand if the timing isn't right. But if you're thinking about improving your digital presence, I'd love to help.  Cheers, Robert James Cabansay Founder, STRUKKD LABS https://strukkdlabs.vercel.app/  --- 📧 rjamscxx@gmail.com 🌐 strukkdlabs.vercel.app 💼 rj-portfolio-resume.vercel.app"
"makati@mober.ph","Mober Technology - Makati","Quick question about Mober Technology - Makati's tech needs","default","Hi there,  I noticed Mober Technology - Makati in the logistics tech startup needing delivery management platform space and wanted to reach out.  I'm Robert James, founder of STRUKKD LABS. We're a full-stack development studio based in the Philippines.  Our team specializes in building web apps and systems for companies like Mober Technology - Makati.  I'd love to learn more about Mober Technology - Makati's challenges. Do you have 15 minutes for a quick chat?  I'm happy to build a free prototype to show you what's possible.  Here's what we've been working on: - STRUKKD LABS: https://strukkdlabs.vercel.app/ - My portfolio: https://rj-portfolio-resume.vercel.app/  Totally understand if the timing isn't right. But if you're thinking about improving your digital presence, I'd love to help.  Cheers, Robert James Cabansay Founder, STRUKKD LABS https://strukkdlabs.vercel.app/  --- 📧 rjamscxx@gmail.com 🌐 strukkdlabs.vercel.app 💼 rj-portfolio-resume.vercel.app"
"bgc@paymongo.com","PayMongo - BGC","Quick question about PayMongo - BGC's tech needs","default","Good day,  I noticed PayMongo - BGC in the payment gateway needing merchant dashboard and analytics platform space and wanted to reach out.  I'm Robert James, founder of STRUKKD LABS. We're a full-stack development studio based in the Philippines.  We've helped similar businesses streamline their operations with custom software solutions.  I'd love to learn more about PayMongo - BGC's challenges. Do you have 15 minutes for a quick chat?  I'm happy to build a free prototype to show you what's possible.  Here's what we've been working on: - STRUKKD LABS: https://strukkdlabs.vercel.app/ - My portfolio: https://rj-portfolio-resume.vercel.app/  Totally understand if the timing isn't right. But if you're thinking about improving your digital presence, I'd love to help.  Cheers, Robert James Cabansay Founder, STRUKKD LABS https://strukkdlabs.vercel.app/  --- 📧 rjamscxx@gmail.com 🌐 strukkdlabs.vercel.app 💼 rj-portfolio-resume.vercel.app"
"bgc@coins.ph","Coins.ph - BGC","Quick question about Coins.ph - BGC's tech needs","default","Hello,  I noticed Coins.ph - BGC in the crypto exchange needing trading platform and wallet management space and wanted to reach out.  I'm Robert James, founder of STRUKKD LABS. We're a full-stack development studio based in the Philippines.  Our team specializes in building web apps and systems for companies like Coins.ph - BGC.  Would you be open to a quick 15-minute call to discuss how we might help Coins.ph - BGC?  I'm happy to build a free prototype to show you what's possible.  Here's what we've been working on: - STRUKKD LABS: https://strukkdlabs.vercel.app/ - My portfolio: https://rj-portfolio-resume.vercel.app/  Totally understand if the timing isn't right. But if you're thinking about improving your digital presence, I'd love to help.  Cheers, Robert James Cabansay Founder, STRUKKD LABS https://strukkdlabs.vercel.app/  --- 📧 rjamscxx@gmail.com 🌐 strukkdlabs.vercel.app 💼 rj-portfolio-resume.vercel.app"
"makati@kumu.ph","Kumu PH - Makati","Quick question about Kumu PH - Makati's tech needs","default","Good day,  While researching live streaming app needing creator tools and monetization platform businesses, I found Kumu PH - Makati and thought of reaching out.  I'm Robert James, founder of STRUKKD LABS. We're a full-stack development studio based in the Philippines.  We've helped similar businesses streamline their operations with custom software solutions.  Would you be open to a quick 15-minute call to discuss how we might help Kumu PH - Makati?  I'm happy to build a free prototype to show you what's possible.  Here's what we've been working on: - STRUKKD LABS: https://strukkdlabs.vercel.app/ - My portfolio: https://rj-portfolio-resume.vercel.app/  Totally understand if the timing isn't right. But if you're thinking about improving your digital presence, I'd love to help.  Cheers, Robert James Cabansay Founder, STRUKKD LABS https://strukkdlabs.vercel.app/  --- 📧 rjamscxx@gmail.com 🌐 strukkdlabs.vercel.app 💼 rj-portfolio-resume.vercel.app"
"bgc@voyagerinnovations.com","Voyager Innovations - BGC","Quick question about Voyager Innovations - BGC's tech needs","fintech","Hi there,  I've been following Voyager Innovations - BGC's growth and wanted to reach out.  I'm Robert James, founder of STRUKKD LABS. We're a full-stack development studio based in the Philippines.  We've helped similar startups scale their platforms to handle millions of users.  I'd love to explore how we might support Voyager Innovations - BGC's technical needs.  I'm happy to build a free prototype to show you what's possible.  Here's what we've been working on: - STRUKKD LABS: https://strukkdlabs.vercel.app/ - My portfolio: https://rj-portfolio-resume.vercel.app/  Totally understand if the timing isn't right. But if you're thinking about improving your digital presence, I'd love to help.  Cheers, Robert James Cabansay Founder, STRUKKD LABS https://strukkdlabs.vercel.app/  --- 📧 rjamscxx@gmail.com 🌐 strukkdlabs.vercel.app 💼 rj-portfolio-resume.vercel.app"
"binondocoffee@gmail.com","Binondo Coffee House","Quick question about Binondo Coffee House's tech needs","cafe","Good day,  Your cafe concept looks amazing! I wanted to reach out about tech solutions.  I'm Robert James, founder of STRUKKD LABS. We're a full-stack development studio based in the Philippines.  We help cafes build loyalty programs and mobile ordering apps.  Free for a quick virtual coffee? I have some ideas specific to Binondo Coffee House.  I'm happy to build a free prototype to show you what's possible.  Here's what we've been working on: - STRUKKD LABS: https://strukkdlabs.vercel.app/ - My portfolio: https://rj-portfolio-resume.vercel.app/  Totally understand if the timing isn't right. But if you're thinking about improving your digital presence, I'd love to help.  Cheers, Robert James Cabansay Founder, STRUKKD LABS https://strukkdlabs.vercel.app/  --- 📧 rjamscxx@gmail.com 🌐 strukkdlabs.vercel.app 💼 rj-portfolio-resume.vercel.app"
"intramurosbistro@gmail.com","Intramuros Bistro","Quick question about Intramuros Bistro's tech needs","default","Good day,  I came across Intramuros Bistro and was impressed by what you're building.  I'm Robert James, founder of STRUKKD LABS. We're a full-stack development studio based in the Philippines.  We help businesses like Intramuros Bistro build custom software that saves time and increases revenue.  Would you be open to a quick 15-minute call to discuss how we might help Intramuros Bistro?  I'm happy to build a free prototype to show you what's possible.  Here's what we've been working on: - STRUKKD LABS: https://strukkdlabs.vercel.app/ - My portfolio: https://rj-portfolio-resume.vercel.app/  Totally understand if the timing isn't right. But if you're thinking about improving your digital presence, I'd love to help.  Cheers, Robert James Cabansay Founder, STRUKKD LABS https://strukkdlabs.vercel.app/  --- 📧 rjamscxx@gmail.com 🌐 strukkdlabs.vercel.app 💼 rj-portfolio-resume.vercel.app"
"ermitaeatery@gmail.com","Ermita Eatery","Quick question about Ermita Eatery's tech needs","default","Hello,  I noticed Ermita Eatery in the local eatery needing pos and inventory system space and wanted to reach out.  I'm Robert James, founder of STRUKKD LABS. We're a full-stack development studio based in the Philippines.  Our team specializes in building web apps and systems for companies like Ermita Eatery.  I'd love to learn more about Ermita Eatery's challenges. Do you have 15 minutes for a quick chat?  I'm happy to build a free prototype to show you what's possible.  Here's what we've been working on: - STRUKKD LABS: https://strukkdlabs.vercel.app/ - My portfolio: https://rj-portfolio-resume.vercel.app/  Totally understand if the timing isn't right. But if you're thinking about improving your digital presence, I'd love to help.  Cheers, Robert James Cabansay Founder, STRUKKD LABS https://strukkdlabs.vercel.app/  --- 📧 rjamscxx@gmail.com 🌐 strukkdlabs.vercel.app 💼 rj-portfolio-resume.vercel.app"
"malategrill@gmail.com","Malate Grill House","Quick question about Malate Grill House's tech needs","restaurant","Hi there,  Your restaurant caught my attention while researching grill restaurant needing online ordering and delivery tracking businesses.  I'm Robert James, founder of STRUKKD LABS. We're a full-stack development studio based in the Philippines.  We've helped similar restaurants streamline their operations with custom software.  Would you be open to a quick 15-minute call to discuss how we might help Malate Grill House?  I'm happy to build a free prototype to show you what's possible.  Here's what we've been working on: - STRUKKD LABS: https://strukkdlabs.vercel.app/ - My portfolio: https://rj-portfolio-resume.vercel.app/  Totally understand if the timing isn't right. But if you're thinking about improving your digital presence, I'd love to help.  Cheers, Robert James Cabansay Founder, STRUKKD LABS https://strukkdlabs.vercel.app/  --- 📧 rjamscxx@gmail.com 🌐 strukkdlabs.vercel.app 💼 rj-portfolio-resume.vercel.app"
"sampalockitchen@gmail.com","Sampaloc Sari-Sari Kitchen","Quick question about Sampaloc Sari-Sari Kitchen's tech needs","restaurant","Hi there,  I've heard great things about Sampaloc Sari-Sari Kitchen and wanted to reach out.  I'm Robert James, founder of STRUKKD LABS. We're a full-stack development studio based in the Philippines.  We help restaurants like Sampaloc Sari-Sari Kitchen build online ordering systems that increase sales by 30%.  Would you be open to a quick 15-minute call to discuss how we might help Sampaloc Sari-Sari Kitchen?  I'm happy to build a free prototype to show you what's possible.  Here's what we've been working on: - STRUKKD LABS: https://strukkdlabs.vercel.app/ - My portfolio: https://rj-portfolio-resume.vercel.app/  Totally understand if the timing isn't right. But if you're thinking about improving your digital presence, I'd love to help.  Cheers, Robert James Cabansay Founder, STRUKKD LABS https://strukkdlabs.vercel.app/  --- 📧 rjamscxx@gmail.com 🌐 strukkdlabs.vercel.app 💼 rj-portfolio-resume.vercel.app"
"tondotikiman@gmail.com","Tondo Tikiman","Quick question about Tondo Tikiman's tech needs","default","Hello,  I came across Tondo Tikiman and was impressed by what you're building.  I'm Robert James, founder of STRUKKD LABS. We're a full-stack development studio based in the Philippines.  We've helped similar businesses streamline their operations with custom software solutions.  Would you be open to a quick 15-minute call to discuss how we might help Tondo Tikiman?  I'm happy to build a free prototype to show you what's possible.  Here's what we've been working on: - STRUKKD LABS: https://strukkdlabs.vercel.app/ - My portfolio: https://rj-portfolio-resume.vercel.app/  Totally understand if the timing isn't right. But if you're thinking about improving your digital presence, I'd love to help.  Cheers, Robert James Cabansay Founder, STRUKKD LABS https://strukkdlabs.vercel.app/  --- 📧 rjamscxx@gmail.com 🌐 strukkdlabs.vercel.app 💼 rj-portfolio-resume.vercel.app"
"quiapocoffee@gmail.com","Quiapo Coffee Corner","Quick question about Quiapo Coffee Corner's tech needs","cafe","Good day,  I found Quiapo Coffee Corner while researching cafes in Manila and was impressed.  I'm Robert James, founder of STRUKKD LABS. We're a full-stack development studio based in the Philippines.  Our team creates beautiful websites and ordering systems for cafes.  Free for a quick virtual coffee? I have some ideas specific to Quiapo Coffee Corner.  I'm happy to build a free prototype to show you what's possible.  Here's what we've been working on: - STRUKKD LABS: https://strukkdlabs.vercel.app/ - My portfolio: https://rj-portfolio-resume.vercel.app/  Totally understand if the timing isn't right. But if you're thinking about improving your digital presence, I'd love to help.  Cheers, Robert James Cabansay Founder, STRUKKD LABS https://strukkdlabs.vercel.app/  --- 📧 rjamscxx@gmail.com 🌐 strukkdlabs.vercel.app 💼 rj-portfolio-resume.vercel.app"
"pacoparkcafe@gmail.com","Paco Park Café","Quick question about Paco Park Café's tech needs","cafe","Hello,  I came across Paco Park Café and thought of ways we could help with your digital presence.  I'm Robert James, founder of STRUKKD LABS. We're a full-stack development studio based in the Philippines.  Our team creates beautiful websites and ordering systems for cafes.  Free for a quick virtual coffee? I have some ideas specific to Paco Park Café.  I'm happy to build a free prototype to show you what's possible.  Here's what we've been working on: - STRUKKD LABS: https://strukkdlabs.vercel.app/ - My portfolio: https://rj-portfolio-resume.vercel.app/  Totally understand if the timing isn't right. But if you're thinking about improving your digital presence, I'd love to help.  Cheers, Robert James Cabansay Founder, STRUKKD LABS https://strukkdlabs.vercel.app/  --- 📧 rjamscxx@gmail.com 🌐 strukkdlabs.vercel.app 💼 rj-portfolio-resume.vercel.app"
"portareaseafood@gmail.com","Port Area Seafood House","Quick question about Port Area Seafood House's tech needs","restaurant","Hello,  Your restaurant caught my attention while researching seafood restaurant needing online menu and ordering businesses.  I'm Robert James, founder of STRUKKD LABS. We're a full-stack development studio based in the Philippines.  Our team builds custom reservation and delivery platforms for restaurants.  I'd love to learn more about Port Area Seafood House's challenges. Do you have 15 minutes for a quick chat?  I'm happy to build a free prototype to show you what's possible.  Here's what we've been working on: - STRUKKD LABS: https://strukkdlabs.vercel.app/ - My portfolio: https://rj-portfolio-resume.vercel.app/  Totally understand if the timing isn't right. But if you're thinking about improving your digital presence, I'd love to help.  Cheers, Robert James Cabansay Founder, STRUKKD LABS https://strukkdlabs.vercel.app/  --- 📧 rjamscxx@gmail.com 🌐 strukkdlabs.vercel.app 💼 rj-portfolio-resume.vercel.app"
"sanandresbakery@gmail.com","San Andres Bakery","Quick question about San Andres Bakery's tech needs","default","Hello,  I came across San Andres Bakery and was impressed by what you're building.  I'm Robert James, founder of STRUKKD LABS. We're a full-stack development studio based in the Philippines.  Our team specializes in building web apps and systems for companies like San Andres Bakery.  I'd love to learn more about San Andres Bakery's challenges. Do you have 15 minutes for a quick chat?  I'm happy to build a free prototype to show you what's possible.  Here's what we've been working on: - STRUKKD LABS: https://strukkdlabs.vercel.app/ - My portfolio: https://rj-portfolio-resume.vercel.app/  Totally understand if the timing isn't right. But if you're thinking about improving your digital presence, I'd love to help.  Cheers, Robert James Cabansay Founder, STRUKKD LABS https://strukkdlabs.vercel.app/  --- 📧 rjamscxx@gmail.com 🌐 strukkdlabs.vercel.app 💼 rj-portfolio-resume.vercel.app"
"legazpisteak@gmail.com","Legazpi Steakhouse","Quick question about Legazpi Steakhouse's tech needs","default","Good day,  I noticed Legazpi Steakhouse in the premium steakhouse needing reservation and crm system space and wanted to reach out.  I'm Robert James, founder of STRUKKD LABS. We're a full-stack development studio based in the Philippines.  We've helped similar businesses streamline their operations with custom software solutions.  I'd love to learn more about Legazpi Steakhouse's challenges. Do you have 15 minutes for a quick chat?  I'm happy to build a free prototype to show you what's possible.  Here's what we've been working on: - STRUKKD LABS: https://strukkdlabs.vercel.app/ - My portfolio: https://rj-portfolio-resume.vercel.app/  Totally understand if the timing isn't right. But if you're thinking about improving your digital presence, I'd love to help.  Cheers, Robert James Cabansay Founder, STRUKKD LABS https://strukkdlabs.vercel.app/  --- 📧 rjamscxx@gmail.com 🌐 strukkdlabs.vercel.app 💼 rj-portfolio-resume.vercel.app"
"rockwellsushi@gmail.com","Rockwell Sushi Bar","Quick question about Rockwell Sushi Bar's tech needs","restaurant","Hi there,  Your restaurant caught my attention while researching japanese restaurant needing online ordering and loyalty app businesses.  I'm Robert James, founder of STRUKKD LABS. We're a full-stack development studio based in the Philippines.  Our team builds custom reservation and delivery platforms for restaurants.  Would you be open to a quick 15-minute call to discuss how we might help Rockwell Sushi Bar?  I'm happy to build a free prototype to show you what's possible.  Here's what we've been working on: - STRUKKD LABS: https://strukkdlabs.vercel.app/ - My portfolio: https://rj-portfolio-resume.vercel.app/  Totally understand if the timing isn't right. But if you're thinking about improving your digital presence, I'd love to help.  Cheers, Robert James Cabansay Founder, STRUKKD LABS https://strukkdlabs.vercel.app/  --- 📧 rjamscxx@gmail.com 🌐 strukkdlabs.vercel.app 💼 rj-portfolio-resume.vercel.app"
"makatiavelab@gmail.com","Makati Ave Coffee Lab","Quick question about Makati Ave Coffee Lab's tech needs","cafe","Good day,  I found Makati Ave Coffee Lab while researching cafes in Makati and was impressed.  I'm Robert James, founder of STRUKKD LABS. We're a full-stack development studio based in the Philippines.  Our team creates beautiful websites and ordering systems for cafes.  Free for a quick virtual coffee? I have some ideas specific to Makati Ave Coffee Lab.  I'm happy to build a free prototype to show you what's possible.  Here's what we've been working on: - STRUKKD LABS: https://strukkdlabs.vercel.app/ - My portfolio: https://rj-portfolio-resume.vercel.app/  Totally understand if the timing isn't right. But if you're thinking about improving your digital presence, I'd love to help.  Cheers, Robert James Cabansay Founder, STRUKKD LABS https://strukkdlabs.vercel.app/  --- 📧 rjamscxx@gmail.com 🌐 strukkdlabs.vercel.app 💼 rj-portfolio-resume.vercel.app"
"ayalaavenuedeli@gmail.com","Ayala Avenue Deli","Quick question about Ayala Avenue Deli's tech needs","default","Good day,  I noticed Ayala Avenue Deli in the corporate deli needing online ordering and catering booking space and wanted to reach out.  I'm Robert James, founder of STRUKKD LABS. We're a full-stack development studio based in the Philippines.  We've helped similar businesses streamline their operations with custom software solutions.  Would you be open to a quick 15-minute call to discuss how we might help Ayala Avenue Deli?  I'm happy to build a free prototype to show you what's possible.  Here's what we've been working on: - STRUKKD LABS: https://strukkdlabs.vercel.app/ - My portfolio: https://rj-portfolio-resume.vercel.app/  Totally understand if the timing isn't right. But if you're thinking about improving your digital presence, I'd love to help.  Cheers, Robert James Cabansay Founder, STRUKKD LABS https://strukkdlabs.vercel.app/  --- 📧 rjamscxx@gmail.com 🌐 strukkdlabs.vercel.app 💼 rj-portfolio-resume.vercel.app"
"poblacionwine@gmail.com","Poblacion Wine Bar","Quick question about Poblacion Wine Bar's tech needs","default","Hi there,  I came across Poblacion Wine Bar and was impressed by what you're building.  I'm Robert James, founder of STRUKKD LABS. We're a full-stack development studio based in the Philippines.  We've helped similar businesses streamline their operations with custom software solutions.  Would you be open to a quick 15-minute call to discuss how we might help Poblacion Wine Bar?  I'm happy to build a free prototype to show you what's possible.  Here's what we've been working on: - STRUKKD LABS: https://strukkdlabs.vercel.app/ - My portfolio: https://rj-portfolio-resume.vercel.app/  Totally understand if the timing isn't right. But if you're thinking about improving your digital presence, I'd love to help.  Cheers, Robert James Cabansay Founder, STRUKKD LABS https://strukkdlabs.vercel.app/  --- 📧 rjamscxx@gmail.com 🌐 strukkdlabs.vercel.app 💼 rj-portfolio-resume.vercel.app"
"belairpastry@gmail.com","Bel-Air Pastry Shop","Quick question about Bel-Air Pastry Shop's tech needs","default","Good day,  I came across Bel-Air Pastry Shop and was impressed by what you're building.  I'm Robert James, founder of STRUKKD LABS. We're a full-stack development studio based in the Philippines.  Our team specializes in building web apps and systems for companies like Bel-Air Pastry Shop.  Would you be open to a quick 15-minute call to discuss how we might help Bel-Air Pastry Shop?  I'm happy to build a free prototype to show you what's possible.  Here's what we've been working on: - STRUKKD LABS: https://strukkdlabs.vercel.app/ - My portfolio: https://rj-portfolio-resume.vercel.app/  Totally understand if the timing isn't right. But if you're thinking about improving your digital presence, I'd love to help.  Cheers, Robert James Cabansay Founder, STRUKKD LABS https://strukkdlabs.vercel.app/  --- 📧 rjamscxx@gmail.com 🌐 strukkdlabs.vercel.app 💼 rj-portfolio-resume.vercel.app"
"sanlorenzogrill@gmail.com","San Lorenzo Grill","Quick question about San Lorenzo Grill's tech needs","default","Hi there,  I came across San Lorenzo Grill and was impressed by what you're building.  I'm Robert James, founder of STRUKKD LABS. We're a full-stack development studio based in the Philippines.  We've helped similar businesses streamline their operations with custom software solutions.  I'd love to learn more about San Lorenzo Grill's challenges. Do you have 15 minutes for a quick chat?  I'm happy to build a free prototype to show you what's possible.  Here's what we've been working on: - STRUKKD LABS: https://strukkdlabs.vercel.app/ - My portfolio: https://rj-portfolio-resume.vercel.app/  Totally understand if the timing isn't right. But if you're thinking about improving your digital presence, I'd love to help.  Cheers, Robert James Cabansay Founder, STRUKKD LABS https://strukkdlabs.vercel.app/  --- 📧 rjamscxx@gmail.com 🌐 strukkdlabs.vercel.app 💼 rj-portfolio-resume.vercel.app"
"makaticinemafood@gmail.com","Makati Cinema Square Food","Quick question about Makati Cinema Square Food's tech needs","restaurant","Hello,  I've heard great things about Makati Cinema Square Food and wanted to reach out.  I'm Robert James, founder of STRUKKD LABS. We're a full-stack development studio based in the Philippines.  We've helped similar restaurants streamline their operations with custom software.  I'd love to learn more about Makati Cinema Square Food's challenges. Do you have 15 minutes for a quick chat?  I'm happy to build a free prototype to show you what's possible.  Here's what we've been working on: - STRUKKD LABS: https://strukkdlabs.vercel.app/ - My portfolio: https://rj-portfolio-resume.vercel.app/  Totally understand if the timing isn't right. But if you're thinking about improving your digital presence, I'd love to help.  Cheers, Robert James Cabansay Founder, STRUKKD LABS https://strukkdlabs.vercel.app/  --- 📧 rjamscxx@gmail.com 🌐 strukkdlabs.vercel.app 💼 rj-portfolio-resume.vercel.app"
"gloriettaramen@gmail.com","Glorietta Ramen House","Quick question about Glorietta Ramen House's tech needs","restaurant","Good day,  I've heard great things about Glorietta Ramen House and wanted to reach out.  I'm Robert James, founder of STRUKKD LABS. We're a full-stack development studio based in the Philippines.  We help restaurants like Glorietta Ramen House build online ordering systems that increase sales by 30%.  Would you be open to a quick 15-minute call to discuss how we might help Glorietta Ramen House?  I'm happy to build a free prototype to show you what's possible.  Here's what we've been working on: - STRUKKD LABS: https://strukkdlabs.vercel.app/ - My portfolio: https://rj-portfolio-resume.vercel.app/  Totally understand if the timing isn't right. But if you're thinking about improving your digital presence, I'd love to help.  Cheers, Robert James Cabansay Founder, STRUKKD LABS https://strukkdlabs.vercel.app/  --- 📧 rjamscxx@gmail.com 🌐 strukkdlabs.vercel.app 💼 rj-portfolio-resume.vercel.app"
"greenbelttapas@gmail.com","Greenbelt Tapas Bar","Quick question about Greenbelt Tapas Bar's tech needs","default","Hello,  I noticed Greenbelt Tapas Bar in the spanish tapas bar needing reservation and event booking space and wanted to reach out.  I'm Robert James, founder of STRUKKD LABS. We're a full-stack development studio based in the Philippines.  We help businesses like Greenbelt Tapas Bar build custom software that saves time and increases revenue.  Would you be open to a quick 15-minute call to discuss how we might help Greenbelt Tapas Bar?  I'm happy to build a free prototype to show you what's possible.  Here's what we've been working on: - STRUKKD LABS: https://strukkdlabs.vercel.app/ - My portfolio: https://rj-portfolio-resume.vercel.app/  Totally understand if the timing isn't right. But if you're thinking about improving your digital presence, I'd love to help.  Cheers, Robert James Cabansay Founder, STRUKKD LABS https://strukkdlabs.vercel.app/  --- 📧 rjamscxx@gmail.com 🌐 strukkdlabs.vercel.app 💼 rj-portfolio-resume.vercel.app"
"highstreetburgers@gmail.com","High Street Burgers","Quick question about High Street Burgers's tech needs","default","Hello,  I came across High Street Burgers and was impressed by what you're building.  I'm Robert James, founder of STRUKKD LABS. We're a full-stack development studio based in the Philippines.  Our team specializes in building web apps and systems for companies like High Street Burgers.  Would you be open to a quick 15-minute call to discuss how we might help High Street Burgers?  I'm happy to build a free prototype to show you what's possible.  Here's what we've been working on: - STRUKKD LABS: https://strukkdlabs.vercel.app/ - My portfolio: https://rj-portfolio-resume.vercel.app/  Totally understand if the timing isn't right. But if you're thinking about improving your digital presence, I'd love to help.  Cheers, Robert James Cabansay Founder, STRUKKD LABS https://strukkdlabs.vercel.app/  --- 📧 rjamscxx@gmail.com 🌐 strukkdlabs.vercel.app 💼 rj-portfolio-resume.vercel.app"
"bhscafe@gmail.com","Bonifacio High Street Café","Quick question about Bonifacio High Street Café's tech needs","cafe","Good day,  Your cafe concept looks amazing! I wanted to reach out about tech solutions.  I'm Robert James, founder of STRUKKD LABS. We're a full-stack development studio based in the Philippines.  We've helped cafes increase repeat customers by 40% with custom apps.  Would you be interested in a free consultation to explore how we can help Bonifacio High Street Café?  I'm happy to build a free prototype to show you what's possible.  Here's what we've been working on: - STRUKKD LABS: https://strukkdlabs.vercel.app/ - My portfolio: https://rj-portfolio-resume.vercel.app/  Totally understand if the timing isn't right. But if you're thinking about improving your digital presence, I'd love to help.  Cheers, Robert James Cabansay Founder, STRUKKD LABS https://strukkdlabs.vercel.app/  --- 📧 rjamscxx@gmail.com 🌐 strukkdlabs.vercel.app 💼 rj-portfolio-resume.vercel.app"
"thefortpizza@gmail.com","The Fort Pizza Co","Quick question about The Fort Pizza Co's tech needs","restaurant","Hello,  Your restaurant caught my attention while researching pizza restaurant needing online ordering and delivery tracking businesses.  I'm Robert James, founder of STRUKKD LABS. We're a full-stack development studio based in the Philippines.  We've helped similar restaurants streamline their operations with custom software.  I'd love to learn more about The Fort Pizza Co's challenges. Do you have 15 minutes for a quick chat?  I'm happy to build a free prototype to show you what's possible.  Here's what we've been working on: - STRUKKD LABS: https://strukkdlabs.vercel.app/ - My portfolio: https://rj-portfolio-resume.vercel.app/  Totally understand if the timing isn't right. But if you're thinking about improving your digital presence, I'd love to help.  Cheers, Robert James Cabansay Founder, STRUKKD LABS https://strukkdlabs.vercel.app/  --- 📧 rjamscxx@gmail.com 🌐 strukkdlabs.vercel.app 💼 rj-portfolio-resume.vercel.app"
"bgcjgr@gmail.com","BGC Japanese Garden Restaurant","Quick question about BGC Japanese Garden Restaurant's tech needs","restaurant","Hi there,  Your restaurant caught my attention while researching japanese garden restaurant needing reservation and online menu businesses.  I'm Robert James, founder of STRUKKD LABS. We're a full-stack development studio based in the Philippines.  We help restaurants like BGC Japanese Garden Restaurant build online ordering systems that increase sales by 30%.  Would you be open to a quick 15-minute call to discuss how we might help BGC Japanese Garden Restaurant?  I'm happy to build a free prototype to show you what's possible.  Here's what we've been working on: - STRUKKD LABS: https://strukkdlabs.vercel.app/ - My portfolio: https://rj-portfolio-resume.vercel.app/  Totally understand if the timing isn't right. But if you're thinking about improving your digital presence, I'd love to help.  Cheers, Robert James Cabansay Founder, STRUKKD LABS https://strukkdlabs.vercel.app/  --- 📧 rjamscxx@gmail.com 🌐 strukkdlabs.vercel.app 💼 rj-portfolio-resume.vercel.app"
"marketmarketfood@gmail.com","Market Market Food Hall","Quick question about Market Market Food Hall's tech needs","restaurant","Hi there,  Your restaurant caught my attention while researching food hall needing pos system and vendor management businesses.  I'm Robert James, founder of STRUKKD LABS. We're a full-stack development studio based in the Philippines.  We've helped similar restaurants streamline their operations with custom software.  Would you be open to a quick 15-minute call to discuss how we might help Market Market Food Hall?  I'm happy to build a free prototype to show you what's possible.  Here's what we've been working on: - STRUKKD LABS: https://strukkdlabs.vercel.app/ - My portfolio: https://rj-portfolio-resume.vercel.app/  Totally understand if the timing isn't right. But if you're thinking about improving your digital presence, I'd love to help.  Cheers, Robert James Cabansay Founder, STRUKKD LABS https://strukkdlabs.vercel.app/  --- 📧 rjamscxx@gmail.com 🌐 strukkdlabs.vercel.app 💼 rj-portfolio-resume.vercel.app"
"serendabistro@gmail.com","Serendra Bistro","Quick question about Serendra Bistro's tech needs","default","Hi there,  I noticed Serendra Bistro in the modern bistro needing online reservations and menu showcase space and wanted to reach out.  I'm Robert James, founder of STRUKKD LABS. We're a full-stack development studio based in the Philippines.  We help businesses like Serendra Bistro build custom software that saves time and increases revenue.  I'd love to learn more about Serendra Bistro's challenges. Do you have 15 minutes for a quick chat?  I'm happy to build a free prototype to show you what's possible.  Here's what we've been working on: - STRUKKD LABS: https://strukkdlabs.vercel.app/ - My portfolio: https://rj-portfolio-resume.vercel.app/  Totally understand if the timing isn't right. But if you're thinking about improving your digital presence, I'd love to help.  Cheers, Robert James Cabansay Founder, STRUKKD LABS https://strukkdlabs.vercel.app/  --- 📧 rjamscxx@gmail.com 🌐 strukkdlabs.vercel.app 💼 rj-portfolio-resume.vercel.app"
"venicecanal@gmail.com","Venice Grand Canal Restaurant","Quick question about Venice Grand Canal Restaurant's tech needs","restaurant","Hello,  I came across Venice Grand Canal Restaurant and love what you're doing with food in BGC/Taguig.  I'm Robert James, founder of STRUKKD LABS. We're a full-stack development studio based in the Philippines.  We help restaurants like Venice Grand Canal Restaurant build online ordering systems that increase sales by 30%.  Would you be open to a quick 15-minute call to discuss how we might help Venice Grand Canal Restaurant?  I'm happy to build a free prototype to show you what's possible.  Here's what we've been working on: - STRUKKD LABS: https://strukkdlabs.vercel.app/ - My portfolio: https://rj-portfolio-resume.vercel.app/  Totally understand if the timing isn't right. But if you're thinking about improving your digital presence, I'd love to help.  Cheers, Robert James Cabansay Founder, STRUKKD LABS https://strukkdlabs.vercel.app/  --- 📧 rjamscxx@gmail.com 🌐 strukkdlabs.vercel.app 💼 rj-portfolio-resume.vercel.app"
"mcuparkfood@gmail.com","MCU Park Food Park","Quick question about MCU Park Food Park's tech needs","restaurant","Hello,  I came across MCU Park Food Park and love what you're doing with food in Caloocan.  I'm Robert James, founder of STRUKKD LABS. We're a full-stack development studio based in the Philippines.  We help restaurants like MCU Park Food Park build online ordering systems that increase sales by 30%.  Would you be open to a quick 15-minute call to discuss how we might help MCU Park Food Park?  I'm happy to build a free prototype to show you what's possible.  Here's what we've been working on: - STRUKKD LABS: https://strukkdlabs.vercel.app/ - My portfolio: https://rj-portfolio-resume.vercel.app/  Totally understand if the timing isn't right. But if you're thinking about improving your digital presence, I'd love to help.  Cheers, Robert James Cabansay Founder, STRUKKD LABS https://strukkdlabs.vercel.app/  --- 📧 rjamscxx@gmail.com 🌐 strukkdlabs.vercel.app 💼 rj-portfolio-resume.vercel.app"
"onebonifaciofood@gmail.com","One Bonifacio Food Court","Quick question about One Bonifacio Food Court's tech needs","restaurant","Good day,  Your restaurant caught my attention while researching food court needing pos and order management system businesses.  I'm Robert James, founder of STRUKKD LABS. We're a full-stack development studio based in the Philippines.  Our team builds custom reservation and delivery platforms for restaurants.  I'd love to learn more about One Bonifacio Food Court's challenges. Do you have 15 minutes for a quick chat?  I'm happy to build a free prototype to show you what's possible.  Here's what we've been working on: - STRUKKD LABS: https://strukkdlabs.vercel.app/ - My portfolio: https://rj-portfolio-resume.vercel.app/  Totally understand if the timing isn't right. But if you're thinking about improving your digital presence, I'd love to help.  Cheers, Robert James Cabansay Founder, STRUKKD LABS https://strukkdlabs.vercel.app/  --- 📧 rjamscxx@gmail.com 🌐 strukkdlabs.vercel.app 💼 rj-portfolio-resume.vercel.app"
"uptownmallrestaurants@gmail.com","Uptown Mall Restaurants","Quick question about Uptown Mall Restaurants's tech needs","restaurant","Hi there,  I've heard great things about Uptown Mall Restaurants and wanted to reach out.  I'm Robert James, founder of STRUKKD LABS. We're a full-stack development studio based in the Philippines.  We've helped similar restaurants streamline their operations with custom software.  Would you be open to a quick 15-minute call to discuss how we might help Uptown Mall Restaurants?  I'm happy to build a free prototype to show you what's possible.  Here's what we've been working on: - STRUKKD LABS: https://strukkdlabs.vercel.app/ - My portfolio: https://rj-portfolio-resume.vercel.app/  Totally understand if the timing isn't right. But if you're thinking about improving your digital presence, I'd love to help.  Cheers, Robert James Cabansay Founder, STRUKKD LABS https://strukkdlabs.vercel.app/  --- 📧 rjamscxx@gmail.com 🌐 strukkdlabs.vercel.app 💼 rj-portfolio-resume.vercel.app"
"tommoratoitalian@gmail.com","Tomas Morato Italian","Quick question about Tomas Morato Italian's tech needs","restaurant","Hi there,  I've heard great things about Tomas Morato Italian and wanted to reach out.  I'm Robert James, founder of STRUKKD LABS. We're a full-stack development studio based in the Philippines.  We help restaurants like Tomas Morato Italian build online ordering systems that increase sales by 30%.  Would you be open to a quick 15-minute call to discuss how we might help Tomas Morato Italian?  I'm happy to build a free prototype to show you what's possible.  Here's what we've been working on: - STRUKKD LABS: https://strukkdlabs.vercel.app/ - My portfolio: https://rj-portfolio-resume.vercel.app/  Totally understand if the timing isn't right. But if you're thinking about improving your digital presence, I'd love to help.  Cheers, Robert James Cabansay Founder, STRUKKD LABS https://strukkdlabs.vercel.app/  --- 📧 rjamscxx@gmail.com 🌐 strukkdlabs.vercel.app 💼 rj-portfolio-resume.vercel.app"
"scoutborromeo@gmail.com","Scout Borromeo Diner","Quick question about Scout Borromeo Diner's tech needs","default","Hi there,  While researching classic diner needing online ordering and delivery businesses, I found Scout Borromeo Diner and thought of reaching out.  I'm Robert James, founder of STRUKKD LABS. We're a full-stack development studio based in the Philippines.  We've helped similar businesses streamline their operations with custom software solutions.  Would you be open to a quick 15-minute call to discuss how we might help Scout Borromeo Diner?  I'm happy to build a free prototype to show you what's possible.  Here's what we've been working on: - STRUKKD LABS: https://strukkdlabs.vercel.app/ - My portfolio: https://rj-portfolio-resume.vercel.app/  Totally understand if the timing isn't right. But if you're thinking about improving your digital presence, I'd love to help.  Cheers, Robert James Cabansay Founder, STRUKKD LABS https://strukkdlabs.vercel.app/  --- 📧 rjamscxx@gmail.com 🌐 strukkdlabs.vercel.app 💼 rj-portfolio-resume.vercel.app"
"katipunanavecoffee@gmail.com","Katipunan Ave Coffee","Quick question about Katipunan Ave Coffee's tech needs","cafe","Hi there,  I came across Katipunan Ave Coffee and thought of ways we could help with your digital presence.  I'm Robert James, founder of STRUKKD LABS. We're a full-stack development studio based in the Philippines.  Our team creates beautiful websites and ordering systems for cafes.  Would you be interested in a free consultation to explore how we can help Katipunan Ave Coffee?  I'm happy to build a free prototype to show you what's possible.  Here's what we've been working on: - STRUKKD LABS: https://strukkdlabs.vercel.app/ - My portfolio: https://rj-portfolio-resume.vercel.app/  Totally understand if the timing isn't right. But if you're thinking about improving your digital presence, I'd love to help.  Cheers, Robert James Cabansay Founder, STRUKKD LABS https://strukkdlabs.vercel.app/  --- 📧 rjamscxx@gmail.com 🌐 strukkdlabs.vercel.app 💼 rj-portfolio-resume.vercel.app"
"eastwoodramen@gmail.com","Eastwood City Ramen","Quick question about Eastwood City Ramen's tech needs","default","Hello,  I noticed Eastwood City Ramen in the japanese ramen shop needing queue management and ordering space and wanted to reach out.  I'm Robert James, founder of STRUKKD LABS. We're a full-stack development studio based in the Philippines.  We've helped similar businesses streamline their operations with custom software solutions.  Would you be open to a quick 15-minute call to discuss how we might help Eastwood City Ramen?  I'm happy to build a free prototype to show you what's possible.  Here's what we've been working on: - STRUKKD LABS: https://strukkdlabs.vercel.app/ - My portfolio: https://rj-portfolio-resume.vercel.app/  Totally understand if the timing isn't right. But if you're thinking about improving your digital presence, I'd love to help.  Cheers, Robert James Cabansay Founder, STRUKKD LABS https://strukkdlabs.vercel.app/  --- 📧 rjamscxx@gmail.com 🌐 strukkdlabs.vercel.app 💼 rj-portfolio-resume.vercel.app"
"cubaoexpofood@gmail.com","Cubao Expo Food Park","Quick question about Cubao Expo Food Park's tech needs","restaurant","Hi there,  I've heard great things about Cubao Expo Food Park and wanted to reach out.  I'm Robert James, founder of STRUKKD LABS. We're a full-stack development studio based in the Philippines.  We help restaurants like Cubao Expo Food Park build online ordering systems that increase sales by 30%.  I'd love to learn more about Cubao Expo Food Park's challenges. Do you have 15 minutes for a quick chat?  I'm happy to build a free prototype to show you what's possible.  Here's what we've been working on: - STRUKKD LABS: https://strukkdlabs.vercel.app/ - My portfolio: https://rj-portfolio-resume.vercel.app/  Totally understand if the timing isn't right. But if you're thinking about improving your digital presence, I'd love to help.  Cheers, Robert James Cabansay Founder, STRUKKD LABS https://strukkdlabs.vercel.app/  --- 📧 rjamscxx@gmail.com 🌐 strukkdlabs.vercel.app 💼 rj-portfolio-resume.vercel.app"
"dilimanunifood@gmail.com","Diliman University Food","Quick question about Diliman University Food's tech needs","restaurant","Hello,  Your restaurant caught my attention while researching university food center needing online ordering for students businesses.  I'm Robert James, founder of STRUKKD LABS. We're a full-stack development studio based in the Philippines.  We help restaurants like Diliman University Food build online ordering systems that increase sales by 30%.  Would you be open to a quick 15-minute call to discuss how we might help Diliman University Food?  I'm happy to build a free prototype to show you what's possible.  Here's what we've been working on: - STRUKKD LABS: https://strukkdlabs.vercel.app/ - My portfolio: https://rj-portfolio-resume.vercel.app/  Totally understand if the timing isn't right. But if you're thinking about improving your digital presence, I'd love to help.  Cheers, Robert James Cabansay Founder, STRUKKD LABS https://strukkdlabs.vercel.app/  --- 📧 rjamscxx@gmail.com 🌐 strukkdlabs.vercel.app 💼 rj-portfolio-resume.vercel.app"
"fairviewrestaurant@gmail.com","Fairview Terraces Restaurant","Quick question about Fairview Terraces Restaurant's tech needs","restaurant","Hello,  Your restaurant caught my attention while researching mall restaurant needing online ordering and delivery businesses.  I'm Robert James, founder of STRUKKD LABS. We're a full-stack development studio based in the Philippines.  We've helped similar restaurants streamline their operations with custom software.  I'd love to learn more about Fairview Terraces Restaurant's challenges. Do you have 15 minutes for a quick chat?  I'm happy to build a free prototype to show you what's possible.  Here's what we've been working on: - STRUKKD LABS: https://strukkdlabs.vercel.app/ - My portfolio: https://rj-portfolio-resume.vercel.app/  Totally understand if the timing isn't right. But if you're thinking about improving your digital presence, I'd love to help.  Cheers, Robert James Cabansay Founder, STRUKKD LABS https://strukkdlabs.vercel.app/  --- 📧 rjamscxx@gmail.com 🌐 strukkdlabs.vercel.app 💼 rj-portfolio-resume.vercel.app"
"novalichesbakeshop@gmail.com","Novaliches Bakeshop","Quick question about Novaliches Bakeshop's tech needs","default","Hello,  I noticed Novaliches Bakeshop in the community bakery needing online ordering and delivery tracking space and wanted to reach out.  I'm Robert James, founder of STRUKKD LABS. We're a full-stack development studio based in the Philippines.  Our team specializes in building web apps and systems for companies like Novaliches Bakeshop.  I'd love to learn more about Novaliches Bakeshop's challenges. Do you have 15 minutes for a quick chat?  I'm happy to build a free prototype to show you what's possible.  Here's what we've been working on: - STRUKKD LABS: https://strukkdlabs.vercel.app/ - My portfolio: https://rj-portfolio-resume.vercel.app/  Totally understand if the timing isn't right. But if you're thinking about improving your digital presence, I'd love to help.  Cheers, Robert James Cabansay Founder, STRUKKD LABS https://strukkdlabs.vercel.app/  --- 📧 rjamscxx@gmail.com 🌐 strukkdlabs.vercel.app 💼 rj-portfolio-resume.vercel.app"
"batasaneatery@gmail.com","Batasan Hills Eatery","Quick question about Batasan Hills Eatery's tech needs","default","Hello,  I came across Batasan Hills Eatery and was impressed by what you're building.  I'm Robert James, founder of STRUKKD LABS. We're a full-stack development studio based in the Philippines.  We've helped similar businesses streamline their operations with custom software solutions.  Would you be open to a quick 15-minute call to discuss how we might help Batasan Hills Eatery?  I'm happy to build a free prototype to show you what's possible.  Here's what we've been working on: - STRUKKD LABS: https://strukkdlabs.vercel.app/ - My portfolio: https://rj-portfolio-resume.vercel.app/  Totally understand if the timing isn't right. But if you're thinking about improving your digital presence, I'd love to help.  Cheers, Robert James Cabansay Founder, STRUKKD LABS https://strukkdlabs.vercel.app/  --- 📧 rjamscxx@gmail.com 🌐 strukkdlabs.vercel.app 💼 rj-portfolio-resume.vercel.app"
"project6food@gmail.com","Project 6 Food Hub","Quick question about Project 6 Food Hub's tech needs","restaurant","Good day,  I came across Project 6 Food Hub and love what you're doing with food in Quezon City.  I'm Robert James, founder of STRUKKD LABS. We're a full-stack development studio based in the Philippines.  We've helped similar restaurants streamline their operations with custom software.  Would you be open to a quick 15-minute call to discuss how we might help Project 6 Food Hub?  I'm happy to build a free prototype to show you what's possible.  Here's what we've been working on: - STRUKKD LABS: https://strukkdlabs.vercel.app/ - My portfolio: https://rj-portfolio-resume.vercel.app/  Totally understand if the timing isn't right. But if you're thinking about improving your digital presence, I'd love to help.  Cheers, Robert James Cabansay Founder, STRUKKD LABS https://strukkdlabs.vercel.app/  --- 📧 rjamscxx@gmail.com 🌐 strukkdlabs.vercel.app 💼 rj-portfolio-resume.vercel.app"
"ortigasitalian@gmail.com","Ortigas Center Italian","Quick question about Ortigas Center Italian's tech needs","restaurant","Hi there,  I came across Ortigas Center Italian and love what you're doing with food in Ortigas/Pasig.  I'm Robert James, founder of STRUKKD LABS. We're a full-stack development studio based in the Philippines.  Our team builds custom reservation and delivery platforms for restaurants.  Would you be open to a quick 15-minute call to discuss how we might help Ortigas Center Italian?  I'm happy to build a free prototype to show you what's possible.  Here's what we've been working on: - STRUKKD LABS: https://strukkdlabs.vercel.app/ - My portfolio: https://rj-portfolio-resume.vercel.app/  Totally understand if the timing isn't right. But if you're thinking about improving your digital presence, I'd love to help.  Cheers, Robert James Cabansay Founder, STRUKKD LABS https://strukkdlabs.vercel.app/  --- 📧 rjamscxx@gmail.com 🌐 strukkdlabs.vercel.app 💼 rj-portfolio-resume.vercel.app"
"kapitolyofood@gmail.com","Kapitolyo Food Scene","Quick question about Kapitolyo Food Scene's tech needs","restaurant","Hello,  Your restaurant caught my attention while researching food strip needing online ordering platform for multiple restaurants businesses.  I'm Robert James, founder of STRUKKD LABS. We're a full-stack development studio based in the Philippines.  We help restaurants like Kapitolyo Food Scene build online ordering systems that increase sales by 30%.  I'd love to learn more about Kapitolyo Food Scene's challenges. Do you have 15 minutes for a quick chat?  I'm happy to build a free prototype to show you what's possible.  Here's what we've been working on: - STRUKKD LABS: https://strukkdlabs.vercel.app/ - My portfolio: https://rj-portfolio-resume.vercel.app/  Totally understand if the timing isn't right. But if you're thinking about improving your digital presence, I'd love to help.  Cheers, Robert James Cabansay Founder, STRUKKD LABS https://strukkdlabs.vercel.app/  --- 📧 rjamscxx@gmail.com 🌐 strukkdlabs.vercel.app 💼 rj-portfolio-resume.vercel.app"
"sanantoniovillage@gmail.com","San Antonio Village Cafe","Quick question about San Antonio Village Cafe's tech needs","cafe","Good day,  Your cafe concept looks amazing! I wanted to reach out about tech solutions.  I'm Robert James, founder of STRUKKD LABS. We're a full-stack development studio based in the Philippines.  Our team creates beautiful websites and ordering systems for cafes.  Would you be interested in a free consultation to explore how we can help San Antonio Village Cafe?  I'm happy to build a free prototype to show you what's possible.  Here's what we've been working on: - STRUKKD LABS: https://strukkdlabs.vercel.app/ - My portfolio: https://rj-portfolio-resume.vercel.app/  Totally understand if the timing isn't right. But if you're thinking about improving your digital presence, I'd love to help.  Cheers, Robert James Cabansay Founder, STRUKKD LABS https://strukkdlabs.vercel.app/  --- 📧 rjamscxx@gmail.com 🌐 strukkdlabs.vercel.app 💼 rj-portfolio-resume.vercel.app"
"pasigmarket@gmail.com","Pasig City Public Market","Quick question about Pasig City Public Market's tech needs","default","Hi there,  While researching public market needing vendor management and inventory system businesses, I found Pasig City Public Market and thought of reaching out.  I'm Robert James, founder of STRUKKD LABS. We're a full-stack development studio based in the Philippines.  Our team specializes in building web apps and systems for companies like Pasig City Public Market.  Would you be open to a quick 15-minute call to discuss how we might help Pasig City Public Market?  I'm happy to build a free prototype to show you what's possible.  Here's what we've been working on: - STRUKKD LABS: https://strukkdlabs.vercel.app/ - My portfolio: https://rj-portfolio-resume.vercel.app/  Totally understand if the timing isn't right. But if you're thinking about improving your digital presence, I'd love to help.  Cheers, Robert James Cabansay Founder, STRUKKD LABS https://strukkdlabs.vercel.app/  --- 📧 rjamscxx@gmail.com 🌐 strukkdlabs.vercel.app 💼 rj-portfolio-resume.vercel.app"
"meralcoavegym@gmail.com","Meralco Avenue Gym","Quick question about Meralco Avenue Gym's tech needs","default","Good day,  I came across Meralco Avenue Gym and was impressed by what you're building.  I'm Robert James, founder of STRUKKD LABS. We're a full-stack development studio based in the Philippines.  Our team specializes in building web apps and systems for companies like Meralco Avenue Gym.  I'd love to learn more about Meralco Avenue Gym's challenges. Do you have 15 minutes for a quick chat?  I'm happy to build a free prototype to show you what's possible.  Here's what we've been working on: - STRUKKD LABS: https://strukkdlabs.vercel.app/ - My portfolio: https://rj-portfolio-resume.vercel.app/  Totally understand if the timing isn't right. But if you're thinking about improving your digital presence, I'd love to help.  Cheers, Robert James Cabansay Founder, STRUKKD LABS https://strukkdlabs.vercel.app/  --- 📧 rjamscxx@gmail.com 🌐 strukkdlabs.vercel.app 💼 rj-portfolio-resume.vercel.app"
"c5fitnesshub@gmail.com","C5 Fitness Hub","Quick question about C5 Fitness Hub's tech needs","default","Good day,  I came across C5 Fitness Hub and was impressed by what you're building.  I'm Robert James, founder of STRUKKD LABS. We're a full-stack development studio based in the Philippines.  We help businesses like C5 Fitness Hub build custom software that saves time and increases revenue.  Would you be open to a quick 15-minute call to discuss how we might help C5 Fitness Hub?  I'm happy to build a free prototype to show you what's possible.  Here's what we've been working on: - STRUKKD LABS: https://strukkdlabs.vercel.app/ - My portfolio: https://rj-portfolio-resume.vercel.app/  Totally understand if the timing isn't right. But if you're thinking about improving your digital presence, I'd love to help.  Cheers, Robert James Cabansay Founder, STRUKKD LABS https://strukkdlabs.vercel.app/  --- 📧 rjamscxx@gmail.com 🌐 strukkdlabs.vercel.app 💼 rj-portfolio-resume.vercel.app"
"tiendesitasfood@gmail.com","Tiendesitas Food","Quick question about Tiendesitas Food's tech needs","restaurant","Hi there,  I came across Tiendesitas Food and love what you're doing with food in Ortigas/Pasig.  I'm Robert James, founder of STRUKKD LABS. We're a full-stack development studio based in the Philippines.  We help restaurants like Tiendesitas Food build online ordering systems that increase sales by 30%.  Would you be open to a quick 15-minute call to discuss how we might help Tiendesitas Food?  I'm happy to build a free prototype to show you what's possible.  Here's what we've been working on: - STRUKKD LABS: https://strukkdlabs.vercel.app/ - My portfolio: https://rj-portfolio-resume.vercel.app/  Totally understand if the timing isn't right. But if you're thinking about improving your digital presence, I'd love to help.  Cheers, Robert James Cabansay Founder, STRUKKD LABS https://strukkdlabs.vercel.app/  --- 📧 rjamscxx@gmail.com 🌐 strukkdlabs.vercel.app 💼 rj-portfolio-resume.vercel.app"
"ortigasdentalcare@gmail.com","Ortigas Dental Care","Quick question about Ortigas Dental Care's tech needs","default","Good day,  I noticed Ortigas Dental Care in the dental clinic needing appointment booking and patient management space and wanted to reach out.  I'm Robert James, founder of STRUKKD LABS. We're a full-stack development studio based in the Philippines.  We help businesses like Ortigas Dental Care build custom software that saves time and increases revenue.  Would you be open to a quick 15-minute call to discuss how we might help Ortigas Dental Care?  I'm happy to build a free prototype to show you what's possible.  Here's what we've been working on: - STRUKKD LABS: https://strukkdlabs.vercel.app/ - My portfolio: https://rj-portfolio-resume.vercel.app/  Totally understand if the timing isn't right. But if you're thinking about improving your digital presence, I'd love to help.  Cheers, Robert James Cabansay Founder, STRUKKD LABS https://strukkdlabs.vercel.app/  --- 📧 rjamscxx@gmail.com 🌐 strukkdlabs.vercel.app 💼 rj-portfolio-resume.vercel.app"
"emeraldavesalon@gmail.com","Emerald Avenue Salon","Quick question about Emerald Avenue Salon's tech needs","default","Good day,  While researching beauty salon needing appointment booking and crm businesses, I found Emerald Avenue Salon and thought of reaching out.  I'm Robert James, founder of STRUKKD LABS. We're a full-stack development studio based in the Philippines.  We help businesses like Emerald Avenue Salon build custom software that saves time and increases revenue.  Would you be open to a quick 15-minute call to discuss how we might help Emerald Avenue Salon?  I'm happy to build a free prototype to show you what's possible.  Here's what we've been working on: - STRUKKD LABS: https://strukkdlabs.vercel.app/ - My portfolio: https://rj-portfolio-resume.vercel.app/  Totally understand if the timing isn't right. But if you're thinking about improving your digital presence, I'd love to help.  Cheers, Robert James Cabansay Founder, STRUKKD LABS https://strukkdlabs.vercel.app/  --- 📧 rjamscxx@gmail.com 🌐 strukkdlabs.vercel.app 💼 rj-portfolio-resume.vercel.app"
"libiscoffee@gmail.com","Libis Coffee House","Quick question about Libis Coffee House's tech needs","cafe","Hello,  I found Libis Coffee House while researching cafes in Quezon City and was impressed.  I'm Robert James, founder of STRUKKD LABS. We're a full-stack development studio based in the Philippines.  Our team creates beautiful websites and ordering systems for cafes.  Would you be interested in a free consultation to explore how we can help Libis Coffee House?  I'm happy to build a free prototype to show you what's possible.  Here's what we've been working on: - STRUKKD LABS: https://strukkdlabs.vercel.app/ - My portfolio: https://rj-portfolio-resume.vercel.app/  Totally understand if the timing isn't right. But if you're thinking about improving your digital presence, I'd love to help.  Cheers, Robert James Cabansay Founder, STRUKKD LABS https://strukkdlabs.vercel.app/  --- 📧 rjamscxx@gmail.com 🌐 strukkdlabs.vercel.app 💼 rj-portfolio-resume.vercel.app"
"shawblvdgrill@gmail.com","Shaw Boulevard Grill","Quick question about Shaw Boulevard Grill's tech needs","restaurant","Hello,  I came across Shaw Boulevard Grill and love what you're doing with food in Mandaluyong.  I'm Robert James, founder of STRUKKD LABS. We're a full-stack development studio based in the Philippines.  We've helped similar restaurants streamline their operations with custom software.  Would you be open to a quick 15-minute call to discuss how we might help Shaw Boulevard Grill?  I'm happy to build a free prototype to show you what's possible.  Here's what we've been working on: - STRUKKD LABS: https://strukkdlabs.vercel.app/ - My portfolio: https://rj-portfolio-resume.vercel.app/  Totally understand if the timing isn't right. But if you're thinking about improving your digital presence, I'd love to help.  Cheers, Robert James Cabansay Founder, STRUKKD LABS https://strukkdlabs.vercel.app/  --- 📧 rjamscxx@gmail.com 🌐 strukkdlabs.vercel.app 💼 rj-portfolio-resume.vercel.app"
"mandypubmarket@gmail.com","Mandaluyong Public Market","Quick question about Mandaluyong Public Market's tech needs","default","Hi there,  I noticed Mandaluyong Public Market in the public market needing vendor management and inventory space and wanted to reach out.  I'm Robert James, founder of STRUKKD LABS. We're a full-stack development studio based in the Philippines.  We've helped similar businesses streamline their operations with custom software solutions.  I'd love to learn more about Mandaluyong Public Market's challenges. Do you have 15 minutes for a quick chat?  I'm happy to build a free prototype to show you what's possible.  Here's what we've been working on: - STRUKKD LABS: https://strukkdlabs.vercel.app/ - My portfolio: https://rj-portfolio-resume.vercel.app/  Totally understand if the timing isn't right. But if you're thinking about improving your digital presence, I'd love to help.  Cheers, Robert James Cabansay Founder, STRUKKD LABS https://strukkdlabs.vercel.app/  --- 📧 rjamscxx@gmail.com 🌐 strukkdlabs.vercel.app 💼 rj-portfolio-resume.vercel.app"
"greenfieldburger@gmail.com","Greenfield Burger Station","Quick question about Greenfield Burger Station's tech needs","default","Good day,  I noticed Greenfield Burger Station in the burger station needing online ordering and delivery tracking space and wanted to reach out.  I'm Robert James, founder of STRUKKD LABS. We're a full-stack development studio based in the Philippines.  We help businesses like Greenfield Burger Station build custom software that saves time and increases revenue.  Would you be open to a quick 15-minute call to discuss how we might help Greenfield Burger Station?  I'm happy to build a free prototype to show you what's possible.  Here's what we've been working on: - STRUKKD LABS: https://strukkdlabs.vercel.app/ - My portfolio: https://rj-portfolio-resume.vercel.app/  Totally understand if the timing isn't right. But if you're thinking about improving your digital presence, I'd love to help.  Cheers, Robert James Cabansay Founder, STRUKKD LABS https://strukkdlabs.vercel.app/  --- 📧 rjamscxx@gmail.com 🌐 strukkdlabs.vercel.app 💼 rj-portfolio-resume.vercel.app"
"edsashrinecoffee@gmail.com","EDSA Shrine Coffee","Quick question about EDSA Shrine Coffee's tech needs","cafe","Hi there,  I found EDSA Shrine Coffee while researching cafes in Mandaluyong and was impressed.  I'm Robert James, founder of STRUKKD LABS. We're a full-stack development studio based in the Philippines.  We help cafes build loyalty programs and mobile ordering apps.  Would you be interested in a free consultation to explore how we can help EDSA Shrine Coffee?  I'm happy to build a free prototype to show you what's possible.  Here's what we've been working on: - STRUKKD LABS: https://strukkdlabs.vercel.app/ - My portfolio: https://rj-portfolio-resume.vercel.app/  Totally understand if the timing isn't right. But if you're thinking about improving your digital presence, I'd love to help.  Cheers, Robert James Cabansay Founder, STRUKKD LABS https://strukkdlabs.vercel.app/  --- 📧 rjamscxx@gmail.com 🌐 strukkdlabs.vercel.app 💼 rj-portfolio-resume.vercel.app"
"poeafood@gmail.com","POEA Food Complex","Quick question about POEA Food Complex's tech needs","restaurant","Hi there,  Your restaurant caught my attention while researching food complex needing pos and vendor management businesses.  I'm Robert James, founder of STRUKKD LABS. We're a full-stack development studio based in the Philippines.  We help restaurants like POEA Food Complex build online ordering systems that increase sales by 30%.  Would you be open to a quick 15-minute call to discuss how we might help POEA Food Complex?  I'm happy to build a free prototype to show you what's possible.  Here's what we've been working on: - STRUKKD LABS: https://strukkdlabs.vercel.app/ - My portfolio: https://rj-portfolio-resume.vercel.app/  Totally understand if the timing isn't right. But if you're thinking about improving your digital presence, I'd love to help.  Cheers, Robert James Cabansay Founder, STRUKKD LABS https://strukkdlabs.vercel.app/  --- 📧 rjamscxx@gmail.com 🌐 strukkdlabs.vercel.app 💼 rj-portfolio-resume.vercel.app"
"pasaygymcenter@gmail.com","Pasay City Gym Center","Quick question about Pasay City Gym Center's tech needs","default","Hello,  I noticed Pasay City Gym Center in the gym needing membership and class booking system space and wanted to reach out.  I'm Robert James, founder of STRUKKD LABS. We're a full-stack development studio based in the Philippines.  We help businesses like Pasay City Gym Center build custom software that saves time and increases revenue.  I'd love to learn more about Pasay City Gym Center's challenges. Do you have 15 minutes for a quick chat?  I'm happy to build a free prototype to show you what's possible.  Here's what we've been working on: - STRUKKD LABS: https://strukkdlabs.vercel.app/ - My portfolio: https://rj-portfolio-resume.vercel.app/  Totally understand if the timing isn't right. But if you're thinking about improving your digital presence, I'd love to help.  Cheers, Robert James Cabansay Founder, STRUKKD LABS https://strukkdlabs.vercel.app/  --- 📧 rjamscxx@gmail.com 🌐 strukkdlabs.vercel.app 💼 rj-portfolio-resume.vercel.app"
"naiafood@gmail.com","NAIA Terminal Food","Quick question about NAIA Terminal Food's tech needs","restaurant","Hi there,  I came across NAIA Terminal Food and love what you're doing with food in Pasay.  I'm Robert James, founder of STRUKKD LABS. We're a full-stack development studio based in the Philippines.  We've helped similar restaurants streamline their operations with custom software.  I'd love to learn more about NAIA Terminal Food's challenges. Do you have 15 minutes for a quick chat?  I'm happy to build a free prototype to show you what's possible.  Here's what we've been working on: - STRUKKD LABS: https://strukkdlabs.vercel.app/ - My portfolio: https://rj-portfolio-resume.vercel.app/  Totally understand if the timing isn't right. But if you're thinking about improving your digital presence, I'd love to help.  Cheers, Robert James Cabansay Founder, STRUKKD LABS https://strukkdlabs.vercel.app/  --- 📧 rjamscxx@gmail.com 🌐 strukkdlabs.vercel.app 💼 rj-portfolio-resume.vercel.app"
"baclaranmarket@gmail.com","Baclaran Market Stall","Quick question about Baclaran Market Stall's tech needs","default","Hello,  I noticed Baclaran Market Stall in the market stall needing pos and inventory tracking space and wanted to reach out.  I'm Robert James, founder of STRUKKD LABS. We're a full-stack development studio based in the Philippines.  We help businesses like Baclaran Market Stall build custom software that saves time and increases revenue.  I'd love to learn more about Baclaran Market Stall's challenges. Do you have 15 minutes for a quick chat?  I'm happy to build a free prototype to show you what's possible.  Here's what we've been working on: - STRUKKD LABS: https://strukkdlabs.vercel.app/ - My portfolio: https://rj-portfolio-resume.vercel.app/  Totally understand if the timing isn't right. But if you're thinking about improving your digital presence, I'd love to help.  Cheers, Robert James Cabansay Founder, STRUKKD LABS https://strukkdlabs.vercel.app/  --- 📧 rjamscxx@gmail.com 🌐 strukkdlabs.vercel.app 💼 rj-portfolio-resume.vercel.app"
"roxasbldseafood@gmail.com","Roxas Blvd Seafood","Quick question about Roxas Blvd Seafood's tech needs","restaurant","Hello,  Your restaurant caught my attention while researching seaside seafood restaurant needing online menu and ordering businesses.  I'm Robert James, founder of STRUKKD LABS. We're a full-stack development studio based in the Philippines.  We've helped similar restaurants streamline their operations with custom software.  Would you be open to a quick 15-minute call to discuss how we might help Roxas Blvd Seafood?  I'm happy to build a free prototype to show you what's possible.  Here's what we've been working on: - STRUKKD LABS: https://strukkdlabs.vercel.app/ - My portfolio: https://rj-portfolio-resume.vercel.app/  Totally understand if the timing isn't right. But if you're thinking about improving your digital presence, I'd love to help.  Cheers, Robert James Cabansay Founder, STRUKKD LABS https://strukkdlabs.vercel.app/  --- 📧 rjamscxx@gmail.com 🌐 strukkdlabs.vercel.app 💼 rj-portfolio-resume.vercel.app"
"ccpcomplex@gmail.com","CCP Complex Café","Quick question about CCP Complex Café's tech needs","cafe","Hi there,  Your cafe concept looks amazing! I wanted to reach out about tech solutions.  I'm Robert James, founder of STRUKKD LABS. We're a full-stack development studio based in the Philippines.  Our team creates beautiful websites and ordering systems for cafes.  Would you be interested in a free consultation to explore how we can help CCP Complex Café?  I'm happy to build a free prototype to show you what's possible.  Here's what we've been working on: - STRUKKD LABS: https://strukkdlabs.vercel.app/ - My portfolio: https://rj-portfolio-resume.vercel.app/  Totally understand if the timing isn't right. But if you're thinking about improving your digital presence, I'd love to help.  Cheers, Robert James Cabansay Founder, STRUKKD LABS https://strukkdlabs.vercel.app/  --- 📧 rjamscxx@gmail.com 🌐 strukkdlabs.vercel.app 💼 rj-portfolio-resume.vercel.app"
"atcgrill@gmail.com","Alabang Town Center Grill","Quick question about Alabang Town Center Grill's tech needs","restaurant","Good day,  I've heard great things about Alabang Town Center Grill and wanted to reach out.  I'm Robert James, founder of STRUKKD LABS. We're a full-stack development studio based in the Philippines.  We help restaurants like Alabang Town Center Grill build online ordering systems that increase sales by 30%.  Would you be open to a quick 15-minute call to discuss how we might help Alabang Town Center Grill?  I'm happy to build a free prototype to show you what's possible.  Here's what we've been working on: - STRUKKD LABS: https://strukkdlabs.vercel.app/ - My portfolio: https://rj-portfolio-resume.vercel.app/  Totally understand if the timing isn't right. But if you're thinking about improving your digital presence, I'd love to help.  Cheers, Robert James Cabansay Founder, STRUKKD LABS https://strukkdlabs.vercel.app/  --- 📧 rjamscxx@gmail.com 🌐 strukkdlabs.vercel.app 💼 rj-portfolio-resume.vercel.app"
"festivalfood@gmail.com","Festival Mall Food Park","Quick question about Festival Mall Food Park's tech needs","restaurant","Hello,  I came across Festival Mall Food Park and love what you're doing with food in Muntinlupa/Alabang.  I'm Robert James, founder of STRUKKD LABS. We're a full-stack development studio based in the Philippines.  We've helped similar restaurants streamline their operations with custom software.  I'd love to learn more about Festival Mall Food Park's challenges. Do you have 15 minutes for a quick chat?  I'm happy to build a free prototype to show you what's possible.  Here's what we've been working on: - STRUKKD LABS: https://strukkdlabs.vercel.app/ - My portfolio: https://rj-portfolio-resume.vercel.app/  Totally understand if the timing isn't right. But if you're thinking about improving your digital presence, I'd love to help.  Cheers, Robert James Cabansay Founder, STRUKKD LABS https://strukkdlabs.vercel.app/  --- 📧 rjamscxx@gmail.com 🌐 strukkdlabs.vercel.app 💼 rj-portfolio-resume.vercel.app"
"westgatecafe@gmail.com","Westgate Center Café","Quick question about Westgate Center Café's tech needs","cafe","Good day,  I found Westgate Center Café while researching cafes in Muntinlupa/Alabang and was impressed.  I'm Robert James, founder of STRUKKD LABS. We're a full-stack development studio based in the Philippines.  Our team creates beautiful websites and ordering systems for cafes.  Would you be interested in a free consultation to explore how we can help Westgate Center Café?  I'm happy to build a free prototype to show you what's possible.  Here's what we've been working on: - STRUKKD LABS: https://strukkdlabs.vercel.app/ - My portfolio: https://rj-portfolio-resume.vercel.app/  Totally understand if the timing isn't right. But if you're thinking about improving your digital presence, I'd love to help.  Cheers, Robert James Cabansay Founder, STRUKKD LABS https://strukkdlabs.vercel.app/  --- 📧 rjamscxx@gmail.com 🌐 strukkdlabs.vercel.app 💼 rj-portfolio-resume.vercel.app"
"muntipubmarket@gmail.com","Muntinlupa Public Market","Quick question about Muntinlupa Public Market's tech needs","default","Good day,  While researching public market needing pos and vendor management system businesses, I found Muntinlupa Public Market and thought of reaching out.  I'm Robert James, founder of STRUKKD LABS. We're a full-stack development studio based in the Philippines.  We've helped similar businesses streamline their operations with custom software solutions.  Would you be open to a quick 15-minute call to discuss how we might help Muntinlupa Public Market?  I'm happy to build a free prototype to show you what's possible.  Here's what we've been working on: - STRUKKD LABS: https://strukkdlabs.vercel.app/ - My portfolio: https://rj-portfolio-resume.vercel.app/  Totally understand if the timing isn't right. But if you're thinking about improving your digital presence, I'd love to help.  Cheers, Robert James Cabansay Founder, STRUKKD LABS https://strukkdlabs.vercel.app/  --- 📧 rjamscxx@gmail.com 🌐 strukkdlabs.vercel.app 💼 rj-portfolio-resume.vercel.app"
"sucatbakery@gmail.com","Sucat Road Bakery","Quick question about Sucat Road Bakery's tech needs","default","Hello,  I came across Sucat Road Bakery and was impressed by what you're building.  I'm Robert James, founder of STRUKKD LABS. We're a full-stack development studio based in the Philippines.  We've helped similar businesses streamline their operations with custom software solutions.  Would you be open to a quick 15-minute call to discuss how we might help Sucat Road Bakery?  I'm happy to build a free prototype to show you what's possible.  Here's what we've been working on: - STRUKKD LABS: https://strukkdlabs.vercel.app/ - My portfolio: https://rj-portfolio-resume.vercel.app/  Totally understand if the timing isn't right. But if you're thinking about improving your digital presence, I'd love to help.  Cheers, Robert James Cabansay Founder, STRUKKD LABS https://strukkdlabs.vercel.app/  --- 📧 rjamscxx@gmail.com 🌐 strukkdlabs.vercel.app 💼 rj-portfolio-resume.vercel.app"
"alabanghillsclinic@gmail.com","Alabang Hills Clinic","Quick question about Alabang Hills Clinic's tech needs","default","Hello,  While researching medical clinic needing appointment booking and patient portal businesses, I found Alabang Hills Clinic and thought of reaching out.  I'm Robert James, founder of STRUKKD LABS. We're a full-stack development studio based in the Philippines.  Our team specializes in building web apps and systems for companies like Alabang Hills Clinic.  I'd love to learn more about Alabang Hills Clinic's challenges. Do you have 15 minutes for a quick chat?  I'm happy to build a free prototype to show you what's possible.  Here's what we've been working on: - STRUKKD LABS: https://strukkdlabs.vercel.app/ - My portfolio: https://rj-portfolio-resume.vercel.app/  Totally understand if the timing isn't right. But if you're thinking about improving your digital presence, I'd love to help.  Cheers, Robert James Cabansay Founder, STRUKKD LABS https://strukkdlabs.vercel.app/  --- 📧 rjamscxx@gmail.com 🌐 strukkdlabs.vercel.app 💼 rj-portfolio-resume.vercel.app"
"filinvestgym@gmail.com","Filinvest City Gym","Quick question about Filinvest City Gym's tech needs","default","Good day,  I noticed Filinvest City Gym in the business district gym needing membership and class booking space and wanted to reach out.  I'm Robert James, founder of STRUKKD LABS. We're a full-stack development studio based in the Philippines.  Our team specializes in building web apps and systems for companies like Filinvest City Gym.  I'd love to learn more about Filinvest City Gym's challenges. Do you have 15 minutes for a quick chat?  I'm happy to build a free prototype to show you what's possible.  Here's what we've been working on: - STRUKKD LABS: https://strukkdlabs.vercel.app/ - My portfolio: https://rj-portfolio-resume.vercel.app/  Totally understand if the timing isn't right. But if you're thinking about improving your digital presence, I'd love to help.  Cheers, Robert James Cabansay Founder, STRUKKD LABS https://strukkdlabs.vercel.app/  --- 📧 rjamscxx@gmail.com 🌐 strukkdlabs.vercel.app 💼 rj-portfolio-resume.vercel.app"
"madrigalbizpark@gmail.com","Madrigal Business Park Office","Quick question about Madrigal Business Park Office's tech needs","default","Good day,  I came across Madrigal Business Park Office and was impressed by what you're building.  I'm Robert James, founder of STRUKKD LABS. We're a full-stack development studio based in the Philippines.  We help businesses like Madrigal Business Park Office build custom software that saves time and increases revenue.  I'd love to learn more about Madrigal Business Park Office's challenges. Do you have 15 minutes for a quick chat?  I'm happy to build a free prototype to show you what's possible.  Here's what we've been working on: - STRUKKD LABS: https://strukkdlabs.vercel.app/ - My portfolio: https://rj-portfolio-resume.vercel.app/  Totally understand if the timing isn't right. But if you're thinking about improving your digital presence, I'd love to help.  Cheers, Robert James Cabansay Founder, STRUKKD LABS https://strukkdlabs.vercel.app/  --- 📧 rjamscxx@gmail.com 🌐 strukkdlabs.vercel.app 💼 rj-portfolio-resume.vercel.app"
"alabangdentalspa@gmail.com","Alabang Dental Spa","Quick question about Alabang Dental Spa's tech needs","default","Good day,  I came across Alabang Dental Spa and was impressed by what you're building.  I'm Robert James, founder of STRUKKD LABS. We're a full-stack development studio based in the Philippines.  Our team specializes in building web apps and systems for companies like Alabang Dental Spa.  Would you be open to a quick 15-minute call to discuss how we might help Alabang Dental Spa?  I'm happy to build a free prototype to show you what's possible.  Here's what we've been working on: - STRUKKD LABS: https://strukkdlabs.vercel.app/ - My portfolio: https://rj-portfolio-resume.vercel.app/  Totally understand if the timing isn't right. But if you're thinking about improving your digital presence, I'd love to help.  Cheers, Robert James Cabansay Founder, STRUKKD LABS https://strukkdlabs.vercel.app/  --- 📧 rjamscxx@gmail.com 🌐 strukkdlabs.vercel.app 💼 rj-portfolio-resume.vercel.app"
"putataneatery@gmail.com","Putatan Eatery","Quick question about Putatan Eatery's tech needs","default","Good day,  I noticed Putatan Eatery in the local eatery needing pos and inventory system space and wanted to reach out.  I'm Robert James, founder of STRUKKD LABS. We're a full-stack development studio based in the Philippines.  Our team specializes in building web apps and systems for companies like Putatan Eatery.  Would you be open to a quick 15-minute call to discuss how we might help Putatan Eatery?  I'm happy to build a free prototype to show you what's possible.  Here's what we've been working on: - STRUKKD LABS: https://strukkdlabs.vercel.app/ - My portfolio: https://rj-portfolio-resume.vercel.app/  Totally understand if the timing isn't right. But if you're thinking about improving your digital presence, I'd love to help.  Cheers, Robert James Cabansay Founder, STRUKKD LABS https://strukkdlabs.vercel.app/  --- 📧 rjamscxx@gmail.com 🌐 strukkdlabs.vercel.app 💼 rj-portfolio-resume.vercel.app"
"bfhomesrestaurant@gmail.com","BF Homes Restaurant Row","Quick question about BF Homes Restaurant Row's tech needs","restaurant","Good day,  I came across BF Homes Restaurant Row and love what you're doing with food in Parañaque.  I'm Robert James, founder of STRUKKD LABS. We're a full-stack development studio based in the Philippines.  We help restaurants like BF Homes Restaurant Row build online ordering systems that increase sales by 30%.  Would you be open to a quick 15-minute call to discuss how we might help BF Homes Restaurant Row?  I'm happy to build a free prototype to show you what's possible.  Here's what we've been working on: - STRUKKD LABS: https://strukkdlabs.vercel.app/ - My portfolio: https://rj-portfolio-resume.vercel.app/  Totally understand if the timing isn't right. But if you're thinking about improving your digital presence, I'd love to help.  Cheers, Robert James Cabansay Founder, STRUKKD LABS https://strukkdlabs.vercel.app/  --- 📧 rjamscxx@gmail.com 🌐 strukkdlabs.vercel.app 💼 rj-portfolio-resume.vercel.app"
"alabangzapote@gmail.com","Alabang-Zapote Road Grill","Quick question about Alabang-Zapote Road Grill's tech needs","restaurant","Hello,  Your restaurant caught my attention while researching grill restaurant needing online ordering and delivery businesses.  I'm Robert James, founder of STRUKKD LABS. We're a full-stack development studio based in the Philippines.  We've helped similar restaurants streamline their operations with custom software.  I'd love to learn more about Alabang-Zapote Road Grill's challenges. Do you have 15 minutes for a quick chat?  I'm happy to build a free prototype to show you what's possible.  Here's what we've been working on: - STRUKKD LABS: https://strukkdlabs.vercel.app/ - My portfolio: https://rj-portfolio-resume.vercel.app/  Totally understand if the timing isn't right. But if you're thinking about improving your digital presence, I'd love to help.  Cheers, Robert James Cabansay Founder, STRUKKD LABS https://strukkdlabs.vercel.app/  --- 📧 rjamscxx@gmail.com 🌐 strukkdlabs.vercel.app 💼 rj-portfolio-resume.vercel.app"
"laspinasmarket@gmail.com","Las Piñas Public Market","Quick question about Las Piñas Public Market's tech needs","default","Hi there,  I came across Las Piñas Public Market and was impressed by what you're building.  I'm Robert James, founder of STRUKKD LABS. We're a full-stack development studio based in the Philippines.  Our team specializes in building web apps and systems for companies like Las Piñas Public Market.  I'd love to learn more about Las Piñas Public Market's challenges. Do you have 15 minutes for a quick chat?  I'm happy to build a free prototype to show you what's possible.  Here's what we've been working on: - STRUKKD LABS: https://strukkdlabs.vercel.app/ - My portfolio: https://rj-portfolio-resume.vercel.app/  Totally understand if the timing isn't right. But if you're thinking about improving your digital presence, I'd love to help.  Cheers, Robert James Cabansay Founder, STRUKKD LABS https://strukkdlabs.vercel.app/  --- 📧 rjamscxx@gmail.com 🌐 strukkdlabs.vercel.app 💼 rj-portfolio-resume.vercel.app"
"vistamallfood@gmail.com","Vista Mall Food Court","Quick question about Vista Mall Food Court's tech needs","restaurant","Hi there,  I came across Vista Mall Food Court and love what you're doing with food in Las Piñas.  I'm Robert James, founder of STRUKKD LABS. We're a full-stack development studio based in the Philippines.  We help restaurants like Vista Mall Food Court build online ordering systems that increase sales by 30%.  Would you be open to a quick 15-minute call to discuss how we might help Vista Mall Food Court?  I'm happy to build a free prototype to show you what's possible.  Here's what we've been working on: - STRUKKD LABS: https://strukkdlabs.vercel.app/ - My portfolio: https://rj-portfolio-resume.vercel.app/  Totally understand if the timing isn't right. But if you're thinking about improving your digital presence, I'd love to help.  Cheers, Robert James Cabansay Founder, STRUKKD LABS https://strukkdlabs.vercel.app/  --- 📧 rjamscxx@gmail.com 🌐 strukkdlabs.vercel.app 💼 rj-portfolio-resume.vercel.app"
"paranaquechurch@gmail.com","Parañaque Church Café","Quick question about Parañaque Church Café's tech needs","cafe","Hi there,  I came across Parañaque Church Café and thought of ways we could help with your digital presence.  I'm Robert James, founder of STRUKKD LABS. We're a full-stack development studio based in the Philippines.  We've helped cafes increase repeat customers by 40% with custom apps.  Would you be interested in a free consultation to explore how we can help Parañaque Church Café?  I'm happy to build a free prototype to show you what's possible.  Here's what we've been working on: - STRUKKD LABS: https://strukkdlabs.vercel.app/ - My portfolio: https://rj-portfolio-resume.vercel.app/  Totally understand if the timing isn't right. But if you're thinking about improving your digital presence, I'd love to help.  Cheers, Robert James Cabansay Founder, STRUKKD LABS https://strukkdlabs.vercel.app/  --- 📧 rjamscxx@gmail.com 🌐 strukkdlabs.vercel.app 💼 rj-portfolio-resume.vercel.app"
"skywayview@gmail.com","Skyway View Restaurant","Quick question about Skyway View Restaurant's tech needs","restaurant","Hi there,  Your restaurant caught my attention while researching highway restaurant needing online ordering and delivery businesses.  I'm Robert James, founder of STRUKKD LABS. We're a full-stack development studio based in the Philippines.  We've helped similar restaurants streamline their operations with custom software.  I'd love to learn more about Skyway View Restaurant's challenges. Do you have 15 minutes for a quick chat?  I'm happy to build a free prototype to show you what's possible.  Here's what we've been working on: - STRUKKD LABS: https://strukkdlabs.vercel.app/ - My portfolio: https://rj-portfolio-resume.vercel.app/  Totally understand if the timing isn't right. But if you're thinking about improving your digital presence, I'd love to help.  Cheers, Robert James Cabansay Founder, STRUKKD LABS https://strukkdlabs.vercel.app/  --- 📧 rjamscxx@gmail.com 🌐 strukkdlabs.vercel.app 💼 rj-portfolio-resume.vercel.app"
"donboscoGym@gmail.com","Don Bosco Gym","Quick question about Don Bosco Gym's tech needs","default","Hello,  While researching community gym needing membership and class booking businesses, I found Don Bosco Gym and thought of reaching out.  I'm Robert James, founder of STRUKKD LABS. We're a full-stack development studio based in the Philippines.  Our team specializes in building web apps and systems for companies like Don Bosco Gym.  Would you be open to a quick 15-minute call to discuss how we might help Don Bosco Gym?  I'm happy to build a free prototype to show you what's possible.  Here's what we've been working on: - STRUKKD LABS: https://strukkdlabs.vercel.app/ - My portfolio: https://rj-portfolio-resume.vercel.app/  Totally understand if the timing isn't right. But if you're thinking about improving your digital presence, I'd love to help.  Cheers, Robert James Cabansay Founder, STRUKKD LABS https://strukkdlabs.vercel.app/  --- 📧 rjamscxx@gmail.com 🌐 strukkdlabs.vercel.app 💼 rj-portfolio-resume.vercel.app"
"sansionisio@gmail.com","San Dionisio Bakery","Quick question about San Dionisio Bakery's tech needs","default","Hi there,  While researching traditional bakery needing online ordering and delivery businesses, I found San Dionisio Bakery and thought of reaching out.  I'm Robert James, founder of STRUKKD LABS. We're a full-stack development studio based in the Philippines.  We help businesses like San Dionisio Bakery build custom software that saves time and increases revenue.  Would you be open to a quick 15-minute call to discuss how we might help San Dionisio Bakery?  I'm happy to build a free prototype to show you what's possible.  Here's what we've been working on: - STRUKKD LABS: https://strukkdlabs.vercel.app/ - My portfolio: https://rj-portfolio-resume.vercel.app/  Totally understand if the timing isn't right. But if you're thinking about improving your digital presence, I'd love to help.  Cheers, Robert James Cabansay Founder, STRUKKD LABS https://strukkdlabs.vercel.app/  --- 📧 rjamscxx@gmail.com 🌐 strukkdlabs.vercel.app 💼 rj-portfolio-resume.vercel.app"
"moonwalkdental@gmail.com","Moonwalk Dental Clinic","Quick question about Moonwalk Dental Clinic's tech needs","default","Hi there,  I noticed Moonwalk Dental Clinic in the dental clinic needing appointment booking and records system space and wanted to reach out.  I'm Robert James, founder of STRUKKD LABS. We're a full-stack development studio based in the Philippines.  We help businesses like Moonwalk Dental Clinic build custom software that saves time and increases revenue.  I'd love to learn more about Moonwalk Dental Clinic's challenges. Do you have 15 minutes for a quick chat?  I'm happy to build a free prototype to show you what's possible.  Here's what we've been working on: - STRUKKD LABS: https://strukkdlabs.vercel.app/ - My portfolio: https://rj-portfolio-resume.vercel.app/  Totally understand if the timing isn't right. But if you're thinking about improving your digital presence, I'd love to help.  Cheers, Robert James Cabansay Founder, STRUKKD LABS https://strukkdlabs.vercel.app/  --- 📧 rjamscxx@gmail.com 🌐 strukkdlabs.vercel.app 💼 rj-portfolio-resume.vercel.app"
"tambofoodhub@gmail.com","Tambo Food Hub","Quick question about Tambo Food Hub's tech needs","restaurant","Hello,  I came across Tambo Food Hub and love what you're doing with food in Parañaque.  I'm Robert James, founder of STRUKKD LABS. We're a full-stack development studio based in the Philippines.  Our team builds custom reservation and delivery platforms for restaurants.  Would you be open to a quick 15-minute call to discuss how we might help Tambo Food Hub?  I'm happy to build a free prototype to show you what's possible.  Here's what we've been working on: - STRUKKD LABS: https://strukkdlabs.vercel.app/ - My portfolio: https://rj-portfolio-resume.vercel.app/  Totally understand if the timing isn't right. But if you're thinking about improving your digital presence, I'd love to help.  Cheers, Robert James Cabansay Founder, STRUKKD LABS https://strukkdlabs.vercel.app/  --- 📧 rjamscxx@gmail.com 🌐 strukkdlabs.vercel.app 💼 rj-portfolio-resume.vercel.app"
"monumentogrill@gmail.com","Monumento Grill House","Quick question about Monumento Grill House's tech needs","default","Hi there,  I came across Monumento Grill House and was impressed by what you're building.  I'm Robert James, founder of STRUKKD LABS. We're a full-stack development studio based in the Philippines.  Our team specializes in building web apps and systems for companies like Monumento Grill House.  I'd love to learn more about Monumento Grill House's challenges. Do you have 15 minutes for a quick chat?  I'm happy to build a free prototype to show you what's possible.  Here's what we've been working on: - STRUKKD LABS: https://strukkdlabs.vercel.app/ - My portfolio: https://rj-portfolio-resume.vercel.app/  Totally understand if the timing isn't right. But if you're thinking about improving your digital presence, I'd love to help.  Cheers, Robert James Cabansay Founder, STRUKKD LABS https://strukkdlabs.vercel.app/  --- 📧 rjamscxx@gmail.com 🌐 strukkdlabs.vercel.app 💼 rj-portfolio-resume.vercel.app"
"samsonroad@gmail.com","Samson Road Eatery","Quick question about Samson Road Eatery's tech needs","default","Hello,  While researching local eatery needing pos and inventory management businesses, I found Samson Road Eatery and thought of reaching out.  I'm Robert James, founder of STRUKKD LABS. We're a full-stack development studio based in the Philippines.  We help businesses like Samson Road Eatery build custom software that saves time and increases revenue.  Would you be open to a quick 15-minute call to discuss how we might help Samson Road Eatery?  I'm happy to build a free prototype to show you what's possible.  Here's what we've been working on: - STRUKKD LABS: https://strukkdlabs.vercel.app/ - My portfolio: https://rj-portfolio-resume.vercel.app/  Totally understand if the timing isn't right. But if you're thinking about improving your digital presence, I'd love to help.  Cheers, Robert James Cabansay Founder, STRUKKD LABS https://strukkdlabs.vercel.app/  --- 📧 rjamscxx@gmail.com 🌐 strukkdlabs.vercel.app 💼 rj-portfolio-resume.vercel.app"
"deparocoffee@gmail.com","Deparo Coffee Shop","Quick question about Deparo Coffee Shop's tech needs","cafe","Hello,  I came across Deparo Coffee Shop and thought of ways we could help with your digital presence.  I'm Robert James, founder of STRUKKD LABS. We're a full-stack development studio based in the Philippines.  We've helped cafes increase repeat customers by 40% with custom apps.  Would you be interested in a free consultation to explore how we can help Deparo Coffee Shop?  I'm happy to build a free prototype to show you what's possible.  Here's what we've been working on: - STRUKKD LABS: https://strukkdlabs.vercel.app/ - My portfolio: https://rj-portfolio-resume.vercel.app/  Totally understand if the timing isn't right. But if you're thinking about improving your digital presence, I'd love to help.  Cheers, Robert James Cabansay Founder, STRUKKD LABS https://strukkdlabs.vercel.app/  --- 📧 rjamscxx@gmail.com 🌐 strukkdlabs.vercel.app 💼 rj-portfolio-resume.vercel.app"
"bagongbarrio@gmail.com","Bagong Barrio Market","Quick question about Bagong Barrio Market's tech needs","default","Good day,  While researching community market needing vendor management and pos businesses, I found Bagong Barrio Market and thought of reaching out.  I'm Robert James, founder of STRUKKD LABS. We're a full-stack development studio based in the Philippines.  We help businesses like Bagong Barrio Market build custom software that saves time and increases revenue.  I'd love to learn more about Bagong Barrio Market's challenges. Do you have 15 minutes for a quick chat?  I'm happy to build a free prototype to show you what's possible.  Here's what we've been working on: - STRUKKD LABS: https://strukkdlabs.vercel.app/ - My portfolio: https://rj-portfolio-resume.vercel.app/  Totally understand if the timing isn't right. But if you're thinking about improving your digital presence, I'd love to help.  Cheers, Robert James Cabansay Founder, STRUKKD LABS https://strukkdlabs.vercel.app/  --- 📧 rjamscxx@gmail.com 🌐 strukkdlabs.vercel.app 💼 rj-portfolio-resume.vercel.app"
"kaybigagym@gmail.com","Kaybiga Gym Center","Quick question about Kaybiga Gym Center's tech needs","default","Good day,  I came across Kaybiga Gym Center and was impressed by what you're building.  I'm Robert James, founder of STRUKKD LABS. We're a full-stack development studio based in the Philippines.  Our team specializes in building web apps and systems for companies like Kaybiga Gym Center.  I'd love to learn more about Kaybiga Gym Center's challenges. Do you have 15 minutes for a quick chat?  I'm happy to build a free prototype to show you what's possible.  Here's what we've been working on: - STRUKKD LABS: https://strukkdlabs.vercel.app/ - My portfolio: https://rj-portfolio-resume.vercel.app/  Totally understand if the timing isn't right. But if you're thinking about improving your digital presence, I'd love to help.  Cheers, Robert James Cabansay Founder, STRUKKD LABS https://strukkdlabs.vercel.app/  --- 📧 rjamscxx@gmail.com 🌐 strukkdlabs.vercel.app 💼 rj-portfolio-resume.vercel.app"
"northcaloocanbakery@gmail.com","North Caloocan Bakery","Quick question about North Caloocan Bakery's tech needs","default","Hi there,  While researching community bakery needing online ordering and delivery businesses, I found North Caloocan Bakery and thought of reaching out.  I'm Robert James, founder of STRUKKD LABS. We're a full-stack development studio based in the Philippines.  We help businesses like North Caloocan Bakery build custom software that saves time and increases revenue.  Would you be open to a quick 15-minute call to discuss how we might help North Caloocan Bakery?  I'm happy to build a free prototype to show you what's possible.  Here's what we've been working on: - STRUKKD LABS: https://strukkdlabs.vercel.app/ - My portfolio: https://rj-portfolio-resume.vercel.app/  Totally understand if the timing isn't right. But if you're thinking about improving your digital presence, I'd love to help.  Cheers, Robert James Cabansay Founder, STRUKKD LABS https://strukkdlabs.vercel.app/  --- 📧 rjamscxx@gmail.com 🌐 strukkdlabs.vercel.app 💼 rj-portfolio-resume.vercel.app"
"talahospital@gmail.com","Tala Hospital Area Clinic","Quick question about Tala Hospital Area Clinic's tech needs","default","Hi there,  I noticed Tala Hospital Area Clinic in the clinic needing appointment booking and patient management space and wanted to reach out.  I'm Robert James, founder of STRUKKD LABS. We're a full-stack development studio based in the Philippines.  Our team specializes in building web apps and systems for companies like Tala Hospital Area Clinic.  I'd love to learn more about Tala Hospital Area Clinic's challenges. Do you have 15 minutes for a quick chat?  I'm happy to build a free prototype to show you what's possible.  Here's what we've been working on: - STRUKKD LABS: https://strukkdlabs.vercel.app/ - My portfolio: https://rj-portfolio-resume.vercel.app/  Totally understand if the timing isn't right. But if you're thinking about improving your digital presence, I'd love to help.  Cheers, Robert James Cabansay Founder, STRUKKD LABS https://strukkdlabs.vercel.app/  --- 📧 rjamscxx@gmail.com 🌐 strukkdlabs.vercel.app 💼 rj-portfolio-resume.vercel.app"
"aranetasquare@gmail.com","Araneta Square Food","Quick question about Araneta Square Food's tech needs","restaurant","Hi there,  Your restaurant caught my attention while researching food center needing online ordering and vendor management businesses.  I'm Robert James, founder of STRUKKD LABS. We're a full-stack development studio based in the Philippines.  Our team builds custom reservation and delivery platforms for restaurants.  Would you be open to a quick 15-minute call to discuss how we might help Araneta Square Food?  I'm happy to build a free prototype to show you what's possible.  Here's what we've been working on: - STRUKKD LABS: https://strukkdlabs.vercel.app/ - My portfolio: https://rj-portfolio-resume.vercel.app/  Totally understand if the timing isn't right. But if you're thinking about improving your digital presence, I'd love to help.  Cheers, Robert James Cabansay Founder, STRUKKD LABS https://strukkdlabs.vercel.app/  --- 📧 rjamscxx@gmail.com 🌐 strukkdlabs.vercel.app 💼 rj-portfolio-resume.vercel.app"
"capisstreet@gmail.com","Capis Street Eatery","Quick question about Capis Street Eatery's tech needs","restaurant","Hello,  I came across Capis Street Eatery and love what you're doing with food in Caloocan.  I'm Robert James, founder of STRUKKD LABS. We're a full-stack development studio based in the Philippines.  Our team builds custom reservation and delivery platforms for restaurants.  Would you be open to a quick 15-minute call to discuss how we might help Capis Street Eatery?  I'm happy to build a free prototype to show you what's possible.  Here's what we've been working on: - STRUKKD LABS: https://strukkdlabs.vercel.app/ - My portfolio: https://rj-portfolio-resume.vercel.app/  Totally understand if the timing isn't right. But if you're thinking about improving your digital presence, I'd love to help.  Cheers, Robert James Cabansay Founder, STRUKKD LABS https://strukkdlabs.vercel.app/  --- 📧 rjamscxx@gmail.com 🌐 strukkdlabs.vercel.app 💼 rj-portfolio-resume.vercel.app"
"graceparkdental@gmail.com","Grace Park Dental","Quick question about Grace Park Dental's tech needs","default","Hi there,  While researching dental clinic needing appointment booking and patient portal businesses, I found Grace Park Dental and thought of reaching out.  I'm Robert James, founder of STRUKKD LABS. We're a full-stack development studio based in the Philippines.  We help businesses like Grace Park Dental build custom software that saves time and increases revenue.  I'd love to learn more about Grace Park Dental's challenges. Do you have 15 minutes for a quick chat?  I'm happy to build a free prototype to show you what's possible.  Here's what we've been working on: - STRUKKD LABS: https://strukkdlabs.vercel.app/ - My portfolio: https://rj-portfolio-resume.vercel.app/  Totally understand if the timing isn't right. But if you're thinking about improving your digital presence, I'd love to help.  Cheers, Robert James Cabansay Founder, STRUKKD LABS https://strukkdlabs.vercel.app/  --- 📧 rjamscxx@gmail.com 🌐 strukkdlabs.vercel.app 💼 rj-portfolio-resume.vercel.app"
"navotasfishport@gmail.com","Navotas Fish Port Restaurant","Quick question about Navotas Fish Port Restaurant's tech needs","restaurant","Hello,  I came across Navotas Fish Port Restaurant and love what you're doing with food in Navotas.  I'm Robert James, founder of STRUKKD LABS. We're a full-stack development studio based in the Philippines.  Our team builds custom reservation and delivery platforms for restaurants.  Would you be open to a quick 15-minute call to discuss how we might help Navotas Fish Port Restaurant?  I'm happy to build a free prototype to show you what's possible.  Here's what we've been working on: - STRUKKD LABS: https://strukkdlabs.vercel.app/ - My portfolio: https://rj-portfolio-resume.vercel.app/  Totally understand if the timing isn't right. But if you're thinking about improving your digital presence, I'd love to help.  Cheers, Robert James Cabansay Founder, STRUKKD LABS https://strukkdlabs.vercel.app/  --- 📧 rjamscxx@gmail.com 🌐 strukkdlabs.vercel.app 💼 rj-portfolio-resume.vercel.app"
"tanjongtorpedo@gmail.com","Tanjong Torpedo Grill","Quick question about Tanjong Torpedo Grill's tech needs","default","Hi there,  I noticed Tanjong Torpedo Grill in the neighborhood grill needing pos and delivery system space and wanted to reach out.  I'm Robert James, founder of STRUKKD LABS. We're a full-stack development studio based in the Philippines.  We help businesses like Tanjong Torpedo Grill build custom software that saves time and increases revenue.  Would you be open to a quick 15-minute call to discuss how we might help Tanjong Torpedo Grill?  I'm happy to build a free prototype to show you what's possible.  Here's what we've been working on: - STRUKKD LABS: https://strukkdlabs.vercel.app/ - My portfolio: https://rj-portfolio-resume.vercel.app/  Totally understand if the timing isn't right. But if you're thinking about improving your digital presence, I'd love to help.  Cheers, Robert James Cabansay Founder, STRUKKD LABS https://strukkdlabs.vercel.app/  --- 📧 rjamscxx@gmail.com 🌐 strukkdlabs.vercel.app 💼 rj-portfolio-resume.vercel.app"
"nbbsmarket@gmail.com","NBBS Community Market","Quick question about NBBS Community Market's tech needs","default","Hello,  I came across NBBS Community Market and was impressed by what you're building.  I'm Robert James, founder of STRUKKD LABS. We're a full-stack development studio based in the Philippines.  We help businesses like NBBS Community Market build custom software that saves time and increases revenue.  I'd love to learn more about NBBS Community Market's challenges. Do you have 15 minutes for a quick chat?  I'm happy to build a free prototype to show you what's possible.  Here's what we've been working on: - STRUKKD LABS: https://strukkdlabs.vercel.app/ - My portfolio: https://rj-portfolio-resume.vercel.app/  Totally understand if the timing isn't right. But if you're thinking about improving your digital presence, I'd love to help.  Cheers, Robert James Cabansay Founder, STRUKKD LABS https://strukkdlabs.vercel.app/  --- 📧 rjamscxx@gmail.com 🌐 strukkdlabs.vercel.app 💼 rj-portfolio-resume.vercel.app"
"malabonpancit@gmail.com","Malabon Pancit House","Quick question about Malabon Pancit House's tech needs","default","Good day,  I noticed Malabon Pancit House in the famous pancit house needing online ordering and delivery space and wanted to reach out.  I'm Robert James, founder of STRUKKD LABS. We're a full-stack development studio based in the Philippines.  Our team specializes in building web apps and systems for companies like Malabon Pancit House.  Would you be open to a quick 15-minute call to discuss how we might help Malabon Pancit House?  I'm happy to build a free prototype to show you what's possible.  Here's what we've been working on: - STRUKKD LABS: https://strukkdlabs.vercel.app/ - My portfolio: https://rj-portfolio-resume.vercel.app/  Totally understand if the timing isn't right. But if you're thinking about improving your digital presence, I'd love to help.  Cheers, Robert James Cabansay Founder, STRUKKD LABS https://strukkdlabs.vercel.app/  --- 📧 rjamscxx@gmail.com 🌐 strukkdlabs.vercel.app 💼 rj-portfolio-resume.vercel.app"
"potrerofitness@gmail.com","Potrero Fitness Gym","Quick question about Potrero Fitness Gym's tech needs","default","Hello,  I noticed Potrero Fitness Gym in the neighborhood gym needing membership and class booking space and wanted to reach out.  I'm Robert James, founder of STRUKKD LABS. We're a full-stack development studio based in the Philippines.  Our team specializes in building web apps and systems for companies like Potrero Fitness Gym.  I'd love to learn more about Potrero Fitness Gym's challenges. Do you have 15 minutes for a quick chat?  I'm happy to build a free prototype to show you what's possible.  Here's what we've been working on: - STRUKKD LABS: https://strukkdlabs.vercel.app/ - My portfolio: https://rj-portfolio-resume.vercel.app/  Totally understand if the timing isn't right. But if you're thinking about improving your digital presence, I'd love to help.  Cheers, Robert James Cabansay Founder, STRUKKD LABS https://strukkdlabs.vercel.app/  --- 📧 rjamscxx@gmail.com 🌐 strukkdlabs.vercel.app 💼 rj-portfolio-resume.vercel.app"
"longosbakery@gmail.com","Longos Bakery Malabon","Quick question about Longos Bakery Malabon's tech needs","default","Hello,  I noticed Longos Bakery Malabon in the community bakery needing online ordering and delivery space and wanted to reach out.  I'm Robert James, founder of STRUKKD LABS. We're a full-stack development studio based in the Philippines.  Our team specializes in building web apps and systems for companies like Longos Bakery Malabon.  I'd love to learn more about Longos Bakery Malabon's challenges. Do you have 15 minutes for a quick chat?  I'm happy to build a free prototype to show you what's possible.  Here's what we've been working on: - STRUKKD LABS: https://strukkdlabs.vercel.app/ - My portfolio: https://rj-portfolio-resume.vercel.app/  Totally understand if the timing isn't right. But if you're thinking about improving your digital presence, I'd love to help.  Cheers, Robert James Cabansay Founder, STRUKKD LABS https://strukkdlabs.vercel.app/  --- 📧 rjamscxx@gmail.com 🌐 strukkdlabs.vercel.app 💼 rj-portfolio-resume.vercel.app"
"tinajerosdental@gmail.com","Tinajeros Dental Clinic","Quick question about Tinajeros Dental Clinic's tech needs","default","Good day,  While researching dental clinic needing appointment booking system businesses, I found Tinajeros Dental Clinic and thought of reaching out.  I'm Robert James, founder of STRUKKD LABS. We're a full-stack development studio based in the Philippines.  Our team specializes in building web apps and systems for companies like Tinajeros Dental Clinic.  Would you be open to a quick 15-minute call to discuss how we might help Tinajeros Dental Clinic?  I'm happy to build a free prototype to show you what's possible.  Here's what we've been working on: - STRUKKD LABS: https://strukkdlabs.vercel.app/ - My portfolio: https://rj-portfolio-resume.vercel.app/  Totally understand if the timing isn't right. But if you're thinking about improving your digital presence, I'd love to help.  Cheers, Robert James Cabansay Founder, STRUKKD LABS https://strukkdlabs.vercel.app/  --- 📧 rjamscxx@gmail.com 🌐 strukkdlabs.vercel.app 💼 rj-portfolio-resume.vercel.app"
"sangabriel@gmail.com","Sañ Gabriel Eatery","Quick question about Sañ Gabriel Eatery's tech needs","default","Good day,  I noticed Sañ Gabriel Eatery in the traditional eatery needing pos system space and wanted to reach out.  I'm Robert James, founder of STRUKKD LABS. We're a full-stack development studio based in the Philippines.  We've helped similar businesses streamline their operations with custom software solutions.  I'd love to learn more about Sañ Gabriel Eatery's challenges. Do you have 15 minutes for a quick chat?  I'm happy to build a free prototype to show you what's possible.  Here's what we've been working on: - STRUKKD LABS: https://strukkdlabs.vercel.app/ - My portfolio: https://rj-portfolio-resume.vercel.app/  Totally understand if the timing isn't right. But if you're thinking about improving your digital presence, I'd love to help.  Cheers, Robert James Cabansay Founder, STRUKKD LABS https://strukkdlabs.vercel.app/  --- 📧 rjamscxx@gmail.com 🌐 strukkdlabs.vercel.app 💼 rj-portfolio-resume.vercel.app"
"dampalitcoffee@gmail.com","Dampalit Coffee","Quick question about Dampalit Coffee's tech needs","cafe","Hi there,  I found Dampalit Coffee while researching cafes in Malabon and was impressed.  I'm Robert James, founder of STRUKKD LABS. We're a full-stack development studio based in the Philippines.  Our team creates beautiful websites and ordering systems for cafes.  Would you be interested in a free consultation to explore how we can help Dampalit Coffee?  I'm happy to build a free prototype to show you what's possible.  Here's what we've been working on: - STRUKKD LABS: https://strukkdlabs.vercel.app/ - My portfolio: https://rj-portfolio-resume.vercel.app/  Totally understand if the timing isn't right. But if you're thinking about improving your digital presence, I'd love to help.  Cheers, Robert James Cabansay Founder, STRUKKD LABS https://strukkdlabs.vercel.app/  --- 📧 rjamscxx@gmail.com 🌐 strukkdlabs.vercel.app 💼 rj-portfolio-resume.vercel.app"
"baritansalon@gmail.com","Baritan Salon","Quick question about Baritan Salon's tech needs","default","Good day,  While researching beauty salon needing appointment booking and crm businesses, I found Baritan Salon and thought of reaching out.  I'm Robert James, founder of STRUKKD LABS. We're a full-stack development studio based in the Philippines.  We've helped similar businesses streamline their operations with custom software solutions.  I'd love to learn more about Baritan Salon's challenges. Do you have 15 minutes for a quick chat?  I'm happy to build a free prototype to show you what's possible.  Here's what we've been working on: - STRUKKD LABS: https://strukkdlabs.vercel.app/ - My portfolio: https://rj-portfolio-resume.vercel.app/  Totally understand if the timing isn't right. But if you're thinking about improving your digital presence, I'd love to help.  Cheers, Robert James Cabansay Founder, STRUKKD LABS https://strukkdlabs.vercel.app/  --- 📧 rjamscxx@gmail.com 🌐 strukkdlabs.vercel.app 💼 rj-portfolio-resume.vercel.app"
"valenzuelacitymarket@gmail.com","Valenzuela City Market","Quick question about Valenzuela City Market's tech needs","default","Hello,  I noticed Valenzuela City Market in the city market needing vendor management and pos system space and wanted to reach out.  I'm Robert James, founder of STRUKKD LABS. We're a full-stack development studio based in the Philippines.  Our team specializes in building web apps and systems for companies like Valenzuela City Market.  Would you be open to a quick 15-minute call to discuss how we might help Valenzuela City Market?  I'm happy to build a free prototype to show you what's possible.  Here's what we've been working on: - STRUKKD LABS: https://strukkdlabs.vercel.app/ - My portfolio: https://rj-portfolio-resume.vercel.app/  Totally understand if the timing isn't right. But if you're thinking about improving your digital presence, I'd love to help.  Cheers, Robert James Cabansay Founder, STRUKKD LABS https://strukkdlabs.vercel.app/  --- 📧 rjamscxx@gmail.com 🌐 strukkdlabs.vercel.app 💼 rj-portfolio-resume.vercel.app"
"karuhatanfood@gmail.com","Karuhatan Food Center","Quick question about Karuhatan Food Center's tech needs","restaurant","Hello,  Your restaurant caught my attention while researching food center needing online ordering platform businesses.  I'm Robert James, founder of STRUKKD LABS. We're a full-stack development studio based in the Philippines.  Our team builds custom reservation and delivery platforms for restaurants.  Would you be open to a quick 15-minute call to discuss how we might help Karuhatan Food Center?  I'm happy to build a free prototype to show you what's possible.  Here's what we've been working on: - STRUKKD LABS: https://strukkdlabs.vercel.app/ - My portfolio: https://rj-portfolio-resume.vercel.app/  Totally understand if the timing isn't right. But if you're thinking about improving your digital presence, I'd love to help.  Cheers, Robert James Cabansay Founder, STRUKKD LABS https://strukkdlabs.vercel.app/  --- 📧 rjamscxx@gmail.com 🌐 strukkdlabs.vercel.app 💼 rj-portfolio-resume.vercel.app"
"maysangrill@gmail.com","Maysan Grill","Quick question about Maysan Grill's tech needs","default","Hi there,  I came across Maysan Grill and was impressed by what you're building.  I'm Robert James, founder of STRUKKD LABS. We're a full-stack development studio based in the Philippines.  Our team specializes in building web apps and systems for companies like Maysan Grill.  I'd love to learn more about Maysan Grill's challenges. Do you have 15 minutes for a quick chat?  I'm happy to build a free prototype to show you what's possible.  Here's what we've been working on: - STRUKKD LABS: https://strukkdlabs.vercel.app/ - My portfolio: https://rj-portfolio-resume.vercel.app/  Totally understand if the timing isn't right. But if you're thinking about improving your digital presence, I'd love to help.  Cheers, Robert James Cabansay Founder, STRUKKD LABS https://strukkdlabs.vercel.app/  --- 📧 rjamscxx@gmail.com 🌐 strukkdlabs.vercel.app 💼 rj-portfolio-resume.vercel.app"
"dalandananbakery@gmail.com","Dalandanan Bakery","Quick question about Dalandanan Bakery's tech needs","default","Hi there,  I noticed Dalandanan Bakery in the community bakery needing online ordering space and wanted to reach out.  I'm Robert James, founder of STRUKKD LABS. We're a full-stack development studio based in the Philippines.  We help businesses like Dalandanan Bakery build custom software that saves time and increases revenue.  Would you be open to a quick 15-minute call to discuss how we might help Dalandanan Bakery?  I'm happy to build a free prototype to show you what's possible.  Here's what we've been working on: - STRUKKD LABS: https://strukkdlabs.vercel.app/ - My portfolio: https://rj-portfolio-resume.vercel.app/  Totally understand if the timing isn't right. But if you're thinking about improving your digital presence, I'd love to help.  Cheers, Robert James Cabansay Founder, STRUKKD LABS https://strukkdlabs.vercel.app/  --- 📧 rjamscxx@gmail.com 🌐 strukkdlabs.vercel.app 💼 rj-portfolio-resume.vercel.app"
"meycauayanmarket@gmail.com","Meycauayan Public Market","Quick question about Meycauayan Public Market's tech needs","default","Good day,  I came across Meycauayan Public Market and was impressed by what you're building.  I'm Robert James, founder of STRUKKD LABS. We're a full-stack development studio based in the Philippines.  We help businesses like Meycauayan Public Market build custom software that saves time and increases revenue.  Would you be open to a quick 15-minute call to discuss how we might help Meycauayan Public Market?  I'm happy to build a free prototype to show you what's possible.  Here's what we've been working on: - STRUKKD LABS: https://strukkdlabs.vercel.app/ - My portfolio: https://rj-portfolio-resume.vercel.app/  Totally understand if the timing isn't right. But if you're thinking about improving your digital presence, I'd love to help.  Cheers, Robert James Cabansay Founder, STRUKKD LABS https://strukkdlabs.vercel.app/  --- 📧 rjamscxx@gmail.com 🌐 strukkdlabs.vercel.app 💼 rj-portfolio-resume.vercel.app"
"meycauyangym@gmail.com","Meycauayan Gym Center","Quick question about Meycauayan Gym Center's tech needs","default","Good day,  I came across Meycauayan Gym Center and was impressed by what you're building.  I'm Robert James, founder of STRUKKD LABS. We're a full-stack development studio based in the Philippines.  Our team specializes in building web apps and systems for companies like Meycauayan Gym Center.  I'd love to learn more about Meycauayan Gym Center's challenges. Do you have 15 minutes for a quick chat?  I'm happy to build a free prototype to show you what's possible.  Here's what we've been working on: - STRUKKD LABS: https://strukkdlabs.vercel.app/ - My portfolio: https://rj-portfolio-resume.vercel.app/  Totally understand if the timing isn't right. But if you're thinking about improving your digital presence, I'd love to help.  Cheers, Robert James Cabansay Founder, STRUKKD LABS https://strukkdlabs.vercel.app/  --- 📧 rjamscxx@gmail.com 🌐 strukkdlabs.vercel.app 💼 rj-portfolio-resume.vercel.app"
"pasodeblas@gmail.com","Paso de Blas Eatery","Quick question about Paso de Blas Eatery's tech needs","default","Hello,  I came across Paso de Blas Eatery and was impressed by what you're building.  I'm Robert James, founder of STRUKKD LABS. We're a full-stack development studio based in the Philippines.  We've helped similar businesses streamline their operations with custom software solutions.  Would you be open to a quick 15-minute call to discuss how we might help Paso de Blas Eatery?  I'm happy to build a free prototype to show you what's possible.  Here's what we've been working on: - STRUKKD LABS: https://strukkdlabs.vercel.app/ - My portfolio: https://rj-portfolio-resume.vercel.app/  Totally understand if the timing isn't right. But if you're thinking about improving your digital presence, I'd love to help.  Cheers, Robert James Cabansay Founder, STRUKKD LABS https://strukkdlabs.vercel.app/  --- 📧 rjamscxx@gmail.com 🌐 strukkdlabs.vercel.app 💼 rj-portfolio-resume.vercel.app"
"valenzueladental@gmail.com","Valenzuela Dental Hub","Quick question about Valenzuela Dental Hub's tech needs","default","Hello,  While researching dental clinic needing appointment and patient management businesses, I found Valenzuela Dental Hub and thought of reaching out.  I'm Robert James, founder of STRUKKD LABS. We're a full-stack development studio based in the Philippines.  We've helped similar businesses streamline their operations with custom software solutions.  Would you be open to a quick 15-minute call to discuss how we might help Valenzuela Dental Hub?  I'm happy to build a free prototype to show you what's possible.  Here's what we've been working on: - STRUKKD LABS: https://strukkdlabs.vercel.app/ - My portfolio: https://rj-portfolio-resume.vercel.app/  Totally understand if the timing isn't right. But if you're thinking about improving your digital presence, I'd love to help.  Cheers, Robert James Cabansay Founder, STRUKKD LABS https://strukkdlabs.vercel.app/  --- 📧 rjamscxx@gmail.com 🌐 strukkdlabs.vercel.app 💼 rj-portfolio-resume.vercel.app"
"wawangpulo@gmail.com","Wawangpulo Seafood","Quick question about Wawangpulo Seafood's tech needs","restaurant","Hello,  Your restaurant caught my attention while researching seafood restaurant needing online ordering businesses.  I'm Robert James, founder of STRUKKD LABS. We're a full-stack development studio based in the Philippines.  We've helped similar restaurants streamline their operations with custom software.  I'd love to learn more about Wawangpulo Seafood's challenges. Do you have 15 minutes for a quick chat?  I'm happy to build a free prototype to show you what's possible.  Here's what we've been working on: - STRUKKD LABS: https://strukkdlabs.vercel.app/ - My portfolio: https://rj-portfolio-resume.vercel.app/  Totally understand if the timing isn't right. But if you're thinking about improving your digital presence, I'd love to help.  Cheers, Robert James Cabansay Founder, STRUKKD LABS https://strukkdlabs.vercel.app/  --- 📧 rjamscxx@gmail.com 🌐 strukkdlabs.vercel.app 💼 rj-portfolio-resume.vercel.app"
"pagasacoffee@gmail.com","Pag-asa Coffee Shop","Quick question about Pag-asa Coffee Shop's tech needs","cafe","Hello,  I found Pag-asa Coffee Shop while researching cafes in Valenzuela and was impressed.  I'm Robert James, founder of STRUKKD LABS. We're a full-stack development studio based in the Philippines.  We've helped cafes increase repeat customers by 40% with custom apps.  Would you be interested in a free consultation to explore how we can help Pag-asa Coffee Shop?  I'm happy to build a free prototype to show you what's possible.  Here's what we've been working on: - STRUKKD LABS: https://strukkdlabs.vercel.app/ - My portfolio: https://rj-portfolio-resume.vercel.app/  Totally understand if the timing isn't right. But if you're thinking about improving your digital presence, I'd love to help.  Cheers, Robert James Cabansay Founder, STRUKKD LABS https://strukkdlabs.vercel.app/  --- 📧 rjamscxx@gmail.com 🌐 strukkdlabs.vercel.app 💼 rj-portfolio-resume.vercel.app"
"bacoorgrill@gmail.com","Bacoor City Grill","Quick question about Bacoor City Grill's tech needs","default","Hi there,  While researching city grill needing online ordering and delivery businesses, I found Bacoor City Grill and thought of reaching out.  I'm Robert James, founder of STRUKKD LABS. We're a full-stack development studio based in the Philippines.  Our team specializes in building web apps and systems for companies like Bacoor City Grill.  I'd love to learn more about Bacoor City Grill's challenges. Do you have 15 minutes for a quick chat?  I'm happy to build a free prototype to show you what's possible.  Here's what we've been working on: - STRUKKD LABS: https://strukkdlabs.vercel.app/ - My portfolio: https://rj-portfolio-resume.vercel.app/  Totally understand if the timing isn't right. But if you're thinking about improving your digital presence, I'd love to help.  Cheers, Robert James Cabansay Founder, STRUKKD LABS https://strukkdlabs.vercel.app/  --- 📧 rjamscxx@gmail.com 🌐 strukkdlabs.vercel.app 💼 rj-portfolio-resume.vercel.app"
"imusmarket@gmail.com","Imus Public Market","Quick question about Imus Public Market's tech needs","default","Hi there,  I came across Imus Public Market and was impressed by what you're building.  I'm Robert James, founder of STRUKKD LABS. We're a full-stack development studio based in the Philippines.  We help businesses like Imus Public Market build custom software that saves time and increases revenue.  I'd love to learn more about Imus Public Market's challenges. Do you have 15 minutes for a quick chat?  I'm happy to build a free prototype to show you what's possible.  Here's what we've been working on: - STRUKKD LABS: https://strukkdlabs.vercel.app/ - My portfolio: https://rj-portfolio-resume.vercel.app/  Totally understand if the timing isn't right. But if you're thinking about improving your digital presence, I'd love to help.  Cheers, Robert James Cabansay Founder, STRUKKD LABS https://strukkdlabs.vercel.app/  --- 📧 rjamscxx@gmail.com 🌐 strukkdlabs.vercel.app 💼 rj-portfolio-resume.vercel.app"
"kawitheritage@gmail.com","Kawit Heritage Café","Quick question about Kawit Heritage Café's tech needs","cafe","Good day,  I came across Kawit Heritage Café and thought of ways we could help with your digital presence.  I'm Robert James, founder of STRUKKD LABS. We're a full-stack development studio based in the Philippines.  We help cafes build loyalty programs and mobile ordering apps.  Would you be interested in a free consultation to explore how we can help Kawit Heritage Café?  I'm happy to build a free prototype to show you what's possible.  Here's what we've been working on: - STRUKKD LABS: https://strukkdlabs.vercel.app/ - My portfolio: https://rj-portfolio-resume.vercel.app/  Totally understand if the timing isn't right. But if you're thinking about improving your digital presence, I'd love to help.  Cheers, Robert James Cabansay Founder, STRUKKD LABS https://strukkdlabs.vercel.app/  --- 📧 rjamscxx@gmail.com 🌐 strukkdlabs.vercel.app 💼 rj-portfolio-resume.vercel.app"
"dasmarinasgym@gmail.com","Dasmarinas Gym Center","Quick question about Dasmarinas Gym Center's tech needs","default","Good day,  While researching gym needing membership and class scheduling businesses, I found Dasmarinas Gym Center and thought of reaching out.  I'm Robert James, founder of STRUKKD LABS. We're a full-stack development studio based in the Philippines.  We've helped similar businesses streamline their operations with custom software solutions.  I'd love to learn more about Dasmarinas Gym Center's challenges. Do you have 15 minutes for a quick chat?  I'm happy to build a free prototype to show you what's possible.  Here's what we've been working on: - STRUKKD LABS: https://strukkdlabs.vercel.app/ - My portfolio: https://rj-portfolio-resume.vercel.app/  Totally understand if the timing isn't right. But if you're thinking about improving your digital presence, I'd love to help.  Cheers, Robert James Cabansay Founder, STRUKKD LABS https://strukkdlabs.vercel.app/  --- 📧 rjamscxx@gmail.com 🌐 strukkdlabs.vercel.app 💼 rj-portfolio-resume.vercel.app"
"santarosarestaurant@gmail.com","Santa Rosa Laguna Restaurant","Quick question about Santa Rosa Laguna Restaurant's tech needs","restaurant","Good day,  I've heard great things about Santa Rosa Laguna Restaurant and wanted to reach out.  I'm Robert James, founder of STRUKKD LABS. We're a full-stack development studio based in the Philippines.  Our team builds custom reservation and delivery platforms for restaurants.  Would you be open to a quick 15-minute call to discuss how we might help Santa Rosa Laguna Restaurant?  I'm happy to build a free prototype to show you what's possible.  Here's what we've been working on: - STRUKKD LABS: https://strukkdlabs.vercel.app/ - My portfolio: https://rj-portfolio-resume.vercel.app/  Totally understand if the timing isn't right. But if you're thinking about improving your digital presence, I'd love to help.  Cheers, Robert James Cabansay Founder, STRUKKD LABS https://strukkdlabs.vercel.app/  --- 📧 rjamscxx@gmail.com 🌐 strukkdlabs.vercel.app 💼 rj-portfolio-resume.vercel.app"
"calambahotspring@gmail.com","Calamba Hot Spring Resort","Quick question about Calamba Hot Spring Resort's tech needs","default","Good day,  I came across Calamba Hot Spring Resort and was impressed by what you're building.  I'm Robert James, founder of STRUKKD LABS. We're a full-stack development studio based in the Philippines.  We've helped similar businesses streamline their operations with custom software solutions.  Would you be open to a quick 15-minute call to discuss how we might help Calamba Hot Spring Resort?  I'm happy to build a free prototype to show you what's possible.  Here's what we've been working on: - STRUKKD LABS: https://strukkdlabs.vercel.app/ - My portfolio: https://rj-portfolio-resume.vercel.app/  Totally understand if the timing isn't right. But if you're thinking about improving your digital presence, I'd love to help.  Cheers, Robert James Cabansay Founder, STRUKKD LABS https://strukkdlabs.vercel.app/  --- 📧 rjamscxx@gmail.com 🌐 strukkdlabs.vercel.app 💼 rj-portfolio-resume.vercel.app"
"sanpablobakery@gmail.com","San Pablo City Bakery","Quick question about San Pablo City Bakery's tech needs","default","Hello,  While researching community bakery needing online ordering and delivery businesses, I found San Pablo City Bakery and thought of reaching out.  I'm Robert James, founder of STRUKKD LABS. We're a full-stack development studio based in the Philippines.  We help businesses like San Pablo City Bakery build custom software that saves time and increases revenue.  Would you be open to a quick 15-minute call to discuss how we might help San Pablo City Bakery?  I'm happy to build a free prototype to show you what's possible.  Here's what we've been working on: - STRUKKD LABS: https://strukkdlabs.vercel.app/ - My portfolio: https://rj-portfolio-resume.vercel.app/  Totally understand if the timing isn't right. But if you're thinking about improving your digital presence, I'd love to help.  Cheers, Robert James Cabansay Founder, STRUKKD LABS https://strukkdlabs.vercel.app/  --- 📧 rjamscxx@gmail.com 🌐 strukkdlabs.vercel.app 💼 rj-portfolio-resume.vercel.app"
"losbanosclinic@gmail.com","Los Baños Clinic","Quick question about Los Baños Clinic's tech needs","default","Hello,  While researching medical clinic needing appointment booking and patient portal businesses, I found Los Baños Clinic and thought of reaching out.  I'm Robert James, founder of STRUKKD LABS. We're a full-stack development studio based in the Philippines.  We've helped similar businesses streamline their operations with custom software solutions.  I'd love to learn more about Los Baños Clinic's challenges. Do you have 15 minutes for a quick chat?  I'm happy to build a free prototype to show you what's possible.  Here's what we've been working on: - STRUKKD LABS: https://strukkdlabs.vercel.app/ - My portfolio: https://rj-portfolio-resume.vercel.app/  Totally understand if the timing isn't right. But if you're thinking about improving your digital presence, I'd love to help.  Cheers, Robert James Cabansay Founder, STRUKKD LABS https://strukkdlabs.vercel.app/  --- 📧 rjamscxx@gmail.com 🌐 strukkdlabs.vercel.app 💼 rj-portfolio-resume.vercel.app"
"binancitygrill@gmail.com","Biñan City Grill","Quick question about Biñan City Grill's tech needs","default","Hello,  I came across Biñan City Grill and was impressed by what you're building.  I'm Robert James, founder of STRUKKD LABS. We're a full-stack development studio based in the Philippines.  We've helped similar businesses streamline their operations with custom software solutions.  I'd love to learn more about Biñan City Grill's challenges. Do you have 15 minutes for a quick chat?  I'm happy to build a free prototype to show you what's possible.  Here's what we've been working on: - STRUKKD LABS: https://strukkdlabs.vercel.app/ - My portfolio: https://rj-portfolio-resume.vercel.app/  Totally understand if the timing isn't right. But if you're thinking about improving your digital presence, I'd love to help.  Cheers, Robert James Cabansay Founder, STRUKKD LABS https://strukkdlabs.vercel.app/  --- 📧 rjamscxx@gmail.com 🌐 strukkdlabs.vercel.app 💼 rj-portfolio-resume.vercel.app"
"cabuyaocoffee@gmail.com","Cabuyao Coffee Hub","Quick question about Cabuyao Coffee Hub's tech needs","cafe","Hi there,  Your cafe concept looks amazing! I wanted to reach out about tech solutions.  I'm Robert James, founder of STRUKKD LABS. We're a full-stack development studio based in the Philippines.  We help cafes build loyalty programs and mobile ordering apps.  Would you be interested in a free consultation to explore how we can help Cabuyao Coffee Hub?  I'm happy to build a free prototype to show you what's possible.  Here's what we've been working on: - STRUKKD LABS: https://strukkdlabs.vercel.app/ - My portfolio: https://rj-portfolio-resume.vercel.app/  Totally understand if the timing isn't right. But if you're thinking about improving your digital presence, I'd love to help.  Cheers, Robert James Cabansay Founder, STRUKKD LABS https://strukkdlabs.vercel.app/  --- 📧 rjamscxx@gmail.com 🌐 strukkdlabs.vercel.app 💼 rj-portfolio-resume.vercel.app"
"meycauayanjewelry@gmail.com","Meycauayan Jewelry District","Quick question about Meycauayan Jewelry District's tech needs","default","Good day,  I came across Meycauayan Jewelry District and was impressed by what you're building.  I'm Robert James, founder of STRUKKD LABS. We're a full-stack development studio based in the Philippines.  We help businesses like Meycauayan Jewelry District build custom software that saves time and increases revenue.  I'd love to learn more about Meycauayan Jewelry District's challenges. Do you have 15 minutes for a quick chat?  I'm happy to build a free prototype to show you what's possible.  Here's what we've been working on: - STRUKKD LABS: https://strukkdlabs.vercel.app/ - My portfolio: https://rj-portfolio-resume.vercel.app/  Totally understand if the timing isn't right. But if you're thinking about improving your digital presence, I'd love to help.  Cheers, Robert James Cabansay Founder, STRUKKD LABS https://strukkdlabs.vercel.app/  --- 📧 rjamscxx@gmail.com 🌐 strukkdlabs.vercel.app 💼 rj-portfolio-resume.vercel.app"
"marilaomarket@gmail.com","Marilao Public Market","Quick question about Marilao Public Market's tech needs","default","Hello,  I noticed Marilao Public Market in the public market needing vendor management and pos space and wanted to reach out.  I'm Robert James, founder of STRUKKD LABS. We're a full-stack development studio based in the Philippines.  We help businesses like Marilao Public Market build custom software that saves time and increases revenue.  I'd love to learn more about Marilao Public Market's challenges. Do you have 15 minutes for a quick chat?  I'm happy to build a free prototype to show you what's possible.  Here's what we've been working on: - STRUKKD LABS: https://strukkdlabs.vercel.app/ - My portfolio: https://rj-portfolio-resume.vercel.app/  Totally understand if the timing isn't right. But if you're thinking about improving your digital presence, I'd love to help.  Cheers, Robert James Cabansay Founder, STRUKKD LABS https://strukkdlabs.vercel.app/  --- 📧 rjamscxx@gmail.com 🌐 strukkdlabs.vercel.app 💼 rj-portfolio-resume.vercel.app"
"bocauefoodpark@gmail.com","Bocaue Food Park","Quick question about Bocaue Food Park's tech needs","restaurant","Hello,  I've heard great things about Bocaue Food Park and wanted to reach out.  I'm Robert James, founder of STRUKKD LABS. We're a full-stack development studio based in the Philippines.  We help restaurants like Bocaue Food Park build online ordering systems that increase sales by 30%.  Would you be open to a quick 15-minute call to discuss how we might help Bocaue Food Park?  I'm happy to build a free prototype to show you what's possible.  Here's what we've been working on: - STRUKKD LABS: https://strukkdlabs.vercel.app/ - My portfolio: https://rj-portfolio-resume.vercel.app/  Totally understand if the timing isn't right. But if you're thinking about improving your digital presence, I'd love to help.  Cheers, Robert James Cabansay Founder, STRUKKD LABS https://strukkdlabs.vercel.app/  --- 📧 rjamscxx@gmail.com 🌐 strukkdlabs.vercel.app 💼 rj-portfolio-resume.vercel.app"
"balagtasbakery@gmail.com","Balagtas Bakery","Quick question about Balagtas Bakery's tech needs","default","Hello,  I came across Balagtas Bakery and was impressed by what you're building.  I'm Robert James, founder of STRUKKD LABS. We're a full-stack development studio based in the Philippines.  We've helped similar businesses streamline their operations with custom software solutions.  I'd love to learn more about Balagtas Bakery's challenges. Do you have 15 minutes for a quick chat?  I'm happy to build a free prototype to show you what's possible.  Here's what we've been working on: - STRUKKD LABS: https://strukkdlabs.vercel.app/ - My portfolio: https://rj-portfolio-resume.vercel.app/  Totally understand if the timing isn't right. But if you're thinking about improving your digital presence, I'd love to help.  Cheers, Robert James Cabansay Founder, STRUKKD LABS https://strukkdlabs.vercel.app/  --- 📧 rjamscxx@gmail.com 🌐 strukkdlabs.vercel.app 💼 rj-portfolio-resume.vercel.app"
"guiguintogym@gmail.com","Guiguinto Gym","Quick question about Guiguinto Gym's tech needs","default","Good day,  While researching gym needing membership management and booking businesses, I found Guiguinto Gym and thought of reaching out.  I'm Robert James, founder of STRUKKD LABS. We're a full-stack development studio based in the Philippines.  Our team specializes in building web apps and systems for companies like Guiguinto Gym.  Would you be open to a quick 15-minute call to discuss how we might help Guiguinto Gym?  I'm happy to build a free prototype to show you what's possible.  Here's what we've been working on: - STRUKKD LABS: https://strukkdlabs.vercel.app/ - My portfolio: https://rj-portfolio-resume.vercel.app/  Totally understand if the timing isn't right. But if you're thinking about improving your digital presence, I'd love to help.  Cheers, Robert James Cabansay Founder, STRUKKD LABS https://strukkdlabs.vercel.app/  --- 📧 rjamscxx@gmail.com 🌐 strukkdlabs.vercel.app 💼 rj-portfolio-resume.vercel.app"
"malolosrestaurant@gmail.com","Malolos City Restaurant","Quick question about Malolos City Restaurant's tech needs","restaurant","Hi there,  Your restaurant caught my attention while researching restaurant needing online ordering and delivery system businesses.  I'm Robert James, founder of STRUKKD LABS. We're a full-stack development studio based in the Philippines.  Our team builds custom reservation and delivery platforms for restaurants.  Would you be open to a quick 15-minute call to discuss how we might help Malolos City Restaurant?  I'm happy to build a free prototype to show you what's possible.  Here's what we've been working on: - STRUKKD LABS: https://strukkdlabs.vercel.app/ - My portfolio: https://rj-portfolio-resume.vercel.app/  Totally understand if the timing isn't right. But if you're thinking about improving your digital presence, I'd love to help.  Cheers, Robert James Cabansay Founder, STRUKKD LABS https://strukkdlabs.vercel.app/  --- 📧 rjamscxx@gmail.com 🌐 strukkdlabs.vercel.app 💼 rj-portfolio-resume.vercel.app"
"hagonoyseafood@gmail.com","Hagonoy Seafood House","Quick question about Hagonoy Seafood House's tech needs","restaurant","Hello,  I came across Hagonoy Seafood House and love what you're doing with food in Bulacan.  I'm Robert James, founder of STRUKKD LABS. We're a full-stack development studio based in the Philippines.  Our team builds custom reservation and delivery platforms for restaurants.  I'd love to learn more about Hagonoy Seafood House's challenges. Do you have 15 minutes for a quick chat?  I'm happy to build a free prototype to show you what's possible.  Here's what we've been working on: - STRUKKD LABS: https://strukkdlabs.vercel.app/ - My portfolio: https://rj-portfolio-resume.vercel.app/  Totally understand if the timing isn't right. But if you're thinking about improving your digital presence, I'd love to help.  Cheers, Robert James Cabansay Founder, STRUKKD LABS https://strukkdlabs.vercel.app/  --- 📧 rjamscxx@gmail.com 🌐 strukkdlabs.vercel.app 💼 rj-portfolio-resume.vercel.app"
"pulilancoffee@gmail.com","Pulilan Coffee Shop","Quick question about Pulilan Coffee Shop's tech needs","cafe","Good day,  I found Pulilan Coffee Shop while researching cafes in Bulacan and was impressed.  I'm Robert James, founder of STRUKKD LABS. We're a full-stack development studio based in the Philippines.  We've helped cafes increase repeat customers by 40% with custom apps.  Would you be interested in a free consultation to explore how we can help Pulilan Coffee Shop?  I'm happy to build a free prototype to show you what's possible.  Here's what we've been working on: - STRUKKD LABS: https://strukkdlabs.vercel.app/ - My portfolio: https://rj-portfolio-resume.vercel.app/  Totally understand if the timing isn't right. But if you're thinking about improving your digital presence, I'd love to help.  Cheers, Robert James Cabansay Founder, STRUKKD LABS https://strukkdlabs.vercel.app/  --- 📧 rjamscxx@gmail.com 🌐 strukkdlabs.vercel.app 💼 rj-portfolio-resume.vercel.app"
"bulakanheritage@gmail.com","Bulakan Heritage Cafe","Quick question about Bulakan Heritage Cafe's tech needs","cafe","Hello,  Your cafe concept looks amazing! I wanted to reach out about tech solutions.  I'm Robert James, founder of STRUKKD LABS. We're a full-stack development studio based in the Philippines.  We help cafes build loyalty programs and mobile ordering apps.  Free for a quick virtual coffee? I have some ideas specific to Bulakan Heritage Cafe.  I'm happy to build a free prototype to show you what's possible.  Here's what we've been working on: - STRUKKD LABS: https://strukkdlabs.vercel.app/ - My portfolio: https://rj-portfolio-resume.vercel.app/  Totally understand if the timing isn't right. But if you're thinking about improving your digital presence, I'd love to help.  Cheers, Robert James Cabansay Founder, STRUKKD LABS https://strukkdlabs.vercel.app/  --- 📧 rjamscxx@gmail.com 🌐 strukkdlabs.vercel.app 💼 rj-portfolio-resume.vercel.app"
"obandofestival@gmail.com","Obando Festival Grill","Quick question about Obando Festival Grill's tech needs","default","Hi there,  I came across Obando Festival Grill and was impressed by what you're building.  I'm Robert James, founder of STRUKKD LABS. We're a full-stack development studio based in the Philippines.  We've helped similar businesses streamline their operations with custom software solutions.  Would you be open to a quick 15-minute call to discuss how we might help Obando Festival Grill?  I'm happy to build a free prototype to show you what's possible.  Here's what we've been working on: - STRUKKD LABS: https://strukkdlabs.vercel.app/ - My portfolio: https://rj-portfolio-resume.vercel.app/  Totally understand if the timing isn't right. But if you're thinking about improving your digital presence, I'd love to help.  Cheers, Robert James Cabansay Founder, STRUKKD LABS https://strukkdlabs.vercel.app/  --- 📧 rjamscxx@gmail.com 🌐 strukkdlabs.vercel.app 💼 rj-portfolio-resume.vercel.app"
"antipologrill@gmail.com","Antipolo City Grill","Quick question about Antipolo City Grill's tech needs","default","Good day,  While researching city grill needing online ordering and delivery businesses, I found Antipolo City Grill and thought of reaching out.  I'm Robert James, founder of STRUKKD LABS. We're a full-stack development studio based in the Philippines.  We help businesses like Antipolo City Grill build custom software that saves time and increases revenue.  I'd love to learn more about Antipolo City Grill's challenges. Do you have 15 minutes for a quick chat?  I'm happy to build a free prototype to show you what's possible.  Here's what we've been working on: - STRUKKD LABS: https://strukkdlabs.vercel.app/ - My portfolio: https://rj-portfolio-resume.vercel.app/  Totally understand if the timing isn't right. But if you're thinking about improving your digital presence, I'd love to help.  Cheers, Robert James Cabansay Founder, STRUKKD LABS https://strukkdlabs.vercel.app/  --- 📧 rjamscxx@gmail.com 🌐 strukkdlabs.vercel.app 💼 rj-portfolio-resume.vercel.app"
"taytaymarket@gmail.com","Taytay Public Market","Quick question about Taytay Public Market's tech needs","default","Hello,  While researching public market needing vendor management and pos businesses, I found Taytay Public Market and thought of reaching out.  I'm Robert James, founder of STRUKKD LABS. We're a full-stack development studio based in the Philippines.  Our team specializes in building web apps and systems for companies like Taytay Public Market.  Would you be open to a quick 15-minute call to discuss how we might help Taytay Public Market?  I'm happy to build a free prototype to show you what's possible.  Here's what we've been working on: - STRUKKD LABS: https://strukkdlabs.vercel.app/ - My portfolio: https://rj-portfolio-resume.vercel.app/  Totally understand if the timing isn't right. But if you're thinking about improving your digital presence, I'd love to help.  Cheers, Robert James Cabansay Founder, STRUKKD LABS https://strukkdlabs.vercel.app/  --- 📧 rjamscxx@gmail.com 🌐 strukkdlabs.vercel.app 💼 rj-portfolio-resume.vercel.app"
"caintafoodpark@gmail.com","Cainta Food Park","Quick question about Cainta Food Park's tech needs","restaurant","Hi there,  Your restaurant caught my attention while researching food park needing vendor management and ordering system businesses.  I'm Robert James, founder of STRUKKD LABS. We're a full-stack development studio based in the Philippines.  We've helped similar restaurants streamline their operations with custom software.  Would you be open to a quick 15-minute call to discuss how we might help Cainta Food Park?  I'm happy to build a free prototype to show you what's possible.  Here's what we've been working on: - STRUKKD LABS: https://strukkdlabs.vercel.app/ - My portfolio: https://rj-portfolio-resume.vercel.app/  Totally understand if the timing isn't right. But if you're thinking about improving your digital presence, I'd love to help.  Cheers, Robert James Cabansay Founder, STRUKKD LABS https://strukkdlabs.vercel.app/  --- 📧 rjamscxx@gmail.com 🌐 strukkdlabs.vercel.app 💼 rj-portfolio-resume.vercel.app"
"binangonanbakery@gmail.com","Binangonan Bakery","Quick question about Binangonan Bakery's tech needs","default","Hello,  I came across Binangonan Bakery and was impressed by what you're building.  I'm Robert James, founder of STRUKKD LABS. We're a full-stack development studio based in the Philippines.  Our team specializes in building web apps and systems for companies like Binangonan Bakery.  I'd love to learn more about Binangonan Bakery's challenges. Do you have 15 minutes for a quick chat?  I'm happy to build a free prototype to show you what's possible.  Here's what we've been working on: - STRUKKD LABS: https://strukkdlabs.vercel.app/ - My portfolio: https://rj-portfolio-resume.vercel.app/  Totally understand if the timing isn't right. But if you're thinking about improving your digital presence, I'd love to help.  Cheers, Robert James Cabansay Founder, STRUKKD LABS https://strukkdlabs.vercel.app/  --- 📧 rjamscxx@gmail.com 🌐 strukkdlabs.vercel.app 💼 rj-portfolio-resume.vercel.app"
"angonoartcafe@gmail.com","Angono Art Cafe","Quick question about Angono Art Cafe's tech needs","cafe","Good day,  Your cafe concept looks amazing! I wanted to reach out about tech solutions.  I'm Robert James, founder of STRUKKD LABS. We're a full-stack development studio based in the Philippines.  We help cafes build loyalty programs and mobile ordering apps.  Free for a quick virtual coffee? I have some ideas specific to Angono Art Cafe.  I'm happy to build a free prototype to show you what's possible.  Here's what we've been working on: - STRUKKD LABS: https://strukkdlabs.vercel.app/ - My portfolio: https://rj-portfolio-resume.vercel.app/  Totally understand if the timing isn't right. But if you're thinking about improving your digital presence, I'd love to help.  Cheers, Robert James Cabansay Founder, STRUKKD LABS https://strukkdlabs.vercel.app/  --- 📧 rjamscxx@gmail.com 🌐 strukkdlabs.vercel.app 💼 rj-portfolio-resume.vercel.app"
"morongseafood@gmail.com","Morong Seafood Restaurant","Quick question about Morong Seafood Restaurant's tech needs","restaurant","Hello,  Your restaurant caught my attention while researching seafood restaurant needing online ordering and reservation businesses.  I'm Robert James, founder of STRUKKD LABS. We're a full-stack development studio based in the Philippines.  Our team builds custom reservation and delivery platforms for restaurants.  I'd love to learn more about Morong Seafood Restaurant's challenges. Do you have 15 minutes for a quick chat?  I'm happy to build a free prototype to show you what's possible.  Here's what we've been working on: - STRUKKD LABS: https://strukkdlabs.vercel.app/ - My portfolio: https://rj-portfolio-resume.vercel.app/  Totally understand if the timing isn't right. But if you're thinking about improving your digital presence, I'd love to help.  Cheers, Robert James Cabansay Founder, STRUKKD LABS https://strukkdlabs.vercel.app/  --- 📧 rjamscxx@gmail.com 🌐 strukkdlabs.vercel.app 💼 rj-portfolio-resume.vercel.app"
"rodriguezgym@gmail.com","Rodriguez Gym Center","Quick question about Rodriguez Gym Center's tech needs","default","Hi there,  I came across Rodriguez Gym Center and was impressed by what you're building.  I'm Robert James, founder of STRUKKD LABS. We're a full-stack development studio based in the Philippines.  Our team specializes in building web apps and systems for companies like Rodriguez Gym Center.  I'd love to learn more about Rodriguez Gym Center's challenges. Do you have 15 minutes for a quick chat?  I'm happy to build a free prototype to show you what's possible.  Here's what we've been working on: - STRUKKD LABS: https://strukkdlabs.vercel.app/ - My portfolio: https://rj-portfolio-resume.vercel.app/  Totally understand if the timing isn't right. But if you're thinking about improving your digital presence, I'd love to help.  Cheers, Robert James Cabansay Founder, STRUKKD LABS https://strukkdlabs.vercel.app/  --- 📧 rjamscxx@gmail.com 🌐 strukkdlabs.vercel.app 💼 rj-portfolio-resume.vercel.app"
"tanaycoffeefarm@gmail.com","Tanay Coffee Farm","Quick question about Tanay Coffee Farm's tech needs","cafe","Hi there,  I found Tanay Coffee Farm while researching cafes in Rizal and was impressed.  I'm Robert James, founder of STRUKKD LABS. We're a full-stack development studio based in the Philippines.  We've helped cafes increase repeat customers by 40% with custom apps.  Would you be interested in a free consultation to explore how we can help Tanay Coffee Farm?  I'm happy to build a free prototype to show you what's possible.  Here's what we've been working on: - STRUKKD LABS: https://strukkdlabs.vercel.app/ - My portfolio: https://rj-portfolio-resume.vercel.app/  Totally understand if the timing isn't right. But if you're thinking about improving your digital presence, I'd love to help.  Cheers, Robert James Cabansay Founder, STRUKKD LABS https://strukkdlabs.vercel.app/  --- 📧 rjamscxx@gmail.com 🌐 strukkdlabs.vercel.app 💼 rj-portfolio-resume.vercel.app"
"baraseatery@gmail.com","Baras Eatery","Quick question about Baras Eatery's tech needs","default","Hi there,  While researching local eatery needing pos system businesses, I found Baras Eatery and thought of reaching out.  I'm Robert James, founder of STRUKKD LABS. We're a full-stack development studio based in the Philippines.  We help businesses like Baras Eatery build custom software that saves time and increases revenue.  Would you be open to a quick 15-minute call to discuss how we might help Baras Eatery?  I'm happy to build a free prototype to show you what's possible.  Here's what we've been working on: - STRUKKD LABS: https://strukkdlabs.vercel.app/ - My portfolio: https://rj-portfolio-resume.vercel.app/  Totally understand if the timing isn't right. But if you're thinking about improving your digital presence, I'd love to help.  Cheers, Robert James Cabansay Founder, STRUKKD LABS https://strukkdlabs.vercel.app/  --- 📧 rjamscxx@gmail.com 🌐 strukkdlabs.vercel.app 💼 rj-portfolio-resume.vercel.app"
"cardonafishport@gmail.com","Cardona Fish Port Restaurant","Quick question about Cardona Fish Port Restaurant's tech needs","restaurant","Good day,  I came across Cardona Fish Port Restaurant and love what you're doing with food in Rizal.  I'm Robert James, founder of STRUKKD LABS. We're a full-stack development studio based in the Philippines.  We help restaurants like Cardona Fish Port Restaurant build online ordering systems that increase sales by 30%.  I'd love to learn more about Cardona Fish Port Restaurant's challenges. Do you have 15 minutes for a quick chat?  I'm happy to build a free prototype to show you what's possible.  Here's what we've been working on: - STRUKKD LABS: https://strukkdlabs.vercel.app/ - My portfolio: https://rj-portfolio-resume.vercel.app/  Totally understand if the timing isn't right. But if you're thinking about improving your digital presence, I'd love to help.  Cheers, Robert James Cabansay Founder, STRUKKD LABS https://strukkdlabs.vercel.app/  --- 📧 rjamscxx@gmail.com 🌐 strukkdlabs.vercel.app 💼 rj-portfolio-resume.vercel.app"
"kusinalola.bgc@gmail.com","Kusina Lola - BGC","Quick question about Kusina Lola - BGC's tech needs","default","Hi there,  While researching filipino home kitchen needing online ordering and delivery businesses, I found Kusina Lola - BGC and thought of reaching out.  I'm Robert James, founder of STRUKKD LABS. We're a full-stack development studio based in the Philippines.  We've helped similar businesses streamline their operations with custom software solutions.  I'd love to learn more about Kusina Lola - BGC's challenges. Do you have 15 minutes for a quick chat?  I'm happy to build a free prototype to show you what's possible.  Here's what we've been working on: - STRUKKD LABS: https://strukkdlabs.vercel.app/ - My portfolio: https://rj-portfolio-resume.vercel.app/  Totally understand if the timing isn't right. But if you're thinking about improving your digital presence, I'd love to help.  Cheers, Robert James Cabansay Founder, STRUKKD LABS https://strukkdlabs.vercel.app/  --- 📧 rjamscxx@gmail.com 🌐 strukkdlabs.vercel.app 💼 rj-portfolio-resume.vercel.app"
"adoborepublic@gmail.com","Adobo Republic - Makati","Quick question about Adobo Republic - Makati's tech needs","restaurant","Hello,  I came across Adobo Republic - Makati and love what you're doing with food in Makati.  I'm Robert James, founder of STRUKKD LABS. We're a full-stack development studio based in the Philippines.  We help restaurants like Adobo Republic - Makati build online ordering systems that increase sales by 30%.  I'd love to learn more about Adobo Republic - Makati's challenges. Do you have 15 minutes for a quick chat?  I'm happy to build a free prototype to show you what's possible.  Here's what we've been working on: - STRUKKD LABS: https://strukkdlabs.vercel.app/ - My portfolio: https://rj-portfolio-resume.vercel.app/  Totally understand if the timing isn't right. But if you're thinking about improving your digital presence, I'd love to help.  Cheers, Robert James Cabansay Founder, STRUKKD LABS https://strukkdlabs.vercel.app/  --- 📧 rjamscxx@gmail.com 🌐 strukkdlabs.vercel.app 💼 rj-portfolio-resume.vercel.app"
"siniganghouse@gmail.com","Sinigang House - QC","Quick question about Sinigang House - QC's tech needs","restaurant","Good day,  I came across Sinigang House - QC and love what you're doing with food in Quezon City.  I'm Robert James, founder of STRUKKD LABS. We're a full-stack development studio based in the Philippines.  Our team builds custom reservation and delivery platforms for restaurants.  Would you be open to a quick 15-minute call to discuss how we might help Sinigang House - QC?  I'm happy to build a free prototype to show you what's possible.  Here's what we've been working on: - STRUKKD LABS: https://strukkdlabs.vercel.app/ - My portfolio: https://rj-portfolio-resume.vercel.app/  Totally understand if the timing isn't right. But if you're thinking about improving your digital presence, I'd love to help.  Cheers, Robert James Cabansay Founder, STRUKKD LABS https://strukkdlabs.vercel.app/  --- 📧 rjamscxx@gmail.com 🌐 strukkdlabs.vercel.app 💼 rj-portfolio-resume.vercel.app"
"lechonmanokhub@gmail.com","Lechon Manok Hub - Pasig","Quick question about Lechon Manok Hub - Pasig's tech needs","default","Hi there,  I noticed Lechon Manok Hub - Pasig in the roasted chicken hub needing online ordering and delivery tracking space and wanted to reach out.  I'm Robert James, founder of STRUKKD LABS. We're a full-stack development studio based in the Philippines.  Our team specializes in building web apps and systems for companies like Lechon Manok Hub - Pasig.  I'd love to learn more about Lechon Manok Hub - Pasig's challenges. Do you have 15 minutes for a quick chat?  I'm happy to build a free prototype to show you what's possible.  Here's what we've been working on: - STRUKKD LABS: https://strukkdlabs.vercel.app/ - My portfolio: https://rj-portfolio-resume.vercel.app/  Totally understand if the timing isn't right. But if you're thinking about improving your digital presence, I'd love to help.  Cheers, Robert James Cabansay Founder, STRUKKD LABS https://strukkdlabs.vercel.app/  --- 📧 rjamscxx@gmail.com 🌐 strukkdlabs.vercel.app 💼 rj-portfolio-resume.vercel.app"
"lomihouse@gmail.com","Lomi House - Batangas","Quick question about Lomi House - Batangas's tech needs","default","Hello,  I noticed Lomi House - Batangas in the famous lomi house needing online ordering and delivery space and wanted to reach out.  I'm Robert James, founder of STRUKKD LABS. We're a full-stack development studio based in the Philippines.  We've helped similar businesses streamline their operations with custom software solutions.  I'd love to learn more about Lomi House - Batangas's challenges. Do you have 15 minutes for a quick chat?  I'm happy to build a free prototype to show you what's possible.  Here's what we've been working on: - STRUKKD LABS: https://strukkdlabs.vercel.app/ - My portfolio: https://rj-portfolio-resume.vercel.app/  Totally understand if the timing isn't right. But if you're thinking about improving your digital presence, I'd love to help.  Cheers, Robert James Cabansay Founder, STRUKKD LABS https://strukkdlabs.vercel.app/  --- 📧 rjamscxx@gmail.com 🌐 strukkdlabs.vercel.app 💼 rj-portfolio-resume.vercel.app"
"bulalopoint@gmail.com","Bulalo Point - Tagaytay","Quick question about Bulalo Point - Tagaytay's tech needs","restaurant","Hello,  I came across Bulalo Point - Tagaytay and love what you're doing with food in Cavite.  I'm Robert James, founder of STRUKKD LABS. We're a full-stack development studio based in the Philippines.  We help restaurants like Bulalo Point - Tagaytay build online ordering systems that increase sales by 30%.  Would you be open to a quick 15-minute call to discuss how we might help Bulalo Point - Tagaytay?  I'm happy to build a free prototype to show you what's possible.  Here's what we've been working on: - STRUKKD LABS: https://strukkdlabs.vercel.app/ - My portfolio: https://rj-portfolio-resume.vercel.app/  Totally understand if the timing isn't right. But if you're thinking about improving your digital presence, I'd love to help.  Cheers, Robert James Cabansay Founder, STRUKKD LABS https://strukkdlabs.vercel.app/  --- 📧 rjamscxx@gmail.com 🌐 strukkdlabs.vercel.app 💼 rj-portfolio-resume.vercel.app"
"karekarecorner@gmail.com","Kare-Kare Corner - Manila","Quick question about Kare-Kare Corner - Manila's tech needs","default","Good day,  While researching kare-kare specialty needing online ordering and delivery businesses, I found Kare-Kare Corner - Manila and thought of reaching out.  I'm Robert James, founder of STRUKKD LABS. We're a full-stack development studio based in the Philippines.  Our team specializes in building web apps and systems for companies like Kare-Kare Corner - Manila.  I'd love to learn more about Kare-Kare Corner - Manila's challenges. Do you have 15 minutes for a quick chat?  I'm happy to build a free prototype to show you what's possible.  Here's what we've been working on: - STRUKKD LABS: https://strukkdlabs.vercel.app/ - My portfolio: https://rj-portfolio-resume.vercel.app/  Totally understand if the timing isn't right. But if you're thinking about improving your digital presence, I'd love to help.  Cheers, Robert James Cabansay Founder, STRUKKD LABS https://strukkdlabs.vercel.app/  --- 📧 rjamscxx@gmail.com 🌐 strukkdlabs.vercel.app 💼 rj-portfolio-resume.vercel.app"
"sisigsacali@gmail.com","Sisig sa Cali - Makati","Quick question about Sisig sa Cali - Makati's tech needs","restaurant","Hello,  I came across Sisig sa Cali - Makati and love what you're doing with food in Makati.  I'm Robert James, founder of STRUKKD LABS. We're a full-stack development studio based in the Philippines.  We help restaurants like Sisig sa Cali - Makati build online ordering systems that increase sales by 30%.  Would you be open to a quick 15-minute call to discuss how we might help Sisig sa Cali - Makati?  I'm happy to build a free prototype to show you what's possible.  Here's what we've been working on: - STRUKKD LABS: https://strukkdlabs.vercel.app/ - My portfolio: https://rj-portfolio-resume.vercel.app/  Totally understand if the timing isn't right. But if you're thinking about improving your digital presence, I'd love to help.  Cheers, Robert James Cabansay Founder, STRUKKD LABS https://strukkdlabs.vercel.app/  --- 📧 rjamscxx@gmail.com 🌐 strukkdlabs.vercel.app 💼 rj-portfolio-resume.vercel.app"
"halohalohub@gmail.com","Halo-Halo Hub - QC","Quick question about Halo-Halo Hub - QC's tech needs","default","Hi there,  I noticed Halo-Halo Hub - QC in the halo-halo specialty needing online ordering and delivery space and wanted to reach out.  I'm Robert James, founder of STRUKKD LABS. We're a full-stack development studio based in the Philippines.  Our team specializes in building web apps and systems for companies like Halo-Halo Hub - QC.  I'd love to learn more about Halo-Halo Hub - QC's challenges. Do you have 15 minutes for a quick chat?  I'm happy to build a free prototype to show you what's possible.  Here's what we've been working on: - STRUKKD LABS: https://strukkdlabs.vercel.app/ - My portfolio: https://rj-portfolio-resume.vercel.app/  Totally understand if the timing isn't right. But if you're thinking about improving your digital presence, I'd love to help.  Cheers, Robert James Cabansay Founder, STRUKKD LABS https://strukkdlabs.vercel.app/  --- 📧 rjamscxx@gmail.com 🌐 strukkdlabs.vercel.app 💼 rj-portfolio-resume.vercel.app"
"bicolexpressmanila@gmail.com","Bicol Express Manila","Quick question about Bicol Express Manila's tech needs","restaurant","Good day,  I've heard great things about Bicol Express Manila and wanted to reach out.  I'm Robert James, founder of STRUKKD LABS. We're a full-stack development studio based in the Philippines.  We've helped similar restaurants streamline their operations with custom software.  I'd love to learn more about Bicol Express Manila's challenges. Do you have 15 minutes for a quick chat?  I'm happy to build a free prototype to show you what's possible.  Here's what we've been working on: - STRUKKD LABS: https://strukkdlabs.vercel.app/ - My portfolio: https://rj-portfolio-resume.vercel.app/  Totally understand if the timing isn't right. But if you're thinking about improving your digital presence, I'd love to help.  Cheers, Robert James Cabansay Founder, STRUKKD LABS https://strukkdlabs.vercel.app/  --- 📧 rjamscxx@gmail.com 🌐 strukkdlabs.vercel.app 💼 rj-portfolio-resume.vercel.app"
"lapazbatchoy@gmail.com","La Paz Batchoy House","Quick question about La Paz Batchoy House's tech needs","default","Hello,  I noticed La Paz Batchoy House in the batchoy house needing online ordering and delivery space and wanted to reach out.  I'm Robert James, founder of STRUKKD LABS. We're a full-stack development studio based in the Philippines.  Our team specializes in building web apps and systems for companies like La Paz Batchoy House.  I'd love to learn more about La Paz Batchoy House's challenges. Do you have 15 minutes for a quick chat?  I'm happy to build a free prototype to show you what's possible.  Here's what we've been working on: - STRUKKD LABS: https://strukkdlabs.vercel.app/ - My portfolio: https://rj-portfolio-resume.vercel.app/  Totally understand if the timing isn't right. But if you're thinking about improving your digital presence, I'd love to help.  Cheers, Robert James Cabansay Founder, STRUKKD LABS https://strukkdlabs.vercel.app/  --- 📧 rjamscxx@gmail.com 🌐 strukkdlabs.vercel.app 💼 rj-portfolio-resume.vercel.app"
"karenderyaclassic@gmail.com","Karenderya Classic - Pasig","Quick question about Karenderya Classic - Pasig's tech needs","default","Hi there,  I noticed Karenderya Classic - Pasig in the classic carinderia needing pos and online ordering space and wanted to reach out.  I'm Robert James, founder of STRUKKD LABS. We're a full-stack development studio based in the Philippines.  Our team specializes in building web apps and systems for companies like Karenderya Classic - Pasig.  Would you be open to a quick 15-minute call to discuss how we might help Karenderya Classic - Pasig?  I'm happy to build a free prototype to show you what's possible.  Here's what we've been working on: - STRUKKD LABS: https://strukkdlabs.vercel.app/ - My portfolio: https://rj-portfolio-resume.vercel.app/  Totally understand if the timing isn't right. But if you're thinking about improving your digital presence, I'd love to help.  Cheers, Robert James Cabansay Founder, STRUKKD LABS https://strukkdlabs.vercel.app/  --- 📧 rjamscxx@gmail.com 🌐 strukkdlabs.vercel.app 💼 rj-portfolio-resume.vercel.app"
"tahostation@gmail.com","Taho Station - BGC","Quick question about Taho Station - BGC's tech needs","default","Hello,  I noticed Taho Station - BGC in the taho station needing mobile ordering and delivery space and wanted to reach out.  I'm Robert James, founder of STRUKKD LABS. We're a full-stack development studio based in the Philippines.  We help businesses like Taho Station - BGC build custom software that saves time and increases revenue.  Would you be open to a quick 15-minute call to discuss how we might help Taho Station - BGC?  I'm happy to build a free prototype to show you what's possible.  Here's what we've been working on: - STRUKKD LABS: https://strukkdlabs.vercel.app/ - My portfolio: https://rj-portfolio-resume.vercel.app/  Totally understand if the timing isn't right. But if you're thinking about improving your digital presence, I'd love to help.  Cheers, Robert James Cabansay Founder, STRUKKD LABS https://strukkdlabs.vercel.app/  --- 📧 rjamscxx@gmail.com 🌐 strukkdlabs.vercel.app 💼 rj-portfolio-resume.vercel.app"
"isawking@gmail.com","Isaw King - QC","Quick question about Isaw King - QC's tech needs","restaurant","Hello,  I came across Isaw King - QC and love what you're doing with food in Quezon City.  I'm Robert James, founder of STRUKKD LABS. We're a full-stack development studio based in the Philippines.  We've helped similar restaurants streamline their operations with custom software.  Would you be open to a quick 15-minute call to discuss how we might help Isaw King - QC?  I'm happy to build a free prototype to show you what's possible.  Here's what we've been working on: - STRUKKD LABS: https://strukkdlabs.vercel.app/ - My portfolio: https://rj-portfolio-resume.vercel.app/  Totally understand if the timing isn't right. But if you're thinking about improving your digital presence, I'd love to help.  Cheers, Robert James Cabansay Founder, STRUKKD LABS https://strukkdlabs.vercel.app/  --- 📧 rjamscxx@gmail.com 🌐 strukkdlabs.vercel.app 💼 rj-portfolio-resume.vercel.app"
"balutvendorhub@gmail.com","Balut Vendor Hub - Manila","Quick question about Balut Vendor Hub - Manila's tech needs","default","Hello,  I came across Balut Vendor Hub - Manila and was impressed by what you're building.  I'm Robert James, founder of STRUKKD LABS. We're a full-stack development studio based in the Philippines.  Our team specializes in building web apps and systems for companies like Balut Vendor Hub - Manila.  Would you be open to a quick 15-minute call to discuss how we might help Balut Vendor Hub - Manila?  I'm happy to build a free prototype to show you what's possible.  Here's what we've been working on: - STRUKKD LABS: https://strukkdlabs.vercel.app/ - My portfolio: https://rj-portfolio-resume.vercel.app/  Totally understand if the timing isn't right. But if you're thinking about improving your digital presence, I'd love to help.  Cheers, Robert James Cabansay Founder, STRUKKD LABS https://strukkdlabs.vercel.app/  --- 📧 rjamscxx@gmail.com 🌐 strukkdlabs.vercel.app 💼 rj-portfolio-resume.vercel.app"
"sawsawanbar@gmail.com","Sawsawan Bar - Makati","Quick question about Sawsawan Bar - Makati's tech needs","default","Hello,  While researching filipino fusion bar needing reservation and online menu businesses, I found Sawsawan Bar - Makati and thought of reaching out.  I'm Robert James, founder of STRUKKD LABS. We're a full-stack development studio based in the Philippines.  We've helped similar businesses streamline their operations with custom software solutions.  Would you be open to a quick 15-minute call to discuss how we might help Sawsawan Bar - Makati?  I'm happy to build a free prototype to show you what's possible.  Here's what we've been working on: - STRUKKD LABS: https://strukkdlabs.vercel.app/ - My portfolio: https://rj-portfolio-resume.vercel.app/  Totally understand if the timing isn't right. But if you're thinking about improving your digital presence, I'd love to help.  Cheers, Robert James Cabansay Founder, STRUKKD LABS https://strukkdlabs.vercel.app/  --- 📧 rjamscxx@gmail.com 🌐 strukkdlabs.vercel.app 💼 rj-portfolio-resume.vercel.app"
"turonrepublic@gmail.com","Turon Republic - BGC","Quick question about Turon Republic - BGC's tech needs","default","Hello,  I noticed Turon Republic - BGC in the turon dessert shop needing online ordering and delivery space and wanted to reach out.  I'm Robert James, founder of STRUKKD LABS. We're a full-stack development studio based in the Philippines.  We've helped similar businesses streamline their operations with custom software solutions.  I'd love to learn more about Turon Republic - BGC's challenges. Do you have 15 minutes for a quick chat?  I'm happy to build a free prototype to show you what's possible.  Here's what we've been working on: - STRUKKD LABS: https://strukkdlabs.vercel.app/ - My portfolio: https://rj-portfolio-resume.vercel.app/  Totally understand if the timing isn't right. But if you're thinking about improving your digital presence, I'd love to help.  Cheers, Robert James Cabansay Founder, STRUKKD LABS https://strukkdlabs.vercel.app/  --- 📧 rjamscxx@gmail.com 🌐 strukkdlabs.vercel.app 💼 rj-portfolio-resume.vercel.app"
"bibingkahouse@gmail.com","Bibingka House - QC","Quick question about Bibingka House - QC's tech needs","default","Hi there,  I noticed Bibingka House - QC in the bibingka house needing online ordering and pre-order system space and wanted to reach out.  I'm Robert James, founder of STRUKKD LABS. We're a full-stack development studio based in the Philippines.  We've helped similar businesses streamline their operations with custom software solutions.  Would you be open to a quick 15-minute call to discuss how we might help Bibingka House - QC?  I'm happy to build a free prototype to show you what's possible.  Here's what we've been working on: - STRUKKD LABS: https://strukkdlabs.vercel.app/ - My portfolio: https://rj-portfolio-resume.vercel.app/  Totally understand if the timing isn't right. But if you're thinking about improving your digital presence, I'd love to help.  Cheers, Robert James Cabansay Founder, STRUKKD LABS https://strukkdlabs.vercel.app/  --- 📧 rjamscxx@gmail.com 🌐 strukkdlabs.vercel.app 💼 rj-portfolio-resume.vercel.app"
"ukoystation@gmail.com","Ukoy Station - Manila","Quick question about Ukoy Station - Manila's tech needs","default","Hi there,  I came across Ukoy Station - Manila and was impressed by what you're building.  I'm Robert James, founder of STRUKKD LABS. We're a full-stack development studio based in the Philippines.  We help businesses like Ukoy Station - Manila build custom software that saves time and increases revenue.  I'd love to learn more about Ukoy Station - Manila's challenges. Do you have 15 minutes for a quick chat?  I'm happy to build a free prototype to show you what's possible.  Here's what we've been working on: - STRUKKD LABS: https://strukkdlabs.vercel.app/ - My portfolio: https://rj-portfolio-resume.vercel.app/  Totally understand if the timing isn't right. But if you're thinking about improving your digital presence, I'd love to help.  Cheers, Robert James Cabansay Founder, STRUKKD LABS https://strukkdlabs.vercel.app/  --- 📧 rjamscxx@gmail.com 🌐 strukkdlabs.vercel.app 💼 rj-portfolio-resume.vercel.app"
"putobumbonghub@gmail.com","Puto Bumbong Hub - QC","Quick question about Puto Bumbong Hub - QC's tech needs","default","Hello,  While researching puto bumbong specialty needing seasonal online ordering businesses, I found Puto Bumbong Hub - QC and thought of reaching out.  I'm Robert James, founder of STRUKKD LABS. We're a full-stack development studio based in the Philippines.  Our team specializes in building web apps and systems for companies like Puto Bumbong Hub - QC.  Would you be open to a quick 15-minute call to discuss how we might help Puto Bumbong Hub - QC?  I'm happy to build a free prototype to show you what's possible.  Here's what we've been working on: - STRUKKD LABS: https://strukkdlabs.vercel.app/ - My portfolio: https://rj-portfolio-resume.vercel.app/  Totally understand if the timing isn't right. But if you're thinking about improving your digital presence, I'd love to help.  Cheers, Robert James Cabansay Founder, STRUKKD LABS https://strukkdlabs.vercel.app/  --- 📧 rjamscxx@gmail.com 🌐 strukkdlabs.vercel.app 💼 rj-portfolio-resume.vercel.app"
"thirdwaveqc@gmail.com","Third Wave QC - Quezon City","Quick question about Third Wave QC - Quezon City's tech needs","cafe","Hi there,  I found Third Wave QC - Quezon City while researching cafes in Quezon City and was impressed.  I'm Robert James, founder of STRUKKD LABS. We're a full-stack development studio based in the Philippines.  Our team creates beautiful websites and ordering systems for cafes.  Would you be interested in a free consultation to explore how we can help Third Wave QC - Quezon City?  I'm happy to build a free prototype to show you what's possible.  Here's what we've been working on: - STRUKKD LABS: https://strukkdlabs.vercel.app/ - My portfolio: https://rj-portfolio-resume.vercel.app/  Totally understand if the timing isn't right. But if you're thinking about improving your digital presence, I'd love to help.  Cheers, Robert James Cabansay Founder, STRUKKD LABS https://strukkdlabs.vercel.app/  --- 📧 rjamscxx@gmail.com 🌐 strukkdlabs.vercel.app 💼 rj-portfolio-resume.vercel.app"
"dripcoffeemakati@gmail.com","Drip Coffee - Makati","Quick question about Drip Coffee - Makati's tech needs","cafe","Hi there,  I found Drip Coffee - Makati while researching cafes in Makati and was impressed.  I'm Robert James, founder of STRUKKD LABS. We're a full-stack development studio based in the Philippines.  We help cafes build loyalty programs and mobile ordering apps.  Free for a quick virtual coffee? I have some ideas specific to Drip Coffee - Makati.  I'm happy to build a free prototype to show you what's possible.  Here's what we've been working on: - STRUKKD LABS: https://strukkdlabs.vercel.app/ - My portfolio: https://rj-portfolio-resume.vercel.app/  Totally understand if the timing isn't right. But if you're thinking about improving your digital presence, I'd love to help.  Cheers, Robert James Cabansay Founder, STRUKKD LABS https://strukkdlabs.vercel.app/  --- 📧 rjamscxx@gmail.com 🌐 strukkdlabs.vercel.app 💼 rj-portfolio-resume.vercel.app"
"brewedawakening@gmail.com","Brewed Awakening - BGC","Quick question about Brewed Awakening - BGC's tech needs","cafe","Hi there,  I came across Brewed Awakening - BGC and thought of ways we could help with your digital presence.  I'm Robert James, founder of STRUKKD LABS. We're a full-stack development studio based in the Philippines.  We help cafes build loyalty programs and mobile ordering apps.  Free for a quick virtual coffee? I have some ideas specific to Brewed Awakening - BGC.  I'm happy to build a free prototype to show you what's possible.  Here's what we've been working on: - STRUKKD LABS: https://strukkdlabs.vercel.app/ - My portfolio: https://rj-portfolio-resume.vercel.app/  Totally understand if the timing isn't right. But if you're thinking about improving your digital presence, I'd love to help.  Cheers, Robert James Cabansay Founder, STRUKKD LABS https://strukkdlabs.vercel.app/  --- 📧 rjamscxx@gmail.com 🌐 strukkdlabs.vercel.app 💼 rj-portfolio-resume.vercel.app"
"beanandleaf@gmail.com","Bean & Leaf - Pasig","Quick question about Bean & Leaf - Pasig's tech needs","cafe","Hi there,  Your cafe concept looks amazing! I wanted to reach out about tech solutions.  I'm Robert James, founder of STRUKKD LABS. We're a full-stack development studio based in the Philippines.  We've helped cafes increase repeat customers by 40% with custom apps.  Would you be interested in a free consultation to explore how we can help Bean & Leaf - Pasig?  I'm happy to build a free prototype to show you what's possible.  Here's what we've been working on: - STRUKKD LABS: https://strukkdlabs.vercel.app/ - My portfolio: https://rj-portfolio-resume.vercel.app/  Totally understand if the timing isn't right. But if you're thinking about improving your digital presence, I'd love to help.  Cheers, Robert James Cabansay Founder, STRUKKD LABS https://strukkdlabs.vercel.app/  --- 📧 rjamscxx@gmail.com 🌐 strukkdlabs.vercel.app 💼 rj-portfolio-resume.vercel.app"
"roastandgrind@gmail.com","Roast & Grind - Manila","Quick question about Roast & Grind - Manila's tech needs","cafe","Hi there,  Your cafe concept looks amazing! I wanted to reach out about tech solutions.  I'm Robert James, founder of STRUKKD LABS. We're a full-stack development studio based in the Philippines.  We've helped cafes increase repeat customers by 40% with custom apps.  Would you be interested in a free consultation to explore how we can help Roast & Grind - Manila?  I'm happy to build a free prototype to show you what's possible.  Here's what we've been working on: - STRUKKD LABS: https://strukkdlabs.vercel.app/ - My portfolio: https://rj-portfolio-resume.vercel.app/  Totally understand if the timing isn't right. But if you're thinking about improving your digital presence, I'd love to help.  Cheers, Robert James Cabansay Founder, STRUKKD LABS https://strukkdlabs.vercel.app/  --- 📧 rjamscxx@gmail.com 🌐 strukkdlabs.vercel.app 💼 rj-portfolio-resume.vercel.app"
"grindhouseqc@gmail.com","The Grind House - QC","Quick question about The Grind House - QC's tech needs","cafe","Hello,  Your cafe concept looks amazing! I wanted to reach out about tech solutions.  I'm Robert James, founder of STRUKKD LABS. We're a full-stack development studio based in the Philippines.  Our team creates beautiful websites and ordering systems for cafes.  Would you be interested in a free consultation to explore how we can help The Grind House - QC?  I'm happy to build a free prototype to show you what's possible.  Here's what we've been working on: - STRUKKD LABS: https://strukkdlabs.vercel.app/ - My portfolio: https://rj-portfolio-resume.vercel.app/  Totally understand if the timing isn't right. But if you're thinking about improving your digital presence, I'd love to help.  Cheers, Robert James Cabansay Founder, STRUKKD LABS https://strukkdlabs.vercel.app/  --- 📧 rjamscxx@gmail.com 🌐 strukkdlabs.vercel.app 💼 rj-portfolio-resume.vercel.app"
"cupandsaucer@gmail.com","Cup & Saucer - Makati","Quick question about Cup & Saucer - Makati's tech needs","cafe","Hi there,  I found Cup & Saucer - Makati while researching cafes in Makati and was impressed.  I'm Robert James, founder of STRUKKD LABS. We're a full-stack development studio based in the Philippines.  We help cafes build loyalty programs and mobile ordering apps.  Would you be interested in a free consultation to explore how we can help Cup & Saucer - Makati?  I'm happy to build a free prototype to show you what's possible.  Here's what we've been working on: - STRUKKD LABS: https://strukkdlabs.vercel.app/ - My portfolio: https://rj-portfolio-resume.vercel.app/  Totally understand if the timing isn't right. But if you're thinking about improving your digital presence, I'd love to help.  Cheers, Robert James Cabansay Founder, STRUKKD LABS https://strukkdlabs.vercel.app/  --- 📧 rjamscxx@gmail.com 🌐 strukkdlabs.vercel.app 💼 rj-portfolio-resume.vercel.app"
"pouroverph@gmail.com","Pour Over PH - BGC","Quick question about Pour Over PH - BGC's tech needs","cafe","Hello,  I found Pour Over PH - BGC while researching cafes in BGC/Taguig and was impressed.  I'm Robert James, founder of STRUKKD LABS. We're a full-stack development studio based in the Philippines.  We help cafes build loyalty programs and mobile ordering apps.  Free for a quick virtual coffee? I have some ideas specific to Pour Over PH - BGC.  I'm happy to build a free prototype to show you what's possible.  Here's what we've been working on: - STRUKKD LABS: https://strukkdlabs.vercel.app/ - My portfolio: https://rj-portfolio-resume.vercel.app/  Totally understand if the timing isn't right. But if you're thinking about improving your digital presence, I'd love to help.  Cheers, Robert James Cabansay Founder, STRUKKD LABS https://strukkdlabs.vercel.app/  --- 📧 rjamscxx@gmail.com 🌐 strukkdlabs.vercel.app 💼 rj-portfolio-resume.vercel.app"
"espressolab@gmail.com","Espresso Lab - Pasig","Quick question about Espresso Lab - Pasig's tech needs","cafe","Hello,  Your cafe concept looks amazing! I wanted to reach out about tech solutions.  I'm Robert James, founder of STRUKKD LABS. We're a full-stack development studio based in the Philippines.  We help cafes build loyalty programs and mobile ordering apps.  Would you be interested in a free consultation to explore how we can help Espresso Lab - Pasig?  I'm happy to build a free prototype to show you what's possible.  Here's what we've been working on: - STRUKKD LABS: https://strukkdlabs.vercel.app/ - My portfolio: https://rj-portfolio-resume.vercel.app/  Totally understand if the timing isn't right. But if you're thinking about improving your digital presence, I'd love to help.  Cheers, Robert James Cabansay Founder, STRUKKD LABS https://strukkdlabs.vercel.app/  --- 📧 rjamscxx@gmail.com 🌐 strukkdlabs.vercel.app 💼 rj-portfolio-resume.vercel.app"
"blackbirdcoffee@gmail.com","Blackbird Coffee - Manila","Quick question about Blackbird Coffee - Manila's tech needs","cafe","Good day,  I found Blackbird Coffee - Manila while researching cafes in Manila and was impressed.  I'm Robert James, founder of STRUKKD LABS. We're a full-stack development studio based in the Philippines.  We help cafes build loyalty programs and mobile ordering apps.  Would you be interested in a free consultation to explore how we can help Blackbird Coffee - Manila?  I'm happy to build a free prototype to show you what's possible.  Here's what we've been working on: - STRUKKD LABS: https://strukkdlabs.vercel.app/ - My portfolio: https://rj-portfolio-resume.vercel.app/  Totally understand if the timing isn't right. But if you're thinking about improving your digital presence, I'd love to help.  Cheers, Robert James Cabansay Founder, STRUKKD LABS https://strukkdlabs.vercel.app/  --- 📧 rjamscxx@gmail.com 🌐 strukkdlabs.vercel.app 💼 rj-portfolio-resume.vercel.app"
"velvetlounge@gmail.com","Velvet Lounge Café - QC","Quick question about Velvet Lounge Café - QC's tech needs","cafe","Hello,  I found Velvet Lounge Café - QC while researching cafes in Quezon City and was impressed.  I'm Robert James, founder of STRUKKD LABS. We're a full-stack development studio based in the Philippines.  Our team creates beautiful websites and ordering systems for cafes.  Would you be interested in a free consultation to explore how we can help Velvet Lounge Café - QC?  I'm happy to build a free prototype to show you what's possible.  Here's what we've been working on: - STRUKKD LABS: https://strukkdlabs.vercel.app/ - My portfolio: https://rj-portfolio-resume.vercel.app/  Totally understand if the timing isn't right. But if you're thinking about improving your digital presence, I'd love to help.  Cheers, Robert James Cabansay Founder, STRUKKD LABS https://strukkdlabs.vercel.app/  --- 📧 rjamscxx@gmail.com 🌐 strukkdlabs.vercel.app 💼 rj-portfolio-resume.vercel.app"
"morningbrew@gmail.com","Morning Brew - Makati","Quick question about Morning Brew - Makati's tech needs","cafe","Hello,  I came across Morning Brew - Makati and thought of ways we could help with your digital presence.  I'm Robert James, founder of STRUKKD LABS. We're a full-stack development studio based in the Philippines.  Our team creates beautiful websites and ordering systems for cafes.  Free for a quick virtual coffee? I have some ideas specific to Morning Brew - Makati.  I'm happy to build a free prototype to show you what's possible.  Here's what we've been working on: - STRUKKD LABS: https://strukkdlabs.vercel.app/ - My portfolio: https://rj-portfolio-resume.vercel.app/  Totally understand if the timing isn't right. But if you're thinking about improving your digital presence, I'd love to help.  Cheers, Robert James Cabansay Founder, STRUKKD LABS https://strukkdlabs.vercel.app/  --- 📧 rjamscxx@gmail.com 🌐 strukkdlabs.vercel.app 💼 rj-portfolio-resume.vercel.app"
"caffeinefix@gmail.com","Caffeine Fix - BGC","Quick question about Caffeine Fix - BGC's tech needs","cafe","Hello,  I found Caffeine Fix - BGC while researching cafes in BGC/Taguig and was impressed.  I'm Robert James, founder of STRUKKD LABS. We're a full-stack development studio based in the Philippines.  We've helped cafes increase repeat customers by 40% with custom apps.  Would you be interested in a free consultation to explore how we can help Caffeine Fix - BGC?  I'm happy to build a free prototype to show you what's possible.  Here's what we've been working on: - STRUKKD LABS: https://strukkdlabs.vercel.app/ - My portfolio: https://rj-portfolio-resume.vercel.app/  Totally understand if the timing isn't right. But if you're thinking about improving your digital presence, I'd love to help.  Cheers, Robert James Cabansay Founder, STRUKKD LABS https://strukkdlabs.vercel.app/  --- 📧 rjamscxx@gmail.com 🌐 strukkdlabs.vercel.app 💼 rj-portfolio-resume.vercel.app"
"coffeebeanery@gmail.com","The Coffee Beanery - Pasig","Quick question about The Coffee Beanery - Pasig's tech needs","cafe","Hello,  I came across The Coffee Beanery - Pasig and thought of ways we could help with your digital presence.  I'm Robert James, founder of STRUKKD LABS. We're a full-stack development studio based in the Philippines.  We help cafes build loyalty programs and mobile ordering apps.  Would you be interested in a free consultation to explore how we can help The Coffee Beanery - Pasig?  I'm happy to build a free prototype to show you what's possible.  Here's what we've been working on: - STRUKKD LABS: https://strukkdlabs.vercel.app/ - My portfolio: https://rj-portfolio-resume.vercel.app/  Totally understand if the timing isn't right. But if you're thinking about improving your digital presence, I'd love to help.  Cheers, Robert James Cabansay Founder, STRUKKD LABS https://strukkdlabs.vercel.app/  --- 📧 rjamscxx@gmail.com 🌐 strukkdlabs.vercel.app 💼 rj-portfolio-resume.vercel.app"
"brewco@gmail.com","Brew & Co - Manila","Quick question about Brew & Co - Manila's tech needs","cafe","Hello,  I found Brew & Co - Manila while researching cafes in Manila and was impressed.  I'm Robert James, founder of STRUKKD LABS. We're a full-stack development studio based in the Philippines.  Our team creates beautiful websites and ordering systems for cafes.  Free for a quick virtual coffee? I have some ideas specific to Brew & Co - Manila.  I'm happy to build a free prototype to show you what's possible.  Here's what we've been working on: - STRUKKD LABS: https://strukkdlabs.vercel.app/ - My portfolio: https://rj-portfolio-resume.vercel.app/  Totally understand if the timing isn't right. But if you're thinking about improving your digital presence, I'd love to help.  Cheers, Robert James Cabansay Founder, STRUKKD LABS https://strukkdlabs.vercel.app/  --- 📧 rjamscxx@gmail.com 🌐 strukkdlabs.vercel.app 💼 rj-portfolio-resume.vercel.app"
"irontemple@gmail.com","Iron Temple Gym - Makati","Quick question about Iron Temple Gym - Makati's tech needs","default","Good day,  I came across Iron Temple Gym - Makati and was impressed by what you're building.  I'm Robert James, founder of STRUKKD LABS. We're a full-stack development studio based in the Philippines.  We help businesses like Iron Temple Gym - Makati build custom software that saves time and increases revenue.  Would you be open to a quick 15-minute call to discuss how we might help Iron Temple Gym - Makati?  I'm happy to build a free prototype to show you what's possible.  Here's what we've been working on: - STRUKKD LABS: https://strukkdlabs.vercel.app/ - My portfolio: https://rj-portfolio-resume.vercel.app/  Totally understand if the timing isn't right. But if you're thinking about improving your digital presence, I'd love to help.  Cheers, Robert James Cabansay Founder, STRUKKD LABS https://strukkdlabs.vercel.app/  --- 📧 rjamscxx@gmail.com 🌐 strukkdlabs.vercel.app 💼 rj-portfolio-resume.vercel.app"
"fitboxbgc@gmail.com","FitBox BGC","Quick question about FitBox BGC's tech needs","default","Good day,  While researching boxing gym needing class booking and membership system businesses, I found FitBox BGC and thought of reaching out.  I'm Robert James, founder of STRUKKD LABS. We're a full-stack development studio based in the Philippines.  We've helped similar businesses streamline their operations with custom software solutions.  I'd love to learn more about FitBox BGC's challenges. Do you have 15 minutes for a quick chat?  I'm happy to build a free prototype to show you what's possible.  Here's what we've been working on: - STRUKKD LABS: https://strukkdlabs.vercel.app/ - My portfolio: https://rj-portfolio-resume.vercel.app/  Totally understand if the timing isn't right. But if you're thinking about improving your digital presence, I'd love to help.  Cheers, Robert James Cabansay Founder, STRUKKD LABS https://strukkdlabs.vercel.app/  --- 📧 rjamscxx@gmail.com 🌐 strukkdlabs.vercel.app 💼 rj-portfolio-resume.vercel.app"
"yogaflowqc@gmail.com","Yoga Flow QC","Quick question about Yoga Flow QC's tech needs","default","Good day,  I noticed Yoga Flow QC in the yoga studio needing class scheduling and membership space and wanted to reach out.  I'm Robert James, founder of STRUKKD LABS. We're a full-stack development studio based in the Philippines.  Our team specializes in building web apps and systems for companies like Yoga Flow QC.  I'd love to learn more about Yoga Flow QC's challenges. Do you have 15 minutes for a quick chat?  I'm happy to build a free prototype to show you what's possible.  Here's what we've been working on: - STRUKKD LABS: https://strukkdlabs.vercel.app/ - My portfolio: https://rj-portfolio-resume.vercel.app/  Totally understand if the timing isn't right. But if you're thinking about improving your digital presence, I'd love to help.  Cheers, Robert James Cabansay Founder, STRUKKD LABS https://strukkdlabs.vercel.app/  --- 📧 rjamscxx@gmail.com 🌐 strukkdlabs.vercel.app 💼 rj-portfolio-resume.vercel.app"
"spincyclepasig@gmail.com","Spin Cycle Pasig","Quick question about Spin Cycle Pasig's tech needs","default","Hi there,  I came across Spin Cycle Pasig and was impressed by what you're building.  I'm Robert James, founder of STRUKKD LABS. We're a full-stack development studio based in the Philippines.  We help businesses like Spin Cycle Pasig build custom software that saves time and increases revenue.  Would you be open to a quick 15-minute call to discuss how we might help Spin Cycle Pasig?  I'm happy to build a free prototype to show you what's possible.  Here's what we've been working on: - STRUKKD LABS: https://strukkdlabs.vercel.app/ - My portfolio: https://rj-portfolio-resume.vercel.app/  Totally understand if the timing isn't right. But if you're thinking about improving your digital presence, I'd love to help.  Cheers, Robert James Cabansay Founder, STRUKKD LABS https://strukkdlabs.vercel.app/  --- 📧 rjamscxx@gmail.com 🌐 strukkdlabs.vercel.app 💼 rj-portfolio-resume.vercel.app"
"crossfitmanila@gmail.com","CrossFit Manila - Manila","Quick question about CrossFit Manila - Manila's tech needs","default","Hi there,  I noticed CrossFit Manila - Manila in the crossfit box needing wod tracking and membership space and wanted to reach out.  I'm Robert James, founder of STRUKKD LABS. We're a full-stack development studio based in the Philippines.  Our team specializes in building web apps and systems for companies like CrossFit Manila - Manila.  I'd love to learn more about CrossFit Manila - Manila's challenges. Do you have 15 minutes for a quick chat?  I'm happy to build a free prototype to show you what's possible.  Here's what we've been working on: - STRUKKD LABS: https://strukkdlabs.vercel.app/ - My portfolio: https://rj-portfolio-resume.vercel.app/  Totally understand if the timing isn't right. But if you're thinking about improving your digital presence, I'd love to help.  Cheers, Robert James Cabansay Founder, STRUKKD LABS https://strukkdlabs.vercel.app/  --- 📧 rjamscxx@gmail.com 🌐 strukkdlabs.vercel.app 💼 rj-portfolio-resume.vercel.app"
"pilatesplus@gmail.com","Pilates Plus - Makati","Quick question about Pilates Plus - Makati's tech needs","default","Good day,  I came across Pilates Plus - Makati and was impressed by what you're building.  I'm Robert James, founder of STRUKKD LABS. We're a full-stack development studio based in the Philippines.  We help businesses like Pilates Plus - Makati build custom software that saves time and increases revenue.  I'd love to learn more about Pilates Plus - Makati's challenges. Do you have 15 minutes for a quick chat?  I'm happy to build a free prototype to show you what's possible.  Here's what we've been working on: - STRUKKD LABS: https://strukkdlabs.vercel.app/ - My portfolio: https://rj-portfolio-resume.vercel.app/  Totally understand if the timing isn't right. But if you're thinking about improving your digital presence, I'd love to help.  Cheers, Robert James Cabansay Founder, STRUKKD LABS https://strukkdlabs.vercel.app/  --- 📧 rjamscxx@gmail.com 🌐 strukkdlabs.vercel.app 💼 rj-portfolio-resume.vercel.app"
"mmaacademy@gmail.com","MMA Academy - BGC","Quick question about MMA Academy - BGC's tech needs","default","Hello,  While researching mma gym needing class scheduling and member management businesses, I found MMA Academy - BGC and thought of reaching out.  I'm Robert James, founder of STRUKKD LABS. We're a full-stack development studio based in the Philippines.  We help businesses like MMA Academy - BGC build custom software that saves time and increases revenue.  I'd love to learn more about MMA Academy - BGC's challenges. Do you have 15 minutes for a quick chat?  I'm happy to build a free prototype to show you what's possible.  Here's what we've been working on: - STRUKKD LABS: https://strukkdlabs.vercel.app/ - My portfolio: https://rj-portfolio-resume.vercel.app/  Totally understand if the timing isn't right. But if you're thinking about improving your digital presence, I'd love to help.  Cheers, Robert James Cabansay Founder, STRUKKD LABS https://strukkdlabs.vercel.app/  --- 📧 rjamscxx@gmail.com 🌐 strukkdlabs.vercel.app 💼 rj-portfolio-resume.vercel.app"
"dancestudioqc@gmail.com","Dance Studio QC","Quick question about Dance Studio QC's tech needs","default","Hi there,  While researching dance studio needing class booking and choreography showcase businesses, I found Dance Studio QC and thought of reaching out.  I'm Robert James, founder of STRUKKD LABS. We're a full-stack development studio based in the Philippines.  We've helped similar businesses streamline their operations with custom software solutions.  Would you be open to a quick 15-minute call to discuss how we might help Dance Studio QC?  I'm happy to build a free prototype to show you what's possible.  Here's what we've been working on: - STRUKKD LABS: https://strukkdlabs.vercel.app/ - My portfolio: https://rj-portfolio-resume.vercel.app/  Totally understand if the timing isn't right. But if you're thinking about improving your digital presence, I'd love to help.  Cheers, Robert James Cabansay Founder, STRUKKD LABS https://strukkdlabs.vercel.app/  --- 📧 rjamscxx@gmail.com 🌐 strukkdlabs.vercel.app 💼 rj-portfolio-resume.vercel.app"
"aerialyoga@gmail.com","Aerial Yoga Manila","Quick question about Aerial Yoga Manila's tech needs","default","Hi there,  I came across Aerial Yoga Manila and was impressed by what you're building.  I'm Robert James, founder of STRUKKD LABS. We're a full-stack development studio based in the Philippines.  We help businesses like Aerial Yoga Manila build custom software that saves time and increases revenue.  I'd love to learn more about Aerial Yoga Manila's challenges. Do you have 15 minutes for a quick chat?  I'm happy to build a free prototype to show you what's possible.  Here's what we've been working on: - STRUKKD LABS: https://strukkdlabs.vercel.app/ - My portfolio: https://rj-portfolio-resume.vercel.app/  Totally understand if the timing isn't right. But if you're thinking about improving your digital presence, I'd love to help.  Cheers, Robert James Cabansay Founder, STRUKKD LABS https://strukkdlabs.vercel.app/  --- 📧 rjamscxx@gmail.com 🌐 strukkdlabs.vercel.app 💼 rj-portfolio-resume.vercel.app"
"calisthenicspark@gmail.com","Calisthenics Park - Pasig","Quick question about Calisthenics Park - Pasig's tech needs","default","Hi there,  I came across Calisthenics Park - Pasig and was impressed by what you're building.  I'm Robert James, founder of STRUKKD LABS. We're a full-stack development studio based in the Philippines.  Our team specializes in building web apps and systems for companies like Calisthenics Park - Pasig.  Would you be open to a quick 15-minute call to discuss how we might help Calisthenics Park - Pasig?  I'm happy to build a free prototype to show you what's possible.  Here's what we've been working on: - STRUKKD LABS: https://strukkdlabs.vercel.app/ - My portfolio: https://rj-portfolio-resume.vercel.app/  Totally understand if the timing isn't right. But if you're thinking about improving your digital presence, I'd love to help.  Cheers, Robert James Cabansay Founder, STRUKKD LABS https://strukkdlabs.vercel.app/  --- 📧 rjamscxx@gmail.com 🌐 strukkdlabs.vercel.app 💼 rj-portfolio-resume.vercel.app"
"taekwondoacademy@gmail.com","Taekwondo Academy - Makati","Quick question about Taekwondo Academy - Makati's tech needs","default","Good day,  I noticed Taekwondo Academy - Makati in the taekwondo academy needing class scheduling and student management space and wanted to reach out.  I'm Robert James, founder of STRUKKD LABS. We're a full-stack development studio based in the Philippines.  We help businesses like Taekwondo Academy - Makati build custom software that saves time and increases revenue.  Would you be open to a quick 15-minute call to discuss how we might help Taekwondo Academy - Makati?  I'm happy to build a free prototype to show you what's possible.  Here's what we've been working on: - STRUKKD LABS: https://strukkdlabs.vercel.app/ - My portfolio: https://rj-portfolio-resume.vercel.app/  Totally understand if the timing isn't right. But if you're thinking about improving your digital presence, I'd love to help.  Cheers, Robert James Cabansay Founder, STRUKKD LABS https://strukkdlabs.vercel.app/  --- 📧 rjamscxx@gmail.com 🌐 strukkdlabs.vercel.app 💼 rj-portfolio-resume.vercel.app"
"swimminglessonsqc@gmail.com","Swimming Lessons QC","Quick question about Swimming Lessons QC's tech needs","default","Good day,  While researching swimming school needing class booking and student tracking businesses, I found Swimming Lessons QC and thought of reaching out.  I'm Robert James, founder of STRUKKD LABS. We're a full-stack development studio based in the Philippines.  We help businesses like Swimming Lessons QC build custom software that saves time and increases revenue.  I'd love to learn more about Swimming Lessons QC's challenges. Do you have 15 minutes for a quick chat?  I'm happy to build a free prototype to show you what's possible.  Here's what we've been working on: - STRUKKD LABS: https://strukkdlabs.vercel.app/ - My portfolio: https://rj-portfolio-resume.vercel.app/  Totally understand if the timing isn't right. But if you're thinking about improving your digital presence, I'd love to help.  Cheers, Robert James Cabansay Founder, STRUKKD LABS https://strukkdlabs.vercel.app/  --- 📧 rjamscxx@gmail.com 🌐 strukkdlabs.vercel.app 💼 rj-portfolio-resume.vercel.app"
"martialartscenter@gmail.com","Martial Arts Center - BGC","Quick question about Martial Arts Center - BGC's tech needs","default","Hello,  I came across Martial Arts Center - BGC and was impressed by what you're building.  I'm Robert James, founder of STRUKKD LABS. We're a full-stack development studio based in the Philippines.  We've helped similar businesses streamline their operations with custom software solutions.  I'd love to learn more about Martial Arts Center - BGC's challenges. Do you have 15 minutes for a quick chat?  I'm happy to build a free prototype to show you what's possible.  Here's what we've been working on: - STRUKKD LABS: https://strukkdlabs.vercel.app/ - My portfolio: https://rj-portfolio-resume.vercel.app/  Totally understand if the timing isn't right. But if you're thinking about improving your digital presence, I'd love to help.  Cheers, Robert James Cabansay Founder, STRUKKD LABS https://strukkdlabs.vercel.app/  --- 📧 rjamscxx@gmail.com 🌐 strukkdlabs.vercel.app 💼 rj-portfolio-resume.vercel.app"
"stretchstudio@gmail.com","Stretch Studio - Manila","Quick question about Stretch Studio - Manila's tech needs","default","Good day,  While researching stretching studio needing class booking and membership businesses, I found Stretch Studio - Manila and thought of reaching out.  I'm Robert James, founder of STRUKKD LABS. We're a full-stack development studio based in the Philippines.  We've helped similar businesses streamline their operations with custom software solutions.  Would you be open to a quick 15-minute call to discuss how we might help Stretch Studio - Manila?  I'm happy to build a free prototype to show you what's possible.  Here's what we've been working on: - STRUKKD LABS: https://strukkdlabs.vercel.app/ - My portfolio: https://rj-portfolio-resume.vercel.app/  Totally understand if the timing isn't right. But if you're thinking about improving your digital presence, I'd love to help.  Cheers, Robert James Cabansay Founder, STRUKKD LABS https://strukkdlabs.vercel.app/  --- 📧 rjamscxx@gmail.com 🌐 strukkdlabs.vercel.app 💼 rj-portfolio-resume.vercel.app"
"bootcampph@gmail.com","Bootcamp PH - Pasig","Quick question about Bootcamp PH - Pasig's tech needs","default","Hello,  I came across Bootcamp PH - Pasig and was impressed by what you're building.  I'm Robert James, founder of STRUKKD LABS. We're a full-stack development studio based in the Philippines.  We've helped similar businesses streamline their operations with custom software solutions.  Would you be open to a quick 15-minute call to discuss how we might help Bootcamp PH - Pasig?  I'm happy to build a free prototype to show you what's possible.  Here's what we've been working on: - STRUKKD LABS: https://strukkdlabs.vercel.app/ - My portfolio: https://rj-portfolio-resume.vercel.app/  Totally understand if the timing isn't right. But if you're thinking about improving your digital presence, I'd love to help.  Cheers, Robert James Cabansay Founder, STRUKKD LABS https://strukkdlabs.vercel.app/  --- 📧 rjamscxx@gmail.com 🌐 strukkdlabs.vercel.app 💼 rj-portfolio-resume.vercel.app"
"smilebrightmanila@gmail.com","Smile Bright Dental - Manila","Quick question about Smile Bright Dental - Manila's tech needs","default","Hi there,  While researching dental clinic needing appointment booking and patient records businesses, I found Smile Bright Dental - Manila and thought of reaching out.  I'm Robert James, founder of STRUKKD LABS. We're a full-stack development studio based in the Philippines.  Our team specializes in building web apps and systems for companies like Smile Bright Dental - Manila.  Would you be open to a quick 15-minute call to discuss how we might help Smile Bright Dental - Manila?  I'm happy to build a free prototype to show you what's possible.  Here's what we've been working on: - STRUKKD LABS: https://strukkdlabs.vercel.app/ - My portfolio: https://rj-portfolio-resume.vercel.app/  Totally understand if the timing isn't right. But if you're thinking about improving your digital presence, I'd love to help.  Cheers, Robert James Cabansay Founder, STRUKKD LABS https://strukkdlabs.vercel.app/  --- 📧 rjamscxx@gmail.com 🌐 strukkdlabs.vercel.app 💼 rj-portfolio-resume.vercel.app"
"perfectteethqc@gmail.com","Perfect Teeth Dental - QC","Quick question about Perfect Teeth Dental - QC's tech needs","default","Hello,  I came across Perfect Teeth Dental - QC and was impressed by what you're building.  I'm Robert James, founder of STRUKKD LABS. We're a full-stack development studio based in the Philippines.  We help businesses like Perfect Teeth Dental - QC build custom software that saves time and increases revenue.  Would you be open to a quick 15-minute call to discuss how we might help Perfect Teeth Dental - QC?  I'm happy to build a free prototype to show you what's possible.  Here's what we've been working on: - STRUKKD LABS: https://strukkdlabs.vercel.app/ - My portfolio: https://rj-portfolio-resume.vercel.app/  Totally understand if the timing isn't right. But if you're thinking about improving your digital presence, I'd love to help.  Cheers, Robert James Cabansay Founder, STRUKKD LABS https://strukkdlabs.vercel.app/  --- 📧 rjamscxx@gmail.com 🌐 strukkdlabs.vercel.app 💼 rj-portfolio-resume.vercel.app"
"brightsmileortho@gmail.com","Bright Smile Orthodontics - Pasig","Quick question about Bright Smile Orthodontics - Pasig's tech needs","default","Hi there,  I noticed Bright Smile Orthodontics - Pasig in the orthodontics clinic needing appointment and treatment tracking space and wanted to reach out.  I'm Robert James, founder of STRUKKD LABS. We're a full-stack development studio based in the Philippines.  We've helped similar businesses streamline their operations with custom software solutions.  Would you be open to a quick 15-minute call to discuss how we might help Bright Smile Orthodontics - Pasig?  I'm happy to build a free prototype to show you what's possible.  Here's what we've been working on: - STRUKKD LABS: https://strukkdlabs.vercel.app/ - My portfolio: https://rj-portfolio-resume.vercel.app/  Totally understand if the timing isn't right. But if you're thinking about improving your digital presence, I'd love to help.  Cheers, Robert James Cabansay Founder, STRUKKD LABS https://strukkdlabs.vercel.app/  --- 📧 rjamscxx@gmail.com 🌐 strukkdlabs.vercel.app 💼 rj-portfolio-resume.vercel.app"
"dentalwellness@gmail.com","Dental Wellness - Makati","Quick question about Dental Wellness - Makati's tech needs","default","Hello,  I came across Dental Wellness - Makati and was impressed by what you're building.  I'm Robert James, founder of STRUKKD LABS. We're a full-stack development studio based in the Philippines.  We've helped similar businesses streamline their operations with custom software solutions.  Would you be open to a quick 15-minute call to discuss how we might help Dental Wellness - Makati?  I'm happy to build a free prototype to show you what's possible.  Here's what we've been working on: - STRUKKD LABS: https://strukkdlabs.vercel.app/ - My portfolio: https://rj-portfolio-resume.vercel.app/  Totally understand if the timing isn't right. But if you're thinking about improving your digital presence, I'd love to help.  Cheers, Robert James Cabansay Founder, STRUKKD LABS https://strukkdlabs.vercel.app/  --- 📧 rjamscxx@gmail.com 🌐 strukkdlabs.vercel.app 💼 rj-portfolio-resume.vercel.app"
"familydentalcare@gmail.com","Family Dental Care - BGC","Quick question about Family Dental Care - BGC's tech needs","default","Hi there,  I came across Family Dental Care - BGC and was impressed by what you're building.  I'm Robert James, founder of STRUKKD LABS. We're a full-stack development studio based in the Philippines.  Our team specializes in building web apps and systems for companies like Family Dental Care - BGC.  Would you be open to a quick 15-minute call to discuss how we might help Family Dental Care - BGC?  I'm happy to build a free prototype to show you what's possible.  Here's what we've been working on: - STRUKKD LABS: https://strukkdlabs.vercel.app/ - My portfolio: https://rj-portfolio-resume.vercel.app/  Totally understand if the timing isn't right. But if you're thinking about improving your digital presence, I'd love to help.  Cheers, Robert James Cabansay Founder, STRUKKD LABS https://strukkdlabs.vercel.app/  --- 📧 rjamscxx@gmail.com 🌐 strukkdlabs.vercel.app 💼 rj-portfolio-resume.vercel.app"
"healthfirstqc@gmail.com","HealthFirst Clinic - QC","Quick question about HealthFirst Clinic - QC's tech needs","default","Good day,  While researching multi-specialty clinic needing appointment and patient portal businesses, I found HealthFirst Clinic - QC and thought of reaching out.  I'm Robert James, founder of STRUKKD LABS. We're a full-stack development studio based in the Philippines.  Our team specializes in building web apps and systems for companies like HealthFirst Clinic - QC.  I'd love to learn more about HealthFirst Clinic - QC's challenges. Do you have 15 minutes for a quick chat?  I'm happy to build a free prototype to show you what's possible.  Here's what we've been working on: - STRUKKD LABS: https://strukkdlabs.vercel.app/ - My portfolio: https://rj-portfolio-resume.vercel.app/  Totally understand if the timing isn't right. But if you're thinking about improving your digital presence, I'd love to help.  Cheers, Robert James Cabansay Founder, STRUKKD LABS https://strukkdlabs.vercel.app/  --- 📧 rjamscxx@gmail.com 🌐 strukkdlabs.vercel.app 💼 rj-portfolio-resume.vercel.app"
"wellnesshub@gmail.com","Wellness Hub - Makati","Quick question about Wellness Hub - Makati's tech needs","default","Hi there,  While researching wellness center needing booking and membership system businesses, I found Wellness Hub - Makati and thought of reaching out.  I'm Robert James, founder of STRUKKD LABS. We're a full-stack development studio based in the Philippines.  We've helped similar businesses streamline their operations with custom software solutions.  I'd love to learn more about Wellness Hub - Makati's challenges. Do you have 15 minutes for a quick chat?  I'm happy to build a free prototype to show you what's possible.  Here's what we've been working on: - STRUKKD LABS: https://strukkdlabs.vercel.app/ - My portfolio: https://rj-portfolio-resume.vercel.app/  Totally understand if the timing isn't right. But if you're thinking about improving your digital presence, I'd love to help.  Cheers, Robert James Cabansay Founder, STRUKKD LABS https://strukkdlabs.vercel.app/  --- 📧 rjamscxx@gmail.com 🌐 strukkdlabs.vercel.app 💼 rj-portfolio-resume.vercel.app"
"pediatriccare@gmail.com","Pediatric Care - BGC","Quick question about Pediatric Care - BGC's tech needs","default","Good day,  While researching pediatric clinic needing appointment booking and growth tracking businesses, I found Pediatric Care - BGC and thought of reaching out.  I'm Robert James, founder of STRUKKD LABS. We're a full-stack development studio based in the Philippines.  We help businesses like Pediatric Care - BGC build custom software that saves time and increases revenue.  I'd love to learn more about Pediatric Care - BGC's challenges. Do you have 15 minutes for a quick chat?  I'm happy to build a free prototype to show you what's possible.  Here's what we've been working on: - STRUKKD LABS: https://strukkdlabs.vercel.app/ - My portfolio: https://rj-portfolio-resume.vercel.app/  Totally understand if the timing isn't right. But if you're thinking about improving your digital presence, I'd love to help.  Cheers, Robert James Cabansay Founder, STRUKKD LABS https://strukkdlabs.vercel.app/  --- 📧 rjamscxx@gmail.com 🌐 strukkdlabs.vercel.app 💼 rj-portfolio-resume.vercel.app"
"dermatologyplus@gmail.com","Dermatology Plus - Manila","Quick question about Dermatology Plus - Manila's tech needs","default","Hello,  I noticed Dermatology Plus - Manila in the dermatology clinic needing appointment and treatment records space and wanted to reach out.  I'm Robert James, founder of STRUKKD LABS. We're a full-stack development studio based in the Philippines.  Our team specializes in building web apps and systems for companies like Dermatology Plus - Manila.  Would you be open to a quick 15-minute call to discuss how we might help Dermatology Plus - Manila?  I'm happy to build a free prototype to show you what's possible.  Here's what we've been working on: - STRUKKD LABS: https://strukkdlabs.vercel.app/ - My portfolio: https://rj-portfolio-resume.vercel.app/  Totally understand if the timing isn't right. But if you're thinking about improving your digital presence, I'd love to help.  Cheers, Robert James Cabansay Founder, STRUKKD LABS https://strukkdlabs.vercel.app/  --- 📧 rjamscxx@gmail.com 🌐 strukkdlabs.vercel.app 💼 rj-portfolio-resume.vercel.app"
"womenshealth@gmail.com","Women's Health Clinic - Pasig","Quick question about Women's Health Clinic - Pasig's tech needs","default","Hello,  While researching women's health clinic needing appointment booking and patient portal businesses, I found Women's Health Clinic - Pasig and thought of reaching out.  I'm Robert James, founder of STRUKKD LABS. We're a full-stack development studio based in the Philippines.  We help businesses like Women's Health Clinic - Pasig build custom software that saves time and increases revenue.  Would you be open to a quick 15-minute call to discuss how we might help Women's Health Clinic - Pasig?  I'm happy to build a free prototype to show you what's possible.  Here's what we've been working on: - STRUKKD LABS: https://strukkdlabs.vercel.app/ - My portfolio: https://rj-portfolio-resume.vercel.app/  Totally understand if the timing isn't right. But if you're thinking about improving your digital presence, I'd love to help.  Cheers, Robert James Cabansay Founder, STRUKKD LABS https://strukkdlabs.vercel.app/  --- 📧 rjamscxx@gmail.com 🌐 strukkdlabs.vercel.app 💼 rj-portfolio-resume.vercel.app"
"eyecarecenter@gmail.com","Eye Care Center - Makati","Quick question about Eye Care Center - Makati's tech needs","default","Hello,  I came across Eye Care Center - Makati and was impressed by what you're building.  I'm Robert James, founder of STRUKKD LABS. We're a full-stack development studio based in the Philippines.  Our team specializes in building web apps and systems for companies like Eye Care Center - Makati.  Would you be open to a quick 15-minute call to discuss how we might help Eye Care Center - Makati?  I'm happy to build a free prototype to show you what's possible.  Here's what we've been working on: - STRUKKD LABS: https://strukkdlabs.vercel.app/ - My portfolio: https://rj-portfolio-resume.vercel.app/  Totally understand if the timing isn't right. But if you're thinking about improving your digital presence, I'd love to help.  Cheers, Robert James Cabansay Founder, STRUKKD LABS https://strukkdlabs.vercel.app/  --- 📧 rjamscxx@gmail.com 🌐 strukkdlabs.vercel.app 💼 rj-portfolio-resume.vercel.app"
"entclinic@gmail.com","ENT Clinic - QC","Quick question about ENT Clinic - QC's tech needs","default","Good day,  I came across ENT Clinic - QC and was impressed by what you're building.  I'm Robert James, founder of STRUKKD LABS. We're a full-stack development studio based in the Philippines.  We've helped similar businesses streamline their operations with custom software solutions.  I'd love to learn more about ENT Clinic - QC's challenges. Do you have 15 minutes for a quick chat?  I'm happy to build a free prototype to show you what's possible.  Here's what we've been working on: - STRUKKD LABS: https://strukkdlabs.vercel.app/ - My portfolio: https://rj-portfolio-resume.vercel.app/  Totally understand if the timing isn't right. But if you're thinking about improving your digital presence, I'd love to help.  Cheers, Robert James Cabansay Founder, STRUKKD LABS https://strukkdlabs.vercel.app/  --- 📧 rjamscxx@gmail.com 🌐 strukkdlabs.vercel.app 💼 rj-portfolio-resume.vercel.app"
"physicaltherapy@gmail.com","Physical Therapy Center - BGC","Quick question about Physical Therapy Center - BGC's tech needs","default","Hello,  I noticed Physical Therapy Center - BGC in the physical therapy center needing appointment booking and progress tracking space and wanted to reach out.  I'm Robert James, founder of STRUKKD LABS. We're a full-stack development studio based in the Philippines.  We've helped similar businesses streamline their operations with custom software solutions.  I'd love to learn more about Physical Therapy Center - BGC's challenges. Do you have 15 minutes for a quick chat?  I'm happy to build a free prototype to show you what's possible.  Here's what we've been working on: - STRUKKD LABS: https://strukkdlabs.vercel.app/ - My portfolio: https://rj-portfolio-resume.vercel.app/  Totally understand if the timing isn't right. But if you're thinking about improving your digital presence, I'd love to help.  Cheers, Robert James Cabansay Founder, STRUKKD LABS https://strukkdlabs.vercel.app/  --- 📧 rjamscxx@gmail.com 🌐 strukkdlabs.vercel.app 💼 rj-portfolio-resume.vercel.app"
"mentalhealth@gmail.com","Mental Health Hub - Manila","Quick question about Mental Health Hub - Manila's tech needs","default","Good day,  I noticed Mental Health Hub - Manila in the mental health center needing appointment booking and telemedicine space and wanted to reach out.  I'm Robert James, founder of STRUKKD LABS. We're a full-stack development studio based in the Philippines.  Our team specializes in building web apps and systems for companies like Mental Health Hub - Manila.  Would you be open to a quick 15-minute call to discuss how we might help Mental Health Hub - Manila?  I'm happy to build a free prototype to show you what's possible.  Here's what we've been working on: - STRUKKD LABS: https://strukkdlabs.vercel.app/ - My portfolio: https://rj-portfolio-resume.vercel.app/  Totally understand if the timing isn't right. But if you're thinking about improving your digital presence, I'd love to help.  Cheers, Robert James Cabansay Founder, STRUKKD LABS https://strukkdlabs.vercel.app/  --- 📧 rjamscxx@gmail.com 🌐 strukkdlabs.vercel.app 💼 rj-portfolio-resume.vercel.app"
"veterinaryclinic@gmail.com","Veterinary Clinic - Pasig","Quick question about Veterinary Clinic - Pasig's tech needs","default","Good day,  I came across Veterinary Clinic - Pasig and was impressed by what you're building.  I'm Robert James, founder of STRUKKD LABS. We're a full-stack development studio based in the Philippines.  We help businesses like Veterinary Clinic - Pasig build custom software that saves time and increases revenue.  I'd love to learn more about Veterinary Clinic - Pasig's challenges. Do you have 15 minutes for a quick chat?  I'm happy to build a free prototype to show you what's possible.  Here's what we've been working on: - STRUKKD LABS: https://strukkdlabs.vercel.app/ - My portfolio: https://rj-portfolio-resume.vercel.app/  Totally understand if the timing isn't right. But if you're thinking about improving your digital presence, I'd love to help.  Cheers, Robert James Cabansay Founder, STRUKKD LABS https://strukkdlabs.vercel.app/  --- 📧 rjamscxx@gmail.com 🌐 strukkdlabs.vercel.app 💼 rj-portfolio-resume.vercel.app"
"thriftstoreph@gmail.com","Thrift Store PH - Makati","Quick question about Thrift Store PH - Makati's tech needs","default","Hi there,  While researching thrift store needing e-commerce and inventory management businesses, I found Thrift Store PH - Makati and thought of reaching out.  I'm Robert James, founder of STRUKKD LABS. We're a full-stack development studio based in the Philippines.  We've helped similar businesses streamline their operations with custom software solutions.  Would you be open to a quick 15-minute call to discuss how we might help Thrift Store PH - Makati?  I'm happy to build a free prototype to show you what's possible.  Here's what we've been working on: - STRUKKD LABS: https://strukkdlabs.vercel.app/ - My portfolio: https://rj-portfolio-resume.vercel.app/  Totally understand if the timing isn't right. But if you're thinking about improving your digital presence, I'd love to help.  Cheers, Robert James Cabansay Founder, STRUKKD LABS https://strukkdlabs.vercel.app/  --- 📧 rjamscxx@gmail.com 🌐 strukkdlabs.vercel.app 💼 rj-portfolio-resume.vercel.app"
"vintagefinds@gmail.com","Vintage Finds - BGC","Quick question about Vintage Finds - BGC's tech needs","default","Hello,  I noticed Vintage Finds - BGC in the vintage shop needing e-commerce and product catalog space and wanted to reach out.  I'm Robert James, founder of STRUKKD LABS. We're a full-stack development studio based in the Philippines.  We've helped similar businesses streamline their operations with custom software solutions.  Would you be open to a quick 15-minute call to discuss how we might help Vintage Finds - BGC?  I'm happy to build a free prototype to show you what's possible.  Here's what we've been working on: - STRUKKD LABS: https://strukkdlabs.vercel.app/ - My portfolio: https://rj-portfolio-resume.vercel.app/  Totally understand if the timing isn't right. But if you're thinking about improving your digital presence, I'd love to help.  Cheers, Robert James Cabansay Founder, STRUKKD LABS https://strukkdlabs.vercel.app/  --- 📧 rjamscxx@gmail.com 🌐 strukkdlabs.vercel.app 💼 rj-portfolio-resume.vercel.app"
"booknookph@gmail.com","Book Nook PH - QC","Quick question about Book Nook PH - QC's tech needs","default","Hello,  I noticed Book Nook PH - QC in the independent bookstore needing e-commerce and inventory system space and wanted to reach out.  I'm Robert James, founder of STRUKKD LABS. We're a full-stack development studio based in the Philippines.  Our team specializes in building web apps and systems for companies like Book Nook PH - QC.  Would you be open to a quick 15-minute call to discuss how we might help Book Nook PH - QC?  I'm happy to build a free prototype to show you what's possible.  Here's what we've been working on: - STRUKKD LABS: https://strukkdlabs.vercel.app/ - My portfolio: https://rj-portfolio-resume.vercel.app/  Totally understand if the timing isn't right. But if you're thinking about improving your digital presence, I'd love to help.  Cheers, Robert James Cabansay Founder, STRUKKD LABS https://strukkdlabs.vercel.app/  --- 📧 rjamscxx@gmail.com 🌐 strukkdlabs.vercel.app 💼 rj-portfolio-resume.vercel.app"
"plantstoremanila@gmail.com","Plant Store Manila","Quick question about Plant Store Manila's tech needs","default","Good day,  While researching plant store needing e-commerce and delivery system businesses, I found Plant Store Manila and thought of reaching out.  I'm Robert James, founder of STRUKKD LABS. We're a full-stack development studio based in the Philippines.  We've helped similar businesses streamline their operations with custom software solutions.  Would you be open to a quick 15-minute call to discuss how we might help Plant Store Manila?  I'm happy to build a free prototype to show you what's possible.  Here's what we've been working on: - STRUKKD LABS: https://strukkdlabs.vercel.app/ - My portfolio: https://rj-portfolio-resume.vercel.app/  Totally understand if the timing isn't right. But if you're thinking about improving your digital presence, I'd love to help.  Cheers, Robert James Cabansay Founder, STRUKKD LABS https://strukkdlabs.vercel.app/  --- 📧 rjamscxx@gmail.com 🌐 strukkdlabs.vercel.app 💼 rj-portfolio-resume.vercel.app"
"candlecoph@gmail.com","Candle Co PH - Pasig","Quick question about Candle Co PH - Pasig's tech needs","default","Hello,  While researching artisan candle company needing e-commerce and subscription businesses, I found Candle Co PH - Pasig and thought of reaching out.  I'm Robert James, founder of STRUKKD LABS. We're a full-stack development studio based in the Philippines.  We've helped similar businesses streamline their operations with custom software solutions.  I'd love to learn more about Candle Co PH - Pasig's challenges. Do you have 15 minutes for a quick chat?  I'm happy to build a free prototype to show you what's possible.  Here's what we've been working on: - STRUKKD LABS: https://strukkdlabs.vercel.app/ - My portfolio: https://rj-portfolio-resume.vercel.app/  Totally understand if the timing isn't right. But if you're thinking about improving your digital presence, I'd love to help.  Cheers, Robert James Cabansay Founder, STRUKKD LABS https://strukkdlabs.vercel.app/  --- 📧 rjamscxx@gmail.com 🌐 strukkdlabs.vercel.app 💼 rj-portfolio-resume.vercel.app"
"sneakerhub@gmail.com","Sneaker Hub - Makati","Quick question about Sneaker Hub - Makati's tech needs","default","Hello,  While researching sneaker reseller needing e-commerce and authentication system businesses, I found Sneaker Hub - Makati and thought of reaching out.  I'm Robert James, founder of STRUKKD LABS. We're a full-stack development studio based in the Philippines.  Our team specializes in building web apps and systems for companies like Sneaker Hub - Makati.  Would you be open to a quick 15-minute call to discuss how we might help Sneaker Hub - Makati?  I'm happy to build a free prototype to show you what's possible.  Here's what we've been working on: - STRUKKD LABS: https://strukkdlabs.vercel.app/ - My portfolio: https://rj-portfolio-resume.vercel.app/  Totally understand if the timing isn't right. But if you're thinking about improving your digital presence, I'd love to help.  Cheers, Robert James Cabansay Founder, STRUKKD LABS https://strukkdlabs.vercel.app/  --- 📧 rjamscxx@gmail.com 🌐 strukkdlabs.vercel.app 💼 rj-portfolio-resume.vercel.app"
"petsuppliesph@gmail.com","Pet Supplies PH - BGC","Quick question about Pet Supplies PH - BGC's tech needs","default","Hello,  I noticed Pet Supplies PH - BGC in the pet supplies store needing e-commerce and delivery space and wanted to reach out.  I'm Robert James, founder of STRUKKD LABS. We're a full-stack development studio based in the Philippines.  We help businesses like Pet Supplies PH - BGC build custom software that saves time and increases revenue.  Would you be open to a quick 15-minute call to discuss how we might help Pet Supplies PH - BGC?  I'm happy to build a free prototype to show you what's possible.  Here's what we've been working on: - STRUKKD LABS: https://strukkdlabs.vercel.app/ - My portfolio: https://rj-portfolio-resume.vercel.app/  Totally understand if the timing isn't right. But if you're thinking about improving your digital presence, I'd love to help.  Cheers, Robert James Cabansay Founder, STRUKKD LABS https://strukkdlabs.vercel.app/  --- 📧 rjamscxx@gmail.com 🌐 strukkdlabs.vercel.app 💼 rj-portfolio-resume.vercel.app"
"kidscornerstore@gmail.com","Kids Corner Store - QC","Quick question about Kids Corner Store - QC's tech needs","default","Hello,  I came across Kids Corner Store - QC and was impressed by what you're building.  I'm Robert James, founder of STRUKKD LABS. We're a full-stack development studio based in the Philippines.  We've helped similar businesses streamline their operations with custom software solutions.  I'd love to learn more about Kids Corner Store - QC's challenges. Do you have 15 minutes for a quick chat?  I'm happy to build a free prototype to show you what's possible.  Here's what we've been working on: - STRUKKD LABS: https://strukkdlabs.vercel.app/ - My portfolio: https://rj-portfolio-resume.vercel.app/  Totally understand if the timing isn't right. But if you're thinking about improving your digital presence, I'd love to help.  Cheers, Robert James Cabansay Founder, STRUKKD LABS https://strukkdlabs.vercel.app/  --- 📧 rjamscxx@gmail.com 🌐 strukkdlabs.vercel.app 💼 rj-portfolio-resume.vercel.app"
"sportsgearph@gmail.com","Sports Gear PH - Manila","Quick question about Sports Gear PH - Manila's tech needs","default","Hello,  I came across Sports Gear PH - Manila and was impressed by what you're building.  I'm Robert James, founder of STRUKKD LABS. We're a full-stack development studio based in the Philippines.  Our team specializes in building web apps and systems for companies like Sports Gear PH - Manila.  I'd love to learn more about Sports Gear PH - Manila's challenges. Do you have 15 minutes for a quick chat?  I'm happy to build a free prototype to show you what's possible.  Here's what we've been working on: - STRUKKD LABS: https://strukkdlabs.vercel.app/ - My portfolio: https://rj-portfolio-resume.vercel.app/  Totally understand if the timing isn't right. But if you're thinking about improving your digital presence, I'd love to help.  Cheers, Robert James Cabansay Founder, STRUKKD LABS https://strukkdlabs.vercel.app/  --- 📧 rjamscxx@gmail.com 🌐 strukkdlabs.vercel.app 💼 rj-portfolio-resume.vercel.app"
"handmadecrafts@gmail.com","Handmade Crafts - Pasig","Quick question about Handmade Crafts - Pasig's tech needs","default","Good day,  I noticed Handmade Crafts - Pasig in the handmade crafts store needing e-commerce and order management space and wanted to reach out.  I'm Robert James, founder of STRUKKD LABS. We're a full-stack development studio based in the Philippines.  We've helped similar businesses streamline their operations with custom software solutions.  I'd love to learn more about Handmade Crafts - Pasig's challenges. Do you have 15 minutes for a quick chat?  I'm happy to build a free prototype to show you what's possible.  Here's what we've been working on: - STRUKKD LABS: https://strukkdlabs.vercel.app/ - My portfolio: https://rj-portfolio-resume.vercel.app/  Totally understand if the timing isn't right. But if you're thinking about improving your digital presence, I'd love to help.  Cheers, Robert James Cabansay Founder, STRUKKD LABS https://strukkdlabs.vercel.app/  --- 📧 rjamscxx@gmail.com 🌐 strukkdlabs.vercel.app 💼 rj-portfolio-resume.vercel.app"
"techgadgetsph@gmail.com","Tech Gadgets PH - Makati","Quick question about Tech Gadgets PH - Makati's tech needs","default","Hello,  I came across Tech Gadgets PH - Makati and was impressed by what you're building.  I'm Robert James, founder of STRUKKD LABS. We're a full-stack development studio based in the Philippines.  Our team specializes in building web apps and systems for companies like Tech Gadgets PH - Makati.  I'd love to learn more about Tech Gadgets PH - Makati's challenges. Do you have 15 minutes for a quick chat?  I'm happy to build a free prototype to show you what's possible.  Here's what we've been working on: - STRUKKD LABS: https://strukkdlabs.vercel.app/ - My portfolio: https://rj-portfolio-resume.vercel.app/  Totally understand if the timing isn't right. But if you're thinking about improving your digital presence, I'd love to help.  Cheers, Robert James Cabansay Founder, STRUKKD LABS https://strukkdlabs.vercel.app/  --- 📧 rjamscxx@gmail.com 🌐 strukkdlabs.vercel.app 💼 rj-portfolio-resume.vercel.app"
"boutiquefashion@gmail.com","Boutique Fashion - BGC","Quick question about Boutique Fashion - BGC's tech needs","default","Hi there,  While researching fashion boutique needing e-commerce and size guide businesses, I found Boutique Fashion - BGC and thought of reaching out.  I'm Robert James, founder of STRUKKD LABS. We're a full-stack development studio based in the Philippines.  We help businesses like Boutique Fashion - BGC build custom software that saves time and increases revenue.  Would you be open to a quick 15-minute call to discuss how we might help Boutique Fashion - BGC?  I'm happy to build a free prototype to show you what's possible.  Here's what we've been working on: - STRUKKD LABS: https://strukkdlabs.vercel.app/ - My portfolio: https://rj-portfolio-resume.vercel.app/  Totally understand if the timing isn't right. But if you're thinking about improving your digital presence, I'd love to help.  Cheers, Robert James Cabansay Founder, STRUKKD LABS https://strukkdlabs.vercel.app/  --- 📧 rjamscxx@gmail.com 🌐 strukkdlabs.vercel.app 💼 rj-portfolio-resume.vercel.app"
"organicmarket@gmail.com","Organic Market - QC","Quick question about Organic Market - QC's tech needs","restaurant","Hi there,  I came across Organic Market - QC and love what you're doing with food in Quezon City.  I'm Robert James, founder of STRUKKD LABS. We're a full-stack development studio based in the Philippines.  Our team builds custom reservation and delivery platforms for restaurants.  Would you be open to a quick 15-minute call to discuss how we might help Organic Market - QC?  I'm happy to build a free prototype to show you what's possible.  Here's what we've been working on: - STRUKKD LABS: https://strukkdlabs.vercel.app/ - My portfolio: https://rj-portfolio-resume.vercel.app/  Totally understand if the timing isn't right. But if you're thinking about improving your digital presence, I'd love to help.  Cheers, Robert James Cabansay Founder, STRUKKD LABS https://strukkdlabs.vercel.app/  --- 📧 rjamscxx@gmail.com 🌐 strukkdlabs.vercel.app 💼 rj-portfolio-resume.vercel.app"
"artsupplystore@gmail.com","Art Supply Store - Manila","Quick question about Art Supply Store - Manila's tech needs","default","Hello,  I came across Art Supply Store - Manila and was impressed by what you're building.  I'm Robert James, founder of STRUKKD LABS. We're a full-stack development studio based in the Philippines.  We help businesses like Art Supply Store - Manila build custom software that saves time and increases revenue.  I'd love to learn more about Art Supply Store - Manila's challenges. Do you have 15 minutes for a quick chat?  I'm happy to build a free prototype to show you what's possible.  Here's what we've been working on: - STRUKKD LABS: https://strukkdlabs.vercel.app/ - My portfolio: https://rj-portfolio-resume.vercel.app/  Totally understand if the timing isn't right. But if you're thinking about improving your digital presence, I'd love to help.  Cheers, Robert James Cabansay Founder, STRUKKD LABS https://strukkdlabs.vercel.app/  --- 📧 rjamscxx@gmail.com 🌐 strukkdlabs.vercel.app 💼 rj-portfolio-resume.vercel.app"
"homedecorph@gmail.com","Home Decor PH - Pasig","Quick question about Home Decor PH - Pasig's tech needs","default","Hello,  I came across Home Decor PH - Pasig and was impressed by what you're building.  I'm Robert James, founder of STRUKKD LABS. We're a full-stack development studio based in the Philippines.  We've helped similar businesses streamline their operations with custom software solutions.  Would you be open to a quick 15-minute call to discuss how we might help Home Decor PH - Pasig?  I'm happy to build a free prototype to show you what's possible.  Here's what we've been working on: - STRUKKD LABS: https://strukkdlabs.vercel.app/ - My portfolio: https://rj-portfolio-resume.vercel.app/  Totally understand if the timing isn't right. But if you're thinking about improving your digital presence, I'd love to help.  Cheers, Robert James Cabansay Founder, STRUKKD LABS https://strukkdlabs.vercel.app/  --- 📧 rjamscxx@gmail.com 🌐 strukkdlabs.vercel.app 💼 rj-portfolio-resume.vercel.app"
"glowupstudio@gmail.com","Glow Up Studio - Makati","Quick question about Glow Up Studio - Makati's tech needs","default","Hello,  I came across Glow Up Studio - Makati and was impressed by what you're building.  I'm Robert James, founder of STRUKKD LABS. We're a full-stack development studio based in the Philippines.  Our team specializes in building web apps and systems for companies like Glow Up Studio - Makati.  I'd love to learn more about Glow Up Studio - Makati's challenges. Do you have 15 minutes for a quick chat?  I'm happy to build a free prototype to show you what's possible.  Here's what we've been working on: - STRUKKD LABS: https://strukkdlabs.vercel.app/ - My portfolio: https://rj-portfolio-resume.vercel.app/  Totally understand if the timing isn't right. But if you're thinking about improving your digital presence, I'd love to help.  Cheers, Robert James Cabansay Founder, STRUKKD LABS https://strukkdlabs.vercel.app/  --- 📧 rjamscxx@gmail.com 🌐 strukkdlabs.vercel.app 💼 rj-portfolio-resume.vercel.app"
"hairlabbgc@gmail.com","Hair Lab BGC","Quick question about Hair Lab BGC's tech needs","default","Good day,  While researching hair salon needing appointment booking and customer management businesses, I found Hair Lab BGC and thought of reaching out.  I'm Robert James, founder of STRUKKD LABS. We're a full-stack development studio based in the Philippines.  We help businesses like Hair Lab BGC build custom software that saves time and increases revenue.  Would you be open to a quick 15-minute call to discuss how we might help Hair Lab BGC?  I'm happy to build a free prototype to show you what's possible.  Here's what we've been working on: - STRUKKD LABS: https://strukkdlabs.vercel.app/ - My portfolio: https://rj-portfolio-resume.vercel.app/  Totally understand if the timing isn't right. But if you're thinking about improving your digital presence, I'd love to help.  Cheers, Robert James Cabansay Founder, STRUKKD LABS https://strukkdlabs.vercel.app/  --- 📧 rjamscxx@gmail.com 🌐 strukkdlabs.vercel.app 💼 rj-portfolio-resume.vercel.app"
"nailartstudio@gmail.com","Nail Art Studio - QC","Quick question about Nail Art Studio - QC's tech needs","default","Hi there,  I came across Nail Art Studio - QC and was impressed by what you're building.  I'm Robert James, founder of STRUKKD LABS. We're a full-stack development studio based in the Philippines.  We help businesses like Nail Art Studio - QC build custom software that saves time and increases revenue.  Would you be open to a quick 15-minute call to discuss how we might help Nail Art Studio - QC?  I'm happy to build a free prototype to show you what's possible.  Here's what we've been working on: - STRUKKD LABS: https://strukkdlabs.vercel.app/ - My portfolio: https://rj-portfolio-resume.vercel.app/  Totally understand if the timing isn't right. But if you're thinking about improving your digital presence, I'd love to help.  Cheers, Robert James Cabansay Founder, STRUKKD LABS https://strukkdlabs.vercel.app/  --- 📧 rjamscxx@gmail.com 🌐 strukkdlabs.vercel.app 💼 rj-portfolio-resume.vercel.app"
"browhouse@gmail.com","Brow House - Manila","Quick question about Brow House - Manila's tech needs","default","Hello,  I came across Brow House - Manila and was impressed by what you're building.  I'm Robert James, founder of STRUKKD LABS. We're a full-stack development studio based in the Philippines.  We help businesses like Brow House - Manila build custom software that saves time and increases revenue.  Would you be open to a quick 15-minute call to discuss how we might help Brow House - Manila?  I'm happy to build a free prototype to show you what's possible.  Here's what we've been working on: - STRUKKD LABS: https://strukkdlabs.vercel.app/ - My portfolio: https://rj-portfolio-resume.vercel.app/  Totally understand if the timing isn't right. But if you're thinking about improving your digital presence, I'd love to help.  Cheers, Robert James Cabansay Founder, STRUKKD LABS https://strukkdlabs.vercel.app/  --- 📧 rjamscxx@gmail.com 🌐 strukkdlabs.vercel.app 💼 rj-portfolio-resume.vercel.app"
"lashlounge@gmail.com","Lash Lounge - Pasig","Quick question about Lash Lounge - Pasig's tech needs","default","Hi there,  I came across Lash Lounge - Pasig and was impressed by what you're building.  I'm Robert James, founder of STRUKKD LABS. We're a full-stack development studio based in the Philippines.  Our team specializes in building web apps and systems for companies like Lash Lounge - Pasig.  I'd love to learn more about Lash Lounge - Pasig's challenges. Do you have 15 minutes for a quick chat?  I'm happy to build a free prototype to show you what's possible.  Here's what we've been working on: - STRUKKD LABS: https://strukkdlabs.vercel.app/ - My portfolio: https://rj-portfolio-resume.vercel.app/  Totally understand if the timing isn't right. But if you're thinking about improving your digital presence, I'd love to help.  Cheers, Robert James Cabansay Founder, STRUKKD LABS https://strukkdlabs.vercel.app/  --- 📧 rjamscxx@gmail.com 🌐 strukkdlabs.vercel.app 💼 rj-portfolio-resume.vercel.app"
"spaserenity@gmail.com","Spa Serenity - Makati","Quick question about Spa Serenity - Makati's tech needs","default","Hello,  I came across Spa Serenity - Makati and was impressed by what you're building.  I'm Robert James, founder of STRUKKD LABS. We're a full-stack development studio based in the Philippines.  We help businesses like Spa Serenity - Makati build custom software that saves time and increases revenue.  Would you be open to a quick 15-minute call to discuss how we might help Spa Serenity - Makati?  I'm happy to build a free prototype to show you what's possible.  Here's what we've been working on: - STRUKKD LABS: https://strukkdlabs.vercel.app/ - My portfolio: https://rj-portfolio-resume.vercel.app/  Totally understand if the timing isn't right. But if you're thinking about improving your digital presence, I'd love to help.  Cheers, Robert James Cabansay Founder, STRUKKD LABS https://strukkdlabs.vercel.app/  --- 📧 rjamscxx@gmail.com 🌐 strukkdlabs.vercel.app 💼 rj-portfolio-resume.vercel.app"
"waxingstudio@gmail.com","Waxing Studio - BGC","Quick question about Waxing Studio - BGC's tech needs","default","Hi there,  I came across Waxing Studio - BGC and was impressed by what you're building.  I'm Robert James, founder of STRUKKD LABS. We're a full-stack development studio based in the Philippines.  Our team specializes in building web apps and systems for companies like Waxing Studio - BGC.  Would you be open to a quick 15-minute call to discuss how we might help Waxing Studio - BGC?  I'm happy to build a free prototype to show you what's possible.  Here's what we've been working on: - STRUKKD LABS: https://strukkdlabs.vercel.app/ - My portfolio: https://rj-portfolio-resume.vercel.app/  Totally understand if the timing isn't right. But if you're thinking about improving your digital presence, I'd love to help.  Cheers, Robert James Cabansay Founder, STRUKKD LABS https://strukkdlabs.vercel.app/  --- 📧 rjamscxx@gmail.com 🌐 strukkdlabs.vercel.app 💼 rj-portfolio-resume.vercel.app"
"facialspaqc@gmail.com","Facial Spa QC","Quick question about Facial Spa QC's tech needs","default","Hi there,  I came across Facial Spa QC and was impressed by what you're building.  I'm Robert James, founder of STRUKKD LABS. We're a full-stack development studio based in the Philippines.  We help businesses like Facial Spa QC build custom software that saves time and increases revenue.  I'd love to learn more about Facial Spa QC's challenges. Do you have 15 minutes for a quick chat?  I'm happy to build a free prototype to show you what's possible.  Here's what we've been working on: - STRUKKD LABS: https://strukkdlabs.vercel.app/ - My portfolio: https://rj-portfolio-resume.vercel.app/  Totally understand if the timing isn't right. But if you're thinking about improving your digital presence, I'd love to help.  Cheers, Robert James Cabansay Founder, STRUKKD LABS https://strukkdlabs.vercel.app/  --- 📧 rjamscxx@gmail.com 🌐 strukkdlabs.vercel.app 💼 rj-portfolio-resume.vercel.app"
"haircolorbar@gmail.com","Hair Color Bar - Manila","Quick question about Hair Color Bar - Manila's tech needs","default","Hello,  I noticed Hair Color Bar - Manila in the hair color specialist needing appointment booking and portfolio space and wanted to reach out.  I'm Robert James, founder of STRUKKD LABS. We're a full-stack development studio based in the Philippines.  We've helped similar businesses streamline their operations with custom software solutions.  Would you be open to a quick 15-minute call to discuss how we might help Hair Color Bar - Manila?  I'm happy to build a free prototype to show you what's possible.  Here's what we've been working on: - STRUKKD LABS: https://strukkdlabs.vercel.app/ - My portfolio: https://rj-portfolio-resume.vercel.app/  Totally understand if the timing isn't right. But if you're thinking about improving your digital presence, I'd love to help.  Cheers, Robert James Cabansay Founder, STRUKKD LABS https://strukkdlabs.vercel.app/  --- 📧 rjamscxx@gmail.com 🌐 strukkdlabs.vercel.app 💼 rj-portfolio-resume.vercel.app"
"massagemaven@gmail.com","Massage Haven - Pasig","Quick question about Massage Haven - Pasig's tech needs","default","Hi there,  I noticed Massage Haven - Pasig in the massage parlor needing appointment booking and membership space and wanted to reach out.  I'm Robert James, founder of STRUKKD LABS. We're a full-stack development studio based in the Philippines.  We've helped similar businesses streamline their operations with custom software solutions.  I'd love to learn more about Massage Haven - Pasig's challenges. Do you have 15 minutes for a quick chat?  I'm happy to build a free prototype to show you what's possible.  Here's what we've been working on: - STRUKKD LABS: https://strukkdlabs.vercel.app/ - My portfolio: https://rj-portfolio-resume.vercel.app/  Totally understand if the timing isn't right. But if you're thinking about improving your digital presence, I'd love to help.  Cheers, Robert James Cabansay Founder, STRUKKD LABS https://strukkdlabs.vercel.app/  --- 📧 rjamscxx@gmail.com 🌐 strukkdlabs.vercel.app 💼 rj-portfolio-resume.vercel.app"
"skincareclinic@gmail.com","Skin Care Clinic - Makati","Quick question about Skin Care Clinic - Makati's tech needs","default","Hi there,  I noticed Skin Care Clinic - Makati in the skin care clinic needing appointment booking and treatment records space and wanted to reach out.  I'm Robert James, founder of STRUKKD LABS. We're a full-stack development studio based in the Philippines.  We help businesses like Skin Care Clinic - Makati build custom software that saves time and increases revenue.  Would you be open to a quick 15-minute call to discuss how we might help Skin Care Clinic - Makati?  I'm happy to build a free prototype to show you what's possible.  Here's what we've been working on: - STRUKKD LABS: https://strukkdlabs.vercel.app/ - My portfolio: https://rj-portfolio-resume.vercel.app/  Totally understand if the timing isn't right. But if you're thinking about improving your digital presence, I'd love to help.  Cheers, Robert James Cabansay Founder, STRUKKD LABS https://strukkdlabs.vercel.app/  --- 📧 rjamscxx@gmail.com 🌐 strukkdlabs.vercel.app 💼 rj-portfolio-resume.vercel.app"
"hairextensionsph@gmail.com","Hair Extensions PH - BGC","Quick question about Hair Extensions PH - BGC's tech needs","default","Good day,  While researching hair extensions store needing e-commerce and appointment booking businesses, I found Hair Extensions PH - BGC and thought of reaching out.  I'm Robert James, founder of STRUKKD LABS. We're a full-stack development studio based in the Philippines.  Our team specializes in building web apps and systems for companies like Hair Extensions PH - BGC.  Would you be open to a quick 15-minute call to discuss how we might help Hair Extensions PH - BGC?  I'm happy to build a free prototype to show you what's possible.  Here's what we've been working on: - STRUKKD LABS: https://strukkdlabs.vercel.app/ - My portfolio: https://rj-portfolio-resume.vercel.app/  Totally understand if the timing isn't right. But if you're thinking about improving your digital presence, I'd love to help.  Cheers, Robert James Cabansay Founder, STRUKKD LABS https://strukkdlabs.vercel.app/  --- 📧 rjamscxx@gmail.com 🌐 strukkdlabs.vercel.app 💼 rj-portfolio-resume.vercel.app"
"tattoostudioqc@gmail.com","Tattoo Studio - QC","Quick question about Tattoo Studio - QC's tech needs","default","Hello,  I noticed Tattoo Studio - QC in the tattoo studio needing appointment booking and portfolio showcase space and wanted to reach out.  I'm Robert James, founder of STRUKKD LABS. We're a full-stack development studio based in the Philippines.  We help businesses like Tattoo Studio - QC build custom software that saves time and increases revenue.  I'd love to learn more about Tattoo Studio - QC's challenges. Do you have 15 minutes for a quick chat?  I'm happy to build a free prototype to show you what's possible.  Here's what we've been working on: - STRUKKD LABS: https://strukkdlabs.vercel.app/ - My portfolio: https://rj-portfolio-resume.vercel.app/  Totally understand if the timing isn't right. But if you're thinking about improving your digital presence, I'd love to help.  Cheers, Robert James Cabansay Founder, STRUKKD LABS https://strukkdlabs.vercel.app/  --- 📧 rjamscxx@gmail.com 🌐 strukkdlabs.vercel.app 💼 rj-portfolio-resume.vercel.app"
"barbershopmanila@gmail.com","Barber Shop - Manila","Quick question about Barber Shop - Manila's tech needs","default","Hi there,  I came across Barber Shop - Manila and was impressed by what you're building.  I'm Robert James, founder of STRUKKD LABS. We're a full-stack development studio based in the Philippines.  Our team specializes in building web apps and systems for companies like Barber Shop - Manila.  Would you be open to a quick 15-minute call to discuss how we might help Barber Shop - Manila?  I'm happy to build a free prototype to show you what's possible.  Here's what we've been working on: - STRUKKD LABS: https://strukkdlabs.vercel.app/ - My portfolio: https://rj-portfolio-resume.vercel.app/  Totally understand if the timing isn't right. But if you're thinking about improving your digital presence, I'd love to help.  Cheers, Robert James Cabansay Founder, STRUKKD LABS https://strukkdlabs.vercel.app/  --- 📧 rjamscxx@gmail.com 🌐 strukkdlabs.vercel.app 💼 rj-portfolio-resume.vercel.app"
"aromatherapyspa@gmail.com","Aromatherapy Spa - Pasig","Quick question about Aromatherapy Spa - Pasig's tech needs","default","Good day,  I noticed Aromatherapy Spa - Pasig in the aromatherapy spa needing appointment booking and membership space and wanted to reach out.  I'm Robert James, founder of STRUKKD LABS. We're a full-stack development studio based in the Philippines.  We've helped similar businesses streamline their operations with custom software solutions.  Would you be open to a quick 15-minute call to discuss how we might help Aromatherapy Spa - Pasig?  I'm happy to build a free prototype to show you what's possible.  Here's what we've been working on: - STRUKKD LABS: https://strukkdlabs.vercel.app/ - My portfolio: https://rj-portfolio-resume.vercel.app/  Totally understand if the timing isn't right. But if you're thinking about improving your digital presence, I'd love to help.  Cheers, Robert James Cabansay Founder, STRUKKD LABS https://strukkdlabs.vercel.app/  --- 📧 rjamscxx@gmail.com 🌐 strukkdlabs.vercel.app 💼 rj-portfolio-resume.vercel.app"
"cruzassociates@gmail.com","Cruz & Associates Law - Makati","Quick question about Cruz & Associates Law - Makati's tech needs","default","Good day,  While researching law firm needing case management and client portal businesses, I found Cruz & Associates Law - Makati and thought of reaching out.  I'm Robert James, founder of STRUKKD LABS. We're a full-stack development studio based in the Philippines.  We help businesses like Cruz & Associates Law - Makati build custom software that saves time and increases revenue.  Would you be open to a quick 15-minute call to discuss how we might help Cruz & Associates Law - Makati?  I'm happy to build a free prototype to show you what's possible.  Here's what we've been working on: - STRUKKD LABS: https://strukkdlabs.vercel.app/ - My portfolio: https://rj-portfolio-resume.vercel.app/  Totally understand if the timing isn't right. But if you're thinking about improving your digital presence, I'd love to help.  Cheers, Robert James Cabansay Founder, STRUKKD LABS https://strukkdlabs.vercel.app/  --- 📧 rjamscxx@gmail.com 🌐 strukkdlabs.vercel.app 💼 rj-portfolio-resume.vercel.app"
"riveratax@gmail.com","Rivera Tax Services - BGC","Quick question about Rivera Tax Services - BGC's tech needs","default","Hello,  While researching tax services needing client portal and document management businesses, I found Rivera Tax Services - BGC and thought of reaching out.  I'm Robert James, founder of STRUKKD LABS. We're a full-stack development studio based in the Philippines.  We help businesses like Rivera Tax Services - BGC build custom software that saves time and increases revenue.  Would you be open to a quick 15-minute call to discuss how we might help Rivera Tax Services - BGC?  I'm happy to build a free prototype to show you what's possible.  Here's what we've been working on: - STRUKKD LABS: https://strukkdlabs.vercel.app/ - My portfolio: https://rj-portfolio-resume.vercel.app/  Totally understand if the timing isn't right. But if you're thinking about improving your digital presence, I'd love to help.  Cheers, Robert James Cabansay Founder, STRUKKD LABS https://strukkdlabs.vercel.app/  --- 📧 rjamscxx@gmail.com 🌐 strukkdlabs.vercel.app 💼 rj-portfolio-resume.vercel.app"
"santosinsurance@gmail.com","Santos Insurance - QC","Quick question about Santos Insurance - QC's tech needs","default","Hi there,  I came across Santos Insurance - QC and was impressed by what you're building.  I'm Robert James, founder of STRUKKD LABS. We're a full-stack development studio based in the Philippines.  Our team specializes in building web apps and systems for companies like Santos Insurance - QC.  Would you be open to a quick 15-minute call to discuss how we might help Santos Insurance - QC?  I'm happy to build a free prototype to show you what's possible.  Here's what we've been working on: - STRUKKD LABS: https://strukkdlabs.vercel.app/ - My portfolio: https://rj-portfolio-resume.vercel.app/  Totally understand if the timing isn't right. But if you're thinking about improving your digital presence, I'd love to help.  Cheers, Robert James Cabansay Founder, STRUKKD LABS https://strukkdlabs.vercel.app/  --- 📧 rjamscxx@gmail.com 🌐 strukkdlabs.vercel.app 💼 rj-portfolio-resume.vercel.app"
"delacruzaccounting@gmail.com","Dela Cruz Accounting - Manila","Quick question about Dela Cruz Accounting - Manila's tech needs","default","Hello,  While researching accounting firm needing client portal and financial dashboard businesses, I found Dela Cruz Accounting - Manila and thought of reaching out.  I'm Robert James, founder of STRUKKD LABS. We're a full-stack development studio based in the Philippines.  We've helped similar businesses streamline their operations with custom software solutions.  Would you be open to a quick 15-minute call to discuss how we might help Dela Cruz Accounting - Manila?  I'm happy to build a free prototype to show you what's possible.  Here's what we've been working on: - STRUKKD LABS: https://strukkdlabs.vercel.app/ - My portfolio: https://rj-portfolio-resume.vercel.app/  Totally understand if the timing isn't right. But if you're thinking about improving your digital presence, I'd love to help.  Cheers, Robert James Cabansay Founder, STRUKKD LABS https://strukkdlabs.vercel.app/  --- 📧 rjamscxx@gmail.com 🌐 strukkdlabs.vercel.app 💼 rj-portfolio-resume.vercel.app"
"garciarealestate@gmail.com","Garcia Real Estate - Pasig","Quick question about Garcia Real Estate - Pasig's tech needs","default","Hi there,  While researching real estate agency needing property listing and crm system businesses, I found Garcia Real Estate - Pasig and thought of reaching out.  I'm Robert James, founder of STRUKKD LABS. We're a full-stack development studio based in the Philippines.  Our team specializes in building web apps and systems for companies like Garcia Real Estate - Pasig.  I'd love to learn more about Garcia Real Estate - Pasig's challenges. Do you have 15 minutes for a quick chat?  I'm happy to build a free prototype to show you what's possible.  Here's what we've been working on: - STRUKKD LABS: https://strukkdlabs.vercel.app/ - My portfolio: https://rj-portfolio-resume.vercel.app/  Totally understand if the timing isn't right. But if you're thinking about improving your digital presence, I'd love to help.  Cheers, Robert James Cabansay Founder, STRUKKD LABS https://strukkdlabs.vercel.app/  --- 📧 rjamscxx@gmail.com 🌐 strukkdlabs.vercel.app 💼 rj-portfolio-resume.vercel.app"
"reyesmarketing@gmail.com","Reyes Marketing Agency - Makati","Quick question about Reyes Marketing Agency - Makati's tech needs","default","Good day,  I came across Reyes Marketing Agency - Makati and was impressed by what you're building.  I'm Robert James, founder of STRUKKD LABS. We're a full-stack development studio based in the Philippines.  We've helped similar businesses streamline their operations with custom software solutions.  Would you be open to a quick 15-minute call to discuss how we might help Reyes Marketing Agency - Makati?  I'm happy to build a free prototype to show you what's possible.  Here's what we've been working on: - STRUKKD LABS: https://strukkdlabs.vercel.app/ - My portfolio: https://rj-portfolio-resume.vercel.app/  Totally understand if the timing isn't right. But if you're thinking about improving your digital presence, I'd love to help.  Cheers, Robert James Cabansay Founder, STRUKKD LABS https://strukkdlabs.vercel.app/  --- 📧 rjamscxx@gmail.com 🌐 strukkdlabs.vercel.app 💼 rj-portfolio-resume.vercel.app"
"torresconsulting@gmail.com","Torres Consulting - BGC","Quick question about Torres Consulting - BGC's tech needs","default","Hi there,  I noticed Torres Consulting - BGC in the management consulting needing crm and reporting dashboard space and wanted to reach out.  I'm Robert James, founder of STRUKKD LABS. We're a full-stack development studio based in the Philippines.  Our team specializes in building web apps and systems for companies like Torres Consulting - BGC.  Would you be open to a quick 15-minute call to discuss how we might help Torres Consulting - BGC?  I'm happy to build a free prototype to show you what's possible.  Here's what we've been working on: - STRUKKD LABS: https://strukkdlabs.vercel.app/ - My portfolio: https://rj-portfolio-resume.vercel.app/  Totally understand if the timing isn't right. But if you're thinking about improving your digital presence, I'd love to help.  Cheers, Robert James Cabansay Founder, STRUKKD LABS https://strukkdlabs.vercel.app/  --- 📧 rjamscxx@gmail.com 🌐 strukkdlabs.vercel.app 💼 rj-portfolio-resume.vercel.app"
"villanuevaarch@gmail.com","Villanueva Architecture - QC","Quick question about Villanueva Architecture - QC's tech needs","default","Hi there,  While researching architecture firm needing portfolio website and project management businesses, I found Villanueva Architecture - QC and thought of reaching out.  I'm Robert James, founder of STRUKKD LABS. We're a full-stack development studio based in the Philippines.  We've helped similar businesses streamline their operations with custom software solutions.  Would you be open to a quick 15-minute call to discuss how we might help Villanueva Architecture - QC?  I'm happy to build a free prototype to show you what's possible.  Here's what we've been working on: - STRUKKD LABS: https://strukkdlabs.vercel.app/ - My portfolio: https://rj-portfolio-resume.vercel.app/  Totally understand if the timing isn't right. But if you're thinking about improving your digital presence, I'd love to help.  Cheers, Robert James Cabansay Founder, STRUKKD LABS https://strukkdlabs.vercel.app/  --- 📧 rjamscxx@gmail.com 🌐 strukkdlabs.vercel.app 💼 rj-portfolio-resume.vercel.app"
"mendozainterior@gmail.com","Mendoza Interior Design - Manila","Quick question about Mendoza Interior Design - Manila's tech needs","default","Hello,  I noticed Mendoza Interior Design - Manila in the interior design firm needing portfolio website and client portal space and wanted to reach out.  I'm Robert James, founder of STRUKKD LABS. We're a full-stack development studio based in the Philippines.  We help businesses like Mendoza Interior Design - Manila build custom software that saves time and increases revenue.  I'd love to learn more about Mendoza Interior Design - Manila's challenges. Do you have 15 minutes for a quick chat?  I'm happy to build a free prototype to show you what's possible.  Here's what we've been working on: - STRUKKD LABS: https://strukkdlabs.vercel.app/ - My portfolio: https://rj-portfolio-resume.vercel.app/  Totally understand if the timing isn't right. But if you're thinking about improving your digital presence, I'd love to help.  Cheers, Robert James Cabansay Founder, STRUKKD LABS https://strukkdlabs.vercel.app/  --- 📧 rjamscxx@gmail.com 🌐 strukkdlabs.vercel.app 💼 rj-portfolio-resume.vercel.app"
"ramosphotography@gmail.com","Ramos Photography Studio - Pasig","Quick question about Ramos Photography Studio - Pasig's tech needs","default","Hi there,  I came across Ramos Photography Studio - Pasig and was impressed by what you're building.  I'm Robert James, founder of STRUKKD LABS. We're a full-stack development studio based in the Philippines.  Our team specializes in building web apps and systems for companies like Ramos Photography Studio - Pasig.  Would you be open to a quick 15-minute call to discuss how we might help Ramos Photography Studio - Pasig?  I'm happy to build a free prototype to show you what's possible.  Here's what we've been working on: - STRUKKD LABS: https://strukkdlabs.vercel.app/ - My portfolio: https://rj-portfolio-resume.vercel.app/  Totally understand if the timing isn't right. But if you're thinking about improving your digital presence, I'd love to help.  Cheers, Robert James Cabansay Founder, STRUKKD LABS https://strukkdlabs.vercel.app/  --- 📧 rjamscxx@gmail.com 🌐 strukkdlabs.vercel.app 💼 rj-portfolio-resume.vercel.app"
"aquinoevents@gmail.com","Aquino Event Planning - Makati","Quick question about Aquino Event Planning - Makati's tech needs","default","Hi there,  While researching event planning company needing client portal and vendor management businesses, I found Aquino Event Planning - Makati and thought of reaching out.  I'm Robert James, founder of STRUKKD LABS. We're a full-stack development studio based in the Philippines.  We've helped similar businesses streamline their operations with custom software solutions.  Would you be open to a quick 15-minute call to discuss how we might help Aquino Event Planning - Makati?  I'm happy to build a free prototype to show you what's possible.  Here's what we've been working on: - STRUKKD LABS: https://strukkdlabs.vercel.app/ - My portfolio: https://rj-portfolio-resume.vercel.app/  Totally understand if the timing isn't right. But if you're thinking about improving your digital presence, I'd love to help.  Cheers, Robert James Cabansay Founder, STRUKKD LABS https://strukkdlabs.vercel.app/  --- 📧 rjamscxx@gmail.com 🌐 strukkdlabs.vercel.app 💼 rj-portfolio-resume.vercel.app"
"gonzalesfitness@gmail.com","Gonzales Fitness Studio - BGC","Quick question about Gonzales Fitness Studio - BGC's tech needs","default","Hello,  I noticed Gonzales Fitness Studio - BGC in the fitness studio needing class booking and membership system space and wanted to reach out.  I'm Robert James, founder of STRUKKD LABS. We're a full-stack development studio based in the Philippines.  Our team specializes in building web apps and systems for companies like Gonzales Fitness Studio - BGC.  Would you be open to a quick 15-minute call to discuss how we might help Gonzales Fitness Studio - BGC?  I'm happy to build a free prototype to show you what's possible.  Here's what we've been working on: - STRUKKD LABS: https://strukkdlabs.vercel.app/ - My portfolio: https://rj-portfolio-resume.vercel.app/  Totally understand if the timing isn't right. But if you're thinking about improving your digital presence, I'd love to help.  Cheers, Robert James Cabansay Founder, STRUKKD LABS https://strukkdlabs.vercel.app/  --- 📧 rjamscxx@gmail.com 🌐 strukkdlabs.vercel.app 💼 rj-portfolio-resume.vercel.app"
"bautistaaccounting@gmail.com","Bautista Accounting - QC","Quick question about Bautista Accounting - QC's tech needs","default","Good day,  I came across Bautista Accounting - QC and was impressed by what you're building.  I'm Robert James, founder of STRUKKD LABS. We're a full-stack development studio based in the Philippines.  We've helped similar businesses streamline their operations with custom software solutions.  Would you be open to a quick 15-minute call to discuss how we might help Bautista Accounting - QC?  I'm happy to build a free prototype to show you what's possible.  Here's what we've been working on: - STRUKKD LABS: https://strukkdlabs.vercel.app/ - My portfolio: https://rj-portfolio-resume.vercel.app/  Totally understand if the timing isn't right. But if you're thinking about improving your digital presence, I'd love to help.  Cheers, Robert James Cabansay Founder, STRUKKD LABS https://strukkdlabs.vercel.app/  --- 📧 rjamscxx@gmail.com 🌐 strukkdlabs.vercel.app 💼 rj-portfolio-resume.vercel.app"
"castillolaw@gmail.com","Castillo Law Office - Manila","Quick question about Castillo Law Office - Manila's tech needs","default","Hi there,  I came across Castillo Law Office - Manila and was impressed by what you're building.  I'm Robert James, founder of STRUKKD LABS. We're a full-stack development studio based in the Philippines.  We help businesses like Castillo Law Office - Manila build custom software that saves time and increases revenue.  I'd love to learn more about Castillo Law Office - Manila's challenges. Do you have 15 minutes for a quick chat?  I'm happy to build a free prototype to show you what's possible.  Here's what we've been working on: - STRUKKD LABS: https://strukkdlabs.vercel.app/ - My portfolio: https://rj-portfolio-resume.vercel.app/  Totally understand if the timing isn't right. But if you're thinking about improving your digital presence, I'd love to help.  Cheers, Robert James Cabansay Founder, STRUKKD LABS https://strukkdlabs.vercel.app/  --- 📧 rjamscxx@gmail.com 🌐 strukkdlabs.vercel.app 💼 rj-portfolio-resume.vercel.app"
"navarromarketing@gmail.com","Navarro Marketing - Pasig","Quick question about Navarro Marketing - Pasig's tech needs","default","Good day,  While researching marketing firm needing campaign management and reporting tool businesses, I found Navarro Marketing - Pasig and thought of reaching out.  I'm Robert James, founder of STRUKKD LABS. We're a full-stack development studio based in the Philippines.  Our team specializes in building web apps and systems for companies like Navarro Marketing - Pasig.  Would you be open to a quick 15-minute call to discuss how we might help Navarro Marketing - Pasig?  I'm happy to build a free prototype to show you what's possible.  Here's what we've been working on: - STRUKKD LABS: https://strukkdlabs.vercel.app/ - My portfolio: https://rj-portfolio-resume.vercel.app/  Totally understand if the timing isn't right. But if you're thinking about improving your digital presence, I'd love to help.  Cheers, Robert James Cabansay Founder, STRUKKD LABS https://strukkdlabs.vercel.app/  --- 📧 rjamscxx@gmail.com 🌐 strukkdlabs.vercel.app 💼 rj-portfolio-resume.vercel.app"
"lechondeleche@gmail.com","Lechon de Leche Manila","Quick question about Lechon de Leche Manila's tech needs","restaurant","Hi there,  I've heard great things about Lechon de Leche Manila and wanted to reach out.  I'm Robert James, founder of STRUKKD LABS. We're a full-stack development studio based in the Philippines.  We help restaurants like Lechon de Leche Manila build online ordering systems that increase sales by 30%.  Would you be open to a quick 15-minute call to discuss how we might help Lechon de Leche Manila?  I'm happy to build a free prototype to show you what's possible.  Here's what we've been working on: - STRUKKD LABS: https://strukkdlabs.vercel.app/ - My portfolio: https://rj-portfolio-resume.vercel.app/  Totally understand if the timing isn't right. But if you're thinking about improving your digital presence, I'd love to help.  Cheers, Robert James Cabansay Founder, STRUKKD LABS https://strukkdlabs.vercel.app/  --- 📧 rjamscxx@gmail.com 🌐 strukkdlabs.vercel.app 💼 rj-portfolio-resume.vercel.app"
"kakanincorner@gmail.com","Kakanin Corner QC","Quick question about Kakanin Corner QC's tech needs","default","Hi there,  While researching filipino kakanin shop needing online ordering and delivery businesses, I found Kakanin Corner QC and thought of reaching out.  I'm Robert James, founder of STRUKKD LABS. We're a full-stack development studio based in the Philippines.  We help businesses like Kakanin Corner QC build custom software that saves time and increases revenue.  Would you be open to a quick 15-minute call to discuss how we might help Kakanin Corner QC?  I'm happy to build a free prototype to show you what's possible.  Here's what we've been working on: - STRUKKD LABS: https://strukkdlabs.vercel.app/ - My portfolio: https://rj-portfolio-resume.vercel.app/  Totally understand if the timing isn't right. But if you're thinking about improving your digital presence, I'd love to help.  Cheers, Robert James Cabansay Founder, STRUKKD LABS https://strukkdlabs.vercel.app/  --- 📧 rjamscxx@gmail.com 🌐 strukkdlabs.vercel.app 💼 rj-portfolio-resume.vercel.app"
"meriendamanila@gmail.com","Merienda Manila","Quick question about Merienda Manila's tech needs","cafe","Hello,  Your cafe concept looks amazing! I wanted to reach out about tech solutions.  I'm Robert James, founder of STRUKKD LABS. We're a full-stack development studio based in the Philippines.  We've helped cafes increase repeat customers by 40% with custom apps.  Would you be interested in a free consultation to explore how we can help Merienda Manila?  I'm happy to build a free prototype to show you what's possible.  Here's what we've been working on: - STRUKKD LABS: https://strukkdlabs.vercel.app/ - My portfolio: https://rj-portfolio-resume.vercel.app/  Totally understand if the timing isn't right. But if you're thinking about improving your digital presence, I'd love to help.  Cheers, Robert James Cabansay Founder, STRUKKD LABS https://strukkdlabs.vercel.app/  --- 📧 rjamscxx@gmail.com 🌐 strukkdlabs.vercel.app 💼 rj-portfolio-resume.vercel.app"
"siloghouse@gmail.com","Silog House - Makati","Quick question about Silog House - Makati's tech needs","restaurant","Hi there,  I've heard great things about Silog House - Makati and wanted to reach out.  I'm Robert James, founder of STRUKKD LABS. We're a full-stack development studio based in the Philippines.  We've helped similar restaurants streamline their operations with custom software.  I'd love to learn more about Silog House - Makati's challenges. Do you have 15 minutes for a quick chat?  I'm happy to build a free prototype to show you what's possible.  Here's what we've been working on: - STRUKKD LABS: https://strukkdlabs.vercel.app/ - My portfolio: https://rj-portfolio-resume.vercel.app/  Totally understand if the timing isn't right. But if you're thinking about improving your digital presence, I'd love to help.  Cheers, Robert James Cabansay Founder, STRUKKD LABS https://strukkdlabs.vercel.app/  --- 📧 rjamscxx@gmail.com 🌐 strukkdlabs.vercel.app 💼 rj-portfolio-resume.vercel.app"
"budolkitchen@gmail.com","Budol Kitchen - BGC","Quick question about Budol Kitchen - BGC's tech needs","default","Good day,  While researching modern filipino kitchen needing online ordering businesses, I found Budol Kitchen - BGC and thought of reaching out.  I'm Robert James, founder of STRUKKD LABS. We're a full-stack development studio based in the Philippines.  Our team specializes in building web apps and systems for companies like Budol Kitchen - BGC.  Would you be open to a quick 15-minute call to discuss how we might help Budol Kitchen - BGC?  I'm happy to build a free prototype to show you what's possible.  Here's what we've been working on: - STRUKKD LABS: https://strukkdlabs.vercel.app/ - My portfolio: https://rj-portfolio-resume.vercel.app/  Totally understand if the timing isn't right. But if you're thinking about improving your digital presence, I'd love to help.  Cheers, Robert James Cabansay Founder, STRUKKD LABS https://strukkdlabs.vercel.app/  --- 📧 rjamscxx@gmail.com 🌐 strukkdlabs.vercel.app 💼 rj-portfolio-resume.vercel.app"
"sarisarikitchen@gmail.com","Sari-Sari Kitchen - Pasig","Quick question about Sari-Sari Kitchen - Pasig's tech needs","default","Hi there,  I noticed Sari-Sari Kitchen - Pasig in the filipino fusion kitchen needing online ordering and delivery space and wanted to reach out.  I'm Robert James, founder of STRUKKD LABS. We're a full-stack development studio based in the Philippines.  Our team specializes in building web apps and systems for companies like Sari-Sari Kitchen - Pasig.  Would you be open to a quick 15-minute call to discuss how we might help Sari-Sari Kitchen - Pasig?  I'm happy to build a free prototype to show you what's possible.  Here's what we've been working on: - STRUKKD LABS: https://strukkdlabs.vercel.app/ - My portfolio: https://rj-portfolio-resume.vercel.app/  Totally understand if the timing isn't right. But if you're thinking about improving your digital presence, I'd love to help.  Cheers, Robert James Cabansay Founder, STRUKKD LABS https://strukkdlabs.vercel.app/  --- 📧 rjamscxx@gmail.com 🌐 strukkdlabs.vercel.app 💼 rj-portfolio-resume.vercel.app"
"tahoexpress@gmail.com","Taho Express - Manila","Quick question about Taho Express - Manila's tech needs","default","Hi there,  I noticed Taho Express - Manila in the taho vendor needing mobile ordering and delivery space and wanted to reach out.  I'm Robert James, founder of STRUKKD LABS. We're a full-stack development studio based in the Philippines.  We help businesses like Taho Express - Manila build custom software that saves time and increases revenue.  I'd love to learn more about Taho Express - Manila's challenges. Do you have 15 minutes for a quick chat?  I'm happy to build a free prototype to show you what's possible.  Here's what we've been working on: - STRUKKD LABS: https://strukkdlabs.vercel.app/ - My portfolio: https://rj-portfolio-resume.vercel.app/  Totally understand if the timing isn't right. But if you're thinking about improving your digital presence, I'd love to help.  Cheers, Robert James Cabansay Founder, STRUKKD LABS https://strukkdlabs.vercel.app/  --- 📧 rjamscxx@gmail.com 🌐 strukkdlabs.vercel.app 💼 rj-portfolio-resume.vercel.app"
"halohalostation@gmail.com","Halo-Halo Station - QC","Quick question about Halo-Halo Station - QC's tech needs","default","Hello,  While researching halo-halo shop needing online ordering and delivery businesses, I found Halo-Halo Station - QC and thought of reaching out.  I'm Robert James, founder of STRUKKD LABS. We're a full-stack development studio based in the Philippines.  We've helped similar businesses streamline their operations with custom software solutions.  I'd love to learn more about Halo-Halo Station - QC's challenges. Do you have 15 minutes for a quick chat?  I'm happy to build a free prototype to show you what's possible.  Here's what we've been working on: - STRUKKD LABS: https://strukkdlabs.vercel.app/ - My portfolio: https://rj-portfolio-resume.vercel.app/  Totally understand if the timing isn't right. But if you're thinking about improving your digital presence, I'd love to help.  Cheers, Robert James Cabansay Founder, STRUKKD LABS https://strukkdlabs.vercel.app/  --- 📧 rjamscxx@gmail.com 🌐 strukkdlabs.vercel.app 💼 rj-portfolio-resume.vercel.app"
"inihawexpress@gmail.com","Inihaw Express - Makati","Quick question about Inihaw Express - Makati's tech needs","restaurant","Good day,  I came across Inihaw Express - Makati and love what you're doing with food in Makati.  I'm Robert James, founder of STRUKKD LABS. We're a full-stack development studio based in the Philippines.  We help restaurants like Inihaw Express - Makati build online ordering systems that increase sales by 30%.  Would you be open to a quick 15-minute call to discuss how we might help Inihaw Express - Makati?  I'm happy to build a free prototype to show you what's possible.  Here's what we've been working on: - STRUKKD LABS: https://strukkdlabs.vercel.app/ - My portfolio: https://rj-portfolio-resume.vercel.app/  Totally understand if the timing isn't right. But if you're thinking about improving your digital presence, I'd love to help.  Cheers, Robert James Cabansay Founder, STRUKKD LABS https://strukkdlabs.vercel.app/  --- 📧 rjamscxx@gmail.com 🌐 strukkdlabs.vercel.app 💼 rj-portfolio-resume.vercel.app"
"pancitmalabon@gmail.com","Pancit Malabon House - BGC","Quick question about Pancit Malabon House - BGC's tech needs","restaurant","Hello,  Your restaurant caught my attention while researching pancit restaurant needing online ordering and delivery businesses.  I'm Robert James, founder of STRUKKD LABS. We're a full-stack development studio based in the Philippines.  We've helped similar restaurants streamline their operations with custom software.  I'd love to learn more about Pancit Malabon House - BGC's challenges. Do you have 15 minutes for a quick chat?  I'm happy to build a free prototype to show you what's possible.  Here's what we've been working on: - STRUKKD LABS: https://strukkdlabs.vercel.app/ - My portfolio: https://rj-portfolio-resume.vercel.app/  Totally understand if the timing isn't right. But if you're thinking about improving your digital presence, I'd love to help.  Cheers, Robert James Cabansay Founder, STRUKKD LABS https://strukkdlabs.vercel.app/  --- 📧 rjamscxx@gmail.com 🌐 strukkdlabs.vercel.app 💼 rj-portfolio-resume.vercel.app"
"sisighub@gmail.com","Sisig Hub - Pasig","Quick question about Sisig Hub - Pasig's tech needs","restaurant","Good day,  I came across Sisig Hub - Pasig and love what you're doing with food in Ortigas/Pasig.  I'm Robert James, founder of STRUKKD LABS. We're a full-stack development studio based in the Philippines.  We've helped similar restaurants streamline their operations with custom software.  Would you be open to a quick 15-minute call to discuss how we might help Sisig Hub - Pasig?  I'm happy to build a free prototype to show you what's possible.  Here's what we've been working on: - STRUKKD LABS: https://strukkdlabs.vercel.app/ - My portfolio: https://rj-portfolio-resume.vercel.app/  Totally understand if the timing isn't right. But if you're thinking about improving your digital presence, I'd love to help.  Cheers, Robert James Cabansay Founder, STRUKKD LABS https://strukkdlabs.vercel.app/  --- 📧 rjamscxx@gmail.com 🌐 strukkdlabs.vercel.app 💼 rj-portfolio-resume.vercel.app"
"adobohouse@gmail.com","Adobo House - Manila","Quick question about Adobo House - Manila's tech needs","default","Good day,  I noticed Adobo House - Manila in the adobo specialty needing online ordering and delivery space and wanted to reach out.  I'm Robert James, founder of STRUKKD LABS. We're a full-stack development studio based in the Philippines.  Our team specializes in building web apps and systems for companies like Adobo House - Manila.  I'd love to learn more about Adobo House - Manila's challenges. Do you have 15 minutes for a quick chat?  I'm happy to build a free prototype to show you what's possible.  Here's what we've been working on: - STRUKKD LABS: https://strukkdlabs.vercel.app/ - My portfolio: https://rj-portfolio-resume.vercel.app/  Totally understand if the timing isn't right. But if you're thinking about improving your digital presence, I'd love to help.  Cheers, Robert James Cabansay Founder, STRUKKD LABS https://strukkdlabs.vercel.app/  --- 📧 rjamscxx@gmail.com 🌐 strukkdlabs.vercel.app 💼 rj-portfolio-resume.vercel.app"
"sinigangcorner@gmail.com","Sinigang Corner - QC","Quick question about Sinigang Corner - QC's tech needs","restaurant","Hello,  Your restaurant caught my attention while researching sinigang restaurant needing online ordering and delivery businesses.  I'm Robert James, founder of STRUKKD LABS. We're a full-stack development studio based in the Philippines.  We've helped similar restaurants streamline their operations with custom software.  I'd love to learn more about Sinigang Corner - QC's challenges. Do you have 15 minutes for a quick chat?  I'm happy to build a free prototype to show you what's possible.  Here's what we've been working on: - STRUKKD LABS: https://strukkdlabs.vercel.app/ - My portfolio: https://rj-portfolio-resume.vercel.app/  Totally understand if the timing isn't right. But if you're thinking about improving your digital presence, I'd love to help.  Cheers, Robert James Cabansay Founder, STRUKKD LABS https://strukkdlabs.vercel.app/  --- 📧 rjamscxx@gmail.com 🌐 strukkdlabs.vercel.app 💼 rj-portfolio-resume.vercel.app"
"karekarekitchen@gmail.com","Kare-Kare Kitchen - Makati","Quick question about Kare-Kare Kitchen - Makati's tech needs","default","Hi there,  I came across Kare-Kare Kitchen - Makati and was impressed by what you're building.  I'm Robert James, founder of STRUKKD LABS. We're a full-stack development studio based in the Philippines.  We've helped similar businesses streamline their operations with custom software solutions.  I'd love to learn more about Kare-Kare Kitchen - Makati's challenges. Do you have 15 minutes for a quick chat?  I'm happy to build a free prototype to show you what's possible.  Here's what we've been working on: - STRUKKD LABS: https://strukkdlabs.vercel.app/ - My portfolio: https://rj-portfolio-resume.vercel.app/  Totally understand if the timing isn't right. But if you're thinking about improving your digital presence, I'd love to help.  Cheers, Robert James Cabansay Founder, STRUKKD LABS https://strukkdlabs.vercel.app/  --- 📧 rjamscxx@gmail.com 🌐 strukkdlabs.vercel.app 💼 rj-portfolio-resume.vercel.app"
"bicolexpressbgc@gmail.com","Bicol Express BGC","Quick question about Bicol Express BGC's tech needs","restaurant","Good day,  I've heard great things about Bicol Express BGC and wanted to reach out.  I'm Robert James, founder of STRUKKD LABS. We're a full-stack development studio based in the Philippines.  We help restaurants like Bicol Express BGC build online ordering systems that increase sales by 30%.  Would you be open to a quick 15-minute call to discuss how we might help Bicol Express BGC?  I'm happy to build a free prototype to show you what's possible.  Here's what we've been working on: - STRUKKD LABS: https://strukkdlabs.vercel.app/ - My portfolio: https://rj-portfolio-resume.vercel.app/  Totally understand if the timing isn't right. But if you're thinking about improving your digital presence, I'd love to help.  Cheers, Robert James Cabansay Founder, STRUKKD LABS https://strukkdlabs.vercel.app/  --- 📧 rjamscxx@gmail.com 🌐 strukkdlabs.vercel.app 💼 rj-portfolio-resume.vercel.app"
"lapazbatchoyhub@gmail.com","La Paz Batchoy Hub - Pasig","Quick question about La Paz Batchoy Hub - Pasig's tech needs","default","Hello,  While researching batchoy house needing online ordering and delivery businesses, I found La Paz Batchoy Hub - Pasig and thought of reaching out.  I'm Robert James, founder of STRUKKD LABS. We're a full-stack development studio based in the Philippines.  Our team specializes in building web apps and systems for companies like La Paz Batchoy Hub - Pasig.  I'd love to learn more about La Paz Batchoy Hub - Pasig's challenges. Do you have 15 minutes for a quick chat?  I'm happy to build a free prototype to show you what's possible.  Here's what we've been working on: - STRUKKD LABS: https://strukkdlabs.vercel.app/ - My portfolio: https://rj-portfolio-resume.vercel.app/  Totally understand if the timing isn't right. But if you're thinking about improving your digital presence, I'd love to help.  Cheers, Robert James Cabansay Founder, STRUKKD LABS https://strukkdlabs.vercel.app/  --- 📧 rjamscxx@gmail.com 🌐 strukkdlabs.vercel.app 💼 rj-portfolio-resume.vercel.app"
"tapsilogrepublic@gmail.com","Tapsilog Republic - Manila","Quick question about Tapsilog Republic - Manila's tech needs","restaurant","Good day,  I came across Tapsilog Republic - Manila and love what you're doing with food in Manila.  I'm Robert James, founder of STRUKKD LABS. We're a full-stack development studio based in the Philippines.  We help restaurants like Tapsilog Republic - Manila build online ordering systems that increase sales by 30%.  Would you be open to a quick 15-minute call to discuss how we might help Tapsilog Republic - Manila?  I'm happy to build a free prototype to show you what's possible.  Here's what we've been working on: - STRUKKD LABS: https://strukkdlabs.vercel.app/ - My portfolio: https://rj-portfolio-resume.vercel.app/  Totally understand if the timing isn't right. But if you're thinking about improving your digital presence, I'd love to help.  Cheers, Robert James Cabansay Founder, STRUKKD LABS https://strukkdlabs.vercel.app/  --- 📧 rjamscxx@gmail.com 🌐 strukkdlabs.vercel.app 💼 rj-portfolio-resume.vercel.app"
"champoradostation@gmail.com","Champorado Station - QC","Quick question about Champorado Station - QC's tech needs","default","Good day,  While researching champorado shop needing mobile ordering businesses, I found Champorado Station - QC and thought of reaching out.  I'm Robert James, founder of STRUKKD LABS. We're a full-stack development studio based in the Philippines.  We help businesses like Champorado Station - QC build custom software that saves time and increases revenue.  Would you be open to a quick 15-minute call to discuss how we might help Champorado Station - QC?  I'm happy to build a free prototype to show you what's possible.  Here's what we've been working on: - STRUKKD LABS: https://strukkdlabs.vercel.app/ - My portfolio: https://rj-portfolio-resume.vercel.app/  Totally understand if the timing isn't right. But if you're thinking about improving your digital presence, I'd love to help.  Cheers, Robert James Cabansay Founder, STRUKKD LABS https://strukkdlabs.vercel.app/  --- 📧 rjamscxx@gmail.com 🌐 strukkdlabs.vercel.app 💼 rj-portfolio-resume.vercel.app"
"arrozcaldohouse@gmail.com","Arroz Caldo House - Makati","Quick question about Arroz Caldo House - Makati's tech needs","default","Hi there,  I noticed Arroz Caldo House - Makati in the arroz caldo house needing online ordering and delivery space and wanted to reach out.  I'm Robert James, founder of STRUKKD LABS. We're a full-stack development studio based in the Philippines.  We help businesses like Arroz Caldo House - Makati build custom software that saves time and increases revenue.  I'd love to learn more about Arroz Caldo House - Makati's challenges. Do you have 15 minutes for a quick chat?  I'm happy to build a free prototype to show you what's possible.  Here's what we've been working on: - STRUKKD LABS: https://strukkdlabs.vercel.app/ - My portfolio: https://rj-portfolio-resume.vercel.app/  Totally understand if the timing isn't right. But if you're thinking about improving your digital presence, I'd love to help.  Cheers, Robert James Cabansay Founder, STRUKKD LABS https://strukkdlabs.vercel.app/  --- 📧 rjamscxx@gmail.com 🌐 strukkdlabs.vercel.app 💼 rj-portfolio-resume.vercel.app"
"gototemple@gmail.com","Goto Temple - BGC","Quick question about Goto Temple - BGC's tech needs","restaurant","Hi there,  Your restaurant caught my attention while researching goto restaurant needing online ordering businesses.  I'm Robert James, founder of STRUKKD LABS. We're a full-stack development studio based in the Philippines.  We've helped similar restaurants streamline their operations with custom software.  Would you be open to a quick 15-minute call to discuss how we might help Goto Temple - BGC?  I'm happy to build a free prototype to show you what's possible.  Here's what we've been working on: - STRUKKD LABS: https://strukkdlabs.vercel.app/ - My portfolio: https://rj-portfolio-resume.vercel.app/  Totally understand if the timing isn't right. But if you're thinking about improving your digital presence, I'd love to help.  Cheers, Robert James Cabansay Founder, STRUKKD LABS https://strukkdlabs.vercel.app/  --- 📧 rjamscxx@gmail.com 🌐 strukkdlabs.vercel.app 💼 rj-portfolio-resume.vercel.app"
"mamihouse@gmail.com","Mami House - Pasig","Quick question about Mami House - Pasig's tech needs","default","Hello,  I came across Mami House - Pasig and was impressed by what you're building.  I'm Robert James, founder of STRUKKD LABS. We're a full-stack development studio based in the Philippines.  Our team specializes in building web apps and systems for companies like Mami House - Pasig.  I'd love to learn more about Mami House - Pasig's challenges. Do you have 15 minutes for a quick chat?  I'm happy to build a free prototype to show you what's possible.  Here's what we've been working on: - STRUKKD LABS: https://strukkdlabs.vercel.app/ - My portfolio: https://rj-portfolio-resume.vercel.app/  Totally understand if the timing isn't right. But if you're thinking about improving your digital presence, I'd love to help.  Cheers, Robert James Cabansay Founder, STRUKKD LABS https://strukkdlabs.vercel.app/  --- 📧 rjamscxx@gmail.com 🌐 strukkdlabs.vercel.app 💼 rj-portfolio-resume.vercel.app"
"bilogricebowl@gmail.com","Bilog Rice Bowl - Manila","Quick question about Bilog Rice Bowl - Manila's tech needs","restaurant","Hello,  I came across Bilog Rice Bowl - Manila and love what you're doing with food in Manila.  I'm Robert James, founder of STRUKKD LABS. We're a full-stack development studio based in the Philippines.  Our team builds custom reservation and delivery platforms for restaurants.  I'd love to learn more about Bilog Rice Bowl - Manila's challenges. Do you have 15 minutes for a quick chat?  I'm happy to build a free prototype to show you what's possible.  Here's what we've been working on: - STRUKKD LABS: https://strukkdlabs.vercel.app/ - My portfolio: https://rj-portfolio-resume.vercel.app/  Totally understand if the timing isn't right. But if you're thinking about improving your digital presence, I'd love to help.  Cheers, Robert James Cabansay Founder, STRUKKD LABS https://strukkdlabs.vercel.app/  --- 📧 rjamscxx@gmail.com 🌐 strukkdlabs.vercel.app 💼 rj-portfolio-resume.vercel.app"
"samgyupstation@gmail.com","Samgyup Station - QC","Quick question about Samgyup Station - QC's tech needs","restaurant","Hello,  I came across Samgyup Station - QC and love what you're doing with food in Quezon City.  I'm Robert James, founder of STRUKKD LABS. We're a full-stack development studio based in the Philippines.  Our team builds custom reservation and delivery platforms for restaurants.  Would you be open to a quick 15-minute call to discuss how we might help Samgyup Station - QC?  I'm happy to build a free prototype to show you what's possible.  Here's what we've been working on: - STRUKKD LABS: https://strukkdlabs.vercel.app/ - My portfolio: https://rj-portfolio-resume.vercel.app/  Totally understand if the timing isn't right. But if you're thinking about improving your digital presence, I'd love to help.  Cheers, Robert James Cabansay Founder, STRUKKD LABS https://strukkdlabs.vercel.app/  --- 📧 rjamscxx@gmail.com 🌐 strukkdlabs.vercel.app 💼 rj-portfolio-resume.vercel.app"
"tokyogrill@gmail.com","Tokyo Grill - Makati","Quick question about Tokyo Grill - Makati's tech needs","default","Hello,  I noticed Tokyo Grill - Makati in the japanese grill needing reservation and online menu space and wanted to reach out.  I'm Robert James, founder of STRUKKD LABS. We're a full-stack development studio based in the Philippines.  We've helped similar businesses streamline their operations with custom software solutions.  I'd love to learn more about Tokyo Grill - Makati's challenges. Do you have 15 minutes for a quick chat?  I'm happy to build a free prototype to show you what's possible.  Here's what we've been working on: - STRUKKD LABS: https://strukkdlabs.vercel.app/ - My portfolio: https://rj-portfolio-resume.vercel.app/  Totally understand if the timing isn't right. But if you're thinking about improving your digital presence, I'd love to help.  Cheers, Robert James Cabansay Founder, STRUKKD LABS https://strukkdlabs.vercel.app/  --- 📧 rjamscxx@gmail.com 🌐 strukkdlabs.vercel.app 💼 rj-portfolio-resume.vercel.app"
"tikoyhouse@gmail.com","Tikoy House - BGC","Quick question about Tikoy House - BGC's tech needs","default","Good day,  I noticed Tikoy House - BGC in the filipino tikoy shop needing seasonal online ordering space and wanted to reach out.  I'm Robert James, founder of STRUKKD LABS. We're a full-stack development studio based in the Philippines.  We've helped similar businesses streamline their operations with custom software solutions.  Would you be open to a quick 15-minute call to discuss how we might help Tikoy House - BGC?  I'm happy to build a free prototype to show you what's possible.  Here's what we've been working on: - STRUKKD LABS: https://strukkdlabs.vercel.app/ - My portfolio: https://rj-portfolio-resume.vercel.app/  Totally understand if the timing isn't right. But if you're thinking about improving your digital presence, I'd love to help.  Cheers, Robert James Cabansay Founder, STRUKKD LABS https://strukkdlabs.vercel.app/  --- 📧 rjamscxx@gmail.com 🌐 strukkdlabs.vercel.app 💼 rj-portfolio-resume.vercel.app"
"islandhoph@gmail.com","Island Hop PH - BGC","Quick question about Island Hop PH - BGC's tech needs","default","Hi there,  I noticed Island Hop PH - BGC in the island hopping tour operator needing booking and payment system space and wanted to reach out.  I'm Robert James, founder of STRUKKD LABS. We're a full-stack development studio based in the Philippines.  We help businesses like Island Hop PH - BGC build custom software that saves time and increases revenue.  I'd love to learn more about Island Hop PH - BGC's challenges. Do you have 15 minutes for a quick chat?  I'm happy to build a free prototype to show you what's possible.  Here's what we've been working on: - STRUKKD LABS: https://strukkdlabs.vercel.app/ - My portfolio: https://rj-portfolio-resume.vercel.app/  Totally understand if the timing isn't right. But if you're thinking about improving your digital presence, I'd love to help.  Cheers, Robert James Cabansay Founder, STRUKKD LABS https://strukkdlabs.vercel.app/  --- 📧 rjamscxx@gmail.com 🌐 strukkdlabs.vercel.app 💼 rj-portfolio-resume.vercel.app"
"diveph@gmail.com","Dive PH - Makati","Quick question about Dive PH - Makati's tech needs","default","Good day,  While researching diving shop needing booking system and certification tracking businesses, I found Dive PH - Makati and thought of reaching out.  I'm Robert James, founder of STRUKKD LABS. We're a full-stack development studio based in the Philippines.  We've helped similar businesses streamline their operations with custom software solutions.  Would you be open to a quick 15-minute call to discuss how we might help Dive PH - Makati?  I'm happy to build a free prototype to show you what's possible.  Here's what we've been working on: - STRUKKD LABS: https://strukkdlabs.vercel.app/ - My portfolio: https://rj-portfolio-resume.vercel.app/  Totally understand if the timing isn't right. But if you're thinking about improving your digital presence, I'd love to help.  Cheers, Robert James Cabansay Founder, STRUKKD LABS https://strukkdlabs.vercel.app/  --- 📧 rjamscxx@gmail.com 🌐 strukkdlabs.vercel.app 💼 rj-portfolio-resume.vercel.app"
"trekadventuresph@gmail.com","Trek Adventures PH - QC","Quick question about Trek Adventures PH - QC's tech needs","default","Hi there,  While researching mountain trekking company needing booking and guide management businesses, I found Trek Adventures PH - QC and thought of reaching out.  I'm Robert James, founder of STRUKKD LABS. We're a full-stack development studio based in the Philippines.  Our team specializes in building web apps and systems for companies like Trek Adventures PH - QC.  Would you be open to a quick 15-minute call to discuss how we might help Trek Adventures PH - QC?  I'm happy to build a free prototype to show you what's possible.  Here's what we've been working on: - STRUKKD LABS: https://strukkdlabs.vercel.app/ - My portfolio: https://rj-portfolio-resume.vercel.app/  Totally understand if the timing isn't right. But if you're thinking about improving your digital presence, I'd love to help.  Cheers, Robert James Cabansay Founder, STRUKKD LABS https://strukkdlabs.vercel.app/  --- 📧 rjamscxx@gmail.com 🌐 strukkdlabs.vercel.app 💼 rj-portfolio-resume.vercel.app"
"surfcampph@gmail.com","Surf Camp PH - Manila","Quick question about Surf Camp PH - Manila's tech needs","default","Hi there,  I noticed Surf Camp PH - Manila in the surf camp needing booking system and equipment rental tracking space and wanted to reach out.  I'm Robert James, founder of STRUKKD LABS. We're a full-stack development studio based in the Philippines.  We help businesses like Surf Camp PH - Manila build custom software that saves time and increases revenue.  Would you be open to a quick 15-minute call to discuss how we might help Surf Camp PH - Manila?  I'm happy to build a free prototype to show you what's possible.  Here's what we've been working on: - STRUKKD LABS: https://strukkdlabs.vercel.app/ - My portfolio: https://rj-portfolio-resume.vercel.app/  Totally understand if the timing isn't right. But if you're thinking about improving your digital presence, I'd love to help.  Cheers, Robert James Cabansay Founder, STRUKKD LABS https://strukkdlabs.vercel.app/  --- 📧 rjamscxx@gmail.com 🌐 strukkdlabs.vercel.app 💼 rj-portfolio-resume.vercel.app"
"vanrentalph@gmail.com","Van Rental PH - Pasig","Quick question about Van Rental PH - Pasig's tech needs","default","Hi there,  I noticed Van Rental PH - Pasig in the van rental service needing booking and fleet management system space and wanted to reach out.  I'm Robert James, founder of STRUKKD LABS. We're a full-stack development studio based in the Philippines.  We've helped similar businesses streamline their operations with custom software solutions.  I'd love to learn more about Van Rental PH - Pasig's challenges. Do you have 15 minutes for a quick chat?  I'm happy to build a free prototype to show you what's possible.  Here's what we've been working on: - STRUKKD LABS: https://strukkdlabs.vercel.app/ - My portfolio: https://rj-portfolio-resume.vercel.app/  Totally understand if the timing isn't right. But if you're thinking about improving your digital presence, I'd love to help.  Cheers, Robert James Cabansay Founder, STRUKKD LABS https://strukkdlabs.vercel.app/  --- 📧 rjamscxx@gmail.com 🌐 strukkdlabs.vercel.app 💼 rj-portfolio-resume.vercel.app"
"courierexpressph@gmail.com","Courier Express PH - Makati","Quick question about Courier Express PH - Makati's tech needs","default","Hello,  While researching courier service needing booking and tracking system businesses, I found Courier Express PH - Makati and thought of reaching out.  I'm Robert James, founder of STRUKKD LABS. We're a full-stack development studio based in the Philippines.  Our team specializes in building web apps and systems for companies like Courier Express PH - Makati.  Would you be open to a quick 15-minute call to discuss how we might help Courier Express PH - Makati?  I'm happy to build a free prototype to show you what's possible.  Here's what we've been working on: - STRUKKD LABS: https://strukkdlabs.vercel.app/ - My portfolio: https://rj-portfolio-resume.vercel.app/  Totally understand if the timing isn't right. But if you're thinking about improving your digital presence, I'd love to help.  Cheers, Robert James Cabansay Founder, STRUKKD LABS https://strukkdlabs.vercel.app/  --- 📧 rjamscxx@gmail.com 🌐 strukkdlabs.vercel.app 💼 rj-portfolio-resume.vercel.app"
"riderhubph@gmail.com","Rider Hub PH - BGC","Quick question about Rider Hub PH - BGC's tech needs","default","Hello,  While researching rider management hub needing dispatch and tracking system businesses, I found Rider Hub PH - BGC and thought of reaching out.  I'm Robert James, founder of STRUKKD LABS. We're a full-stack development studio based in the Philippines.  We help businesses like Rider Hub PH - BGC build custom software that saves time and increases revenue.  I'd love to learn more about Rider Hub PH - BGC's challenges. Do you have 15 minutes for a quick chat?  I'm happy to build a free prototype to show you what's possible.  Here's what we've been working on: - STRUKKD LABS: https://strukkdlabs.vercel.app/ - My portfolio: https://rj-portfolio-resume.vercel.app/  Totally understand if the timing isn't right. But if you're thinking about improving your digital presence, I'd love to help.  Cheers, Robert James Cabansay Founder, STRUKKD LABS https://strukkdlabs.vercel.app/  --- 📧 rjamscxx@gmail.com 🌐 strukkdlabs.vercel.app 💼 rj-portfolio-resume.vercel.app"
"moveph@gmail.com","MovePH Logistics - QC","Quick question about MovePH Logistics - QC's tech needs","default","Good day,  I came across MovePH Logistics - QC and was impressed by what you're building.  I'm Robert James, founder of STRUKKD LABS. We're a full-stack development studio based in the Philippines.  We've helped similar businesses streamline their operations with custom software solutions.  I'd love to learn more about MovePH Logistics - QC's challenges. Do you have 15 minutes for a quick chat?  I'm happy to build a free prototype to show you what's possible.  Here's what we've been working on: - STRUKKD LABS: https://strukkdlabs.vercel.app/ - My portfolio: https://rj-portfolio-resume.vercel.app/  Totally understand if the timing isn't right. But if you're thinking about improving your digital presence, I'd love to help.  Cheers, Robert James Cabansay Founder, STRUKKD LABS https://strukkdlabs.vercel.app/  --- 📧 rjamscxx@gmail.com 🌐 strukkdlabs.vercel.app 💼 rj-portfolio-resume.vercel.app"
"deliverasyp@gmail.com","DeliverEasy PH - Manila","Quick question about DeliverEasy PH - Manila's tech needs","default","Hello,  I noticed DeliverEasy PH - Manila in the delivery service needing booking and tracking system space and wanted to reach out.  I'm Robert James, founder of STRUKKD LABS. We're a full-stack development studio based in the Philippines.  We help businesses like DeliverEasy PH - Manila build custom software that saves time and increases revenue.  I'd love to learn more about DeliverEasy PH - Manila's challenges. Do you have 15 minutes for a quick chat?  I'm happy to build a free prototype to show you what's possible.  Here's what we've been working on: - STRUKKD LABS: https://strukkdlabs.vercel.app/ - My portfolio: https://rj-portfolio-resume.vercel.app/  Totally understand if the timing isn't right. But if you're thinking about improving your digital presence, I'd love to help.  Cheers, Robert James Cabansay Founder, STRUKKD LABS https://strukkdlabs.vercel.app/  --- 📧 rjamscxx@gmail.com 🌐 strukkdlabs.vercel.app 💼 rj-portfolio-resume.vercel.app"
"packandship@gmail.com","Pack & Ship PH - Pasig","Quick question about Pack & Ship PH - Pasig's tech needs","default","Hi there,  While researching shipping service needing booking and tracking system businesses, I found Pack & Ship PH - Pasig and thought of reaching out.  I'm Robert James, founder of STRUKKD LABS. We're a full-stack development studio based in the Philippines.  Our team specializes in building web apps and systems for companies like Pack & Ship PH - Pasig.  Would you be open to a quick 15-minute call to discuss how we might help Pack & Ship PH - Pasig?  I'm happy to build a free prototype to show you what's possible.  Here's what we've been working on: - STRUKKD LABS: https://strukkdlabs.vercel.app/ - My portfolio: https://rj-portfolio-resume.vercel.app/  Totally understand if the timing isn't right. But if you're thinking about improving your digital presence, I'd love to help.  Cheers, Robert James Cabansay Founder, STRUKKD LABS https://strukkdlabs.vercel.app/  --- 📧 rjamscxx@gmail.com 🌐 strukkdlabs.vercel.app 💼 rj-portfolio-resume.vercel.app"
"learnhubph@gmail.com","LearnHub PH - Makati","Quick question about LearnHub PH - Makati's tech needs","default","Hi there,  I noticed LearnHub PH - Makati in the learning center needing lms and student management system space and wanted to reach out.  I'm Robert James, founder of STRUKKD LABS. We're a full-stack development studio based in the Philippines.  We help businesses like LearnHub PH - Makati build custom software that saves time and increases revenue.  Would you be open to a quick 15-minute call to discuss how we might help LearnHub PH - Makati?  I'm happy to build a free prototype to show you what's possible.  Here's what we've been working on: - STRUKKD LABS: https://strukkdlabs.vercel.app/ - My portfolio: https://rj-portfolio-resume.vercel.app/  Totally understand if the timing isn't right. But if you're thinking about improving your digital presence, I'd love to help.  Cheers, Robert James Cabansay Founder, STRUKKD LABS https://strukkdlabs.vercel.app/  --- 📧 rjamscxx@gmail.com 🌐 strukkdlabs.vercel.app 💼 rj-portfolio-resume.vercel.app"
"codeacademybgc@gmail.com","Code Academy BGC","Quick question about Code Academy BGC's tech needs","default","Hello,  I came across Code Academy BGC and was impressed by what you're building.  I'm Robert James, founder of STRUKKD LABS. We're a full-stack development studio based in the Philippines.  We've helped similar businesses streamline their operations with custom software solutions.  Would you be open to a quick 15-minute call to discuss how we might help Code Academy BGC?  I'm happy to build a free prototype to show you what's possible.  Here's what we've been working on: - STRUKKD LABS: https://strukkdlabs.vercel.app/ - My portfolio: https://rj-portfolio-resume.vercel.app/  Totally understand if the timing isn't right. But if you're thinking about improving your digital presence, I'd love to help.  Cheers, Robert James Cabansay Founder, STRUKKD LABS https://strukkdlabs.vercel.app/  --- 📧 rjamscxx@gmail.com 🌐 strukkdlabs.vercel.app 💼 rj-portfolio-resume.vercel.app"
"tutorconnectph@gmail.com","Tutor Connect PH - QC","Quick question about Tutor Connect PH - QC's tech needs","default","Hello,  I came across Tutor Connect PH - QC and was impressed by what you're building.  I'm Robert James, founder of STRUKKD LABS. We're a full-stack development studio based in the Philippines.  We help businesses like Tutor Connect PH - QC build custom software that saves time and increases revenue.  Would you be open to a quick 15-minute call to discuss how we might help Tutor Connect PH - QC?  I'm happy to build a free prototype to show you what's possible.  Here's what we've been working on: - STRUKKD LABS: https://strukkdlabs.vercel.app/ - My portfolio: https://rj-portfolio-resume.vercel.app/  Totally understand if the timing isn't right. But if you're thinking about improving your digital presence, I'd love to help.  Cheers, Robert James Cabansay Founder, STRUKKD LABS https://strukkdlabs.vercel.app/  --- 📧 rjamscxx@gmail.com 🌐 strukkdlabs.vercel.app 💼 rj-portfolio-resume.vercel.app"
"musicacademyph@gmail.com","Music Academy PH - Manila","Quick question about Music Academy PH - Manila's tech needs","default","Good day,  I came across Music Academy PH - Manila and was impressed by what you're building.  I'm Robert James, founder of STRUKKD LABS. We're a full-stack development studio based in the Philippines.  We've helped similar businesses streamline their operations with custom software solutions.  I'd love to learn more about Music Academy PH - Manila's challenges. Do you have 15 minutes for a quick chat?  I'm happy to build a free prototype to show you what's possible.  Here's what we've been working on: - STRUKKD LABS: https://strukkdlabs.vercel.app/ - My portfolio: https://rj-portfolio-resume.vercel.app/  Totally understand if the timing isn't right. But if you're thinking about improving your digital presence, I'd love to help.  Cheers, Robert James Cabansay Founder, STRUKKD LABS https://strukkdlabs.vercel.app/  --- 📧 rjamscxx@gmail.com 🌐 strukkdlabs.vercel.app 💼 rj-portfolio-resume.vercel.app"
"artschoolph@gmail.com","Art School PH - Pasig","Quick question about Art School PH - Pasig's tech needs","default","Hello,  While researching art school needing class scheduling and student progress tracking businesses, I found Art School PH - Pasig and thought of reaching out.  I'm Robert James, founder of STRUKKD LABS. We're a full-stack development studio based in the Philippines.  Our team specializes in building web apps and systems for companies like Art School PH - Pasig.  I'd love to learn more about Art School PH - Pasig's challenges. Do you have 15 minutes for a quick chat?  I'm happy to build a free prototype to show you what's possible.  Here's what we've been working on: - STRUKKD LABS: https://strukkdlabs.vercel.app/ - My portfolio: https://rj-portfolio-resume.vercel.app/  Totally understand if the timing isn't right. But if you're thinking about improving your digital presence, I'd love to help.  Cheers, Robert James Cabansay Founder, STRUKKD LABS https://strukkdlabs.vercel.app/  --- 📧 rjamscxx@gmail.com 🌐 strukkdlabs.vercel.app 💼 rj-portfolio-resume.vercel.app"
"agritechph@gmail.com","AgriTech PH - Makati","Quick question about AgriTech PH - Makati's tech needs","default","Good day,  I noticed AgriTech PH - Makati in the agritech startup needing farm management and marketplace platform space and wanted to reach out.  I'm Robert James, founder of STRUKKD LABS. We're a full-stack development studio based in the Philippines.  We've helped similar businesses streamline their operations with custom software solutions.  I'd love to learn more about AgriTech PH - Makati's challenges. Do you have 15 minutes for a quick chat?  I'm happy to build a free prototype to show you what's possible.  Here's what we've been working on: - STRUKKD LABS: https://strukkdlabs.vercel.app/ - My portfolio: https://rj-portfolio-resume.vercel.app/  Totally understand if the timing isn't right. But if you're thinking about improving your digital presence, I'd love to help.  Cheers, Robert James Cabansay Founder, STRUKKD LABS https://strukkdlabs.vercel.app/  --- 📧 rjamscxx@gmail.com 🌐 strukkdlabs.vercel.app 💼 rj-portfolio-resume.vercel.app"
"edutechph@gmail.com","EduTech PH - BGC","Quick question about EduTech PH - BGC's tech needs","default","Hello,  I noticed EduTech PH - BGC in the edtech startup needing lms and student engagement platform space and wanted to reach out.  I'm Robert James, founder of STRUKKD LABS. We're a full-stack development studio based in the Philippines.  We've helped similar businesses streamline their operations with custom software solutions.  Would you be open to a quick 15-minute call to discuss how we might help EduTech PH - BGC?  I'm happy to build a free prototype to show you what's possible.  Here's what we've been working on: - STRUKKD LABS: https://strukkdlabs.vercel.app/ - My portfolio: https://rj-portfolio-resume.vercel.app/  Totally understand if the timing isn't right. But if you're thinking about improving your digital presence, I'd love to help.  Cheers, Robert James Cabansay Founder, STRUKKD LABS https://strukkdlabs.vercel.app/  --- 📧 rjamscxx@gmail.com 🌐 strukkdlabs.vercel.app 💼 rj-portfolio-resume.vercel.app"
"fintechph@gmail.com","FinTech PH - QC","Quick question about FinTech PH - QC's tech needs","fintech","Hello,  I noticed FinTech PH - QC in the fintech space and wanted to connect.  I'm Robert James, founder of STRUKKD LABS. We're a full-stack development studio based in the Philippines.  Our team specializes in fintech development with compliance in mind.  Would you be open to a quick call to discuss potential collaboration?  I'm happy to build a free prototype to show you what's possible.  Here's what we've been working on: - STRUKKD LABS: https://strukkdlabs.vercel.app/ - My portfolio: https://rj-portfolio-resume.vercel.app/  Totally understand if the timing isn't right. But if you're thinking about improving your digital presence, I'd love to help.  Cheers, Robert James Cabansay Founder, STRUKKD LABS https://strukkdlabs.vercel.app/  --- 📧 rjamscxx@gmail.com 🌐 strukkdlabs.vercel.app 💼 rj-portfolio-resume.vercel.app"
"healthtechph@gmail.com","HealthTech PH - Manila","Quick question about HealthTech PH - Manila's tech needs","default","Hello,  I came across HealthTech PH - Manila and was impressed by what you're building.  I'm Robert James, founder of STRUKKD LABS. We're a full-stack development studio based in the Philippines.  We've helped similar businesses streamline their operations with custom software solutions.  Would you be open to a quick 15-minute call to discuss how we might help HealthTech PH - Manila?  I'm happy to build a free prototype to show you what's possible.  Here's what we've been working on: - STRUKKD LABS: https://strukkdlabs.vercel.app/ - My portfolio: https://rj-portfolio-resume.vercel.app/  Totally understand if the timing isn't right. But if you're thinking about improving your digital presence, I'd love to help.  Cheers, Robert James Cabansay Founder, STRUKKD LABS https://strukkdlabs.vercel.app/  --- 📧 rjamscxx@gmail.com 🌐 strukkdlabs.vercel.app 💼 rj-portfolio-resume.vercel.app"
"proptechph@gmail.com","PropTech PH - Pasig","Quick question about PropTech PH - Pasig's tech needs","default","Hi there,  I came across PropTech PH - Pasig and was impressed by what you're building.  I'm Robert James, founder of STRUKKD LABS. We're a full-stack development studio based in the Philippines.  We help businesses like PropTech PH - Pasig build custom software that saves time and increases revenue.  Would you be open to a quick 15-minute call to discuss how we might help PropTech PH - Pasig?  I'm happy to build a free prototype to show you what's possible.  Here's what we've been working on: - STRUKKD LABS: https://strukkdlabs.vercel.app/ - My portfolio: https://rj-portfolio-resume.vercel.app/  Totally understand if the timing isn't right. But if you're thinking about improving your digital presence, I'd love to help.  Cheers, Robert James Cabansay Founder, STRUKKD LABS https://strukkdlabs.vercel.app/  --- 📧 rjamscxx@gmail.com 🌐 strukkdlabs.vercel.app 💼 rj-portfolio-resume.vercel.app"
"logitechph@gmail.com","LogiTech PH - Makati","Quick question about LogiTech PH - Makati's tech needs","default","Hi there,  I noticed LogiTech PH - Makati in the logistics tech startup needing fleet management and tracking platform space and wanted to reach out.  I'm Robert James, founder of STRUKKD LABS. We're a full-stack development studio based in the Philippines.  We've helped similar businesses streamline their operations with custom software solutions.  I'd love to learn more about LogiTech PH - Makati's challenges. Do you have 15 minutes for a quick chat?  I'm happy to build a free prototype to show you what's possible.  Here's what we've been working on: - STRUKKD LABS: https://strukkdlabs.vercel.app/ - My portfolio: https://rj-portfolio-resume.vercel.app/  Totally understand if the timing isn't right. But if you're thinking about improving your digital presence, I'd love to help.  Cheers, Robert James Cabansay Founder, STRUKKD LABS https://strukkdlabs.vercel.app/  --- 📧 rjamscxx@gmail.com 🌐 strukkdlabs.vercel.app 💼 rj-portfolio-resume.vercel.app"
"retailtechph@gmail.com","RetailTech PH - BGC","Quick question about RetailTech PH - BGC's tech needs","default","Good day,  I noticed RetailTech PH - BGC in the retail tech startup needing pos and inventory management platform space and wanted to reach out.  I'm Robert James, founder of STRUKKD LABS. We're a full-stack development studio based in the Philippines.  We've helped similar businesses streamline their operations with custom software solutions.  I'd love to learn more about RetailTech PH - BGC's challenges. Do you have 15 minutes for a quick chat?  I'm happy to build a free prototype to show you what's possible.  Here's what we've been working on: - STRUKKD LABS: https://strukkdlabs.vercel.app/ - My portfolio: https://rj-portfolio-resume.vercel.app/  Totally understand if the timing isn't right. But if you're thinking about improving your digital presence, I'd love to help.  Cheers, Robert James Cabansay Founder, STRUKKD LABS https://strukkdlabs.vercel.app/  --- 📧 rjamscxx@gmail.com 🌐 strukkdlabs.vercel.app 💼 rj-portfolio-resume.vercel.app"
"traveltechph@gmail.com","TravelTech PH - QC","Quick question about TravelTech PH - QC's tech needs","default","Hi there,  I noticed TravelTech PH - QC in the travel tech startup needing booking and itinerary platform space and wanted to reach out.  I'm Robert James, founder of STRUKKD LABS. We're a full-stack development studio based in the Philippines.  Our team specializes in building web apps and systems for companies like TravelTech PH - QC.  I'd love to learn more about TravelTech PH - QC's challenges. Do you have 15 minutes for a quick chat?  I'm happy to build a free prototype to show you what's possible.  Here's what we've been working on: - STRUKKD LABS: https://strukkdlabs.vercel.app/ - My portfolio: https://rj-portfolio-resume.vercel.app/  Totally understand if the timing isn't right. But if you're thinking about improving your digital presence, I'd love to help.  Cheers, Robert James Cabansay Founder, STRUKKD LABS https://strukkdlabs.vercel.app/  --- 📧 rjamscxx@gmail.com 🌐 strukkdlabs.vercel.app 💼 rj-portfolio-resume.vercel.app"
"medtechph@gmail.com","MedTech PH - Manila","Quick question about MedTech PH - Manila's tech needs","default","Hi there,  I noticed MedTech PH - Manila in the medtech startup needing medical device management and patient platform space and wanted to reach out.  I'm Robert James, founder of STRUKKD LABS. We're a full-stack development studio based in the Philippines.  We help businesses like MedTech PH - Manila build custom software that saves time and increases revenue.  Would you be open to a quick 15-minute call to discuss how we might help MedTech PH - Manila?  I'm happy to build a free prototype to show you what's possible.  Here's what we've been working on: - STRUKKD LABS: https://strukkdlabs.vercel.app/ - My portfolio: https://rj-portfolio-resume.vercel.app/  Totally understand if the timing isn't right. But if you're thinking about improving your digital presence, I'd love to help.  Cheers, Robert James Cabansay Founder, STRUKKD LABS https://strukkdlabs.vercel.app/  --- 📧 rjamscxx@gmail.com 🌐 strukkdlabs.vercel.app 💼 rj-portfolio-resume.vercel.app"
"hrtechph@gmail.com","HR Tech PH - Pasig","Quick question about HR Tech PH - Pasig's tech needs","default","Hi there,  I noticed HR Tech PH - Pasig in the hr tech startup needing recruitment and employee management platform space and wanted to reach out.  I'm Robert James, founder of STRUKKD LABS. We're a full-stack development studio based in the Philippines.  We help businesses like HR Tech PH - Pasig build custom software that saves time and increases revenue.  I'd love to learn more about HR Tech PH - Pasig's challenges. Do you have 15 minutes for a quick chat?  I'm happy to build a free prototype to show you what's possible.  Here's what we've been working on: - STRUKKD LABS: https://strukkdlabs.vercel.app/ - My portfolio: https://rj-portfolio-resume.vercel.app/  Totally understand if the timing isn't right. But if you're thinking about improving your digital presence, I'd love to help.  Cheers, Robert James Cabansay Founder, STRUKKD LABS https://strukkdlabs.vercel.app/  --- 📧 rjamscxx@gmail.com 🌐 strukkdlabs.vercel.app 💼 rj-portfolio-resume.vercel.app"
"coworkhubmakati@gmail.com","CoWork Hub Makati","Quick question about CoWork Hub Makati's tech needs","default","Hi there,  I noticed CoWork Hub Makati in the co-working space needing member management and room booking space and wanted to reach out.  I'm Robert James, founder of STRUKKD LABS. We're a full-stack development studio based in the Philippines.  We've helped similar businesses streamline their operations with custom software solutions.  I'd love to learn more about CoWork Hub Makati's challenges. Do you have 15 minutes for a quick chat?  I'm happy to build a free prototype to show you what's possible.  Here's what we've been working on: - STRUKKD LABS: https://strukkdlabs.vercel.app/ - My portfolio: https://rj-portfolio-resume.vercel.app/  Totally understand if the timing isn't right. But if you're thinking about improving your digital presence, I'd love to help.  Cheers, Robert James Cabansay Founder, STRUKKD LABS https://strukkdlabs.vercel.app/  --- 📧 rjamscxx@gmail.com 🌐 strukkdlabs.vercel.app 💼 rj-portfolio-resume.vercel.app"
"workspacebgc@gmail.com","WorkSpace BGC","Quick question about WorkSpace BGC's tech needs","default","Hi there,  I came across WorkSpace BGC and was impressed by what you're building.  I'm Robert James, founder of STRUKKD LABS. We're a full-stack development studio based in the Philippines.  We help businesses like WorkSpace BGC build custom software that saves time and increases revenue.  Would you be open to a quick 15-minute call to discuss how we might help WorkSpace BGC?  I'm happy to build a free prototype to show you what's possible.  Here's what we've been working on: - STRUKKD LABS: https://strukkdlabs.vercel.app/ - My portfolio: https://rj-portfolio-resume.vercel.app/  Totally understand if the timing isn't right. But if you're thinking about improving your digital presence, I'd love to help.  Cheers, Robert James Cabansay Founder, STRUKKD LABS https://strukkdlabs.vercel.app/  --- 📧 rjamscxx@gmail.com 🌐 strukkdlabs.vercel.app 💼 rj-portfolio-resume.vercel.app"
"officehubqc@gmail.com","OfficeHub QC","Quick question about OfficeHub QC's tech needs","default","Hello,  I came across OfficeHub QC and was impressed by what you're building.  I'm Robert James, founder of STRUKKD LABS. We're a full-stack development studio based in the Philippines.  We help businesses like OfficeHub QC build custom software that saves time and increases revenue.  Would you be open to a quick 15-minute call to discuss how we might help OfficeHub QC?  I'm happy to build a free prototype to show you what's possible.  Here's what we've been working on: - STRUKKD LABS: https://strukkdlabs.vercel.app/ - My portfolio: https://rj-portfolio-resume.vercel.app/  Totally understand if the timing isn't right. But if you're thinking about improving your digital presence, I'd love to help.  Cheers, Robert James Cabansay Founder, STRUKKD LABS https://strukkdlabs.vercel.app/  --- 📧 rjamscxx@gmail.com 🌐 strukkdlabs.vercel.app 💼 rj-portfolio-resume.vercel.app"
"creativespacemanila@gmail.com","Creative Space Manila","Quick question about Creative Space Manila's tech needs","default","Hi there,  While researching creative co-working needing member management and studio booking businesses, I found Creative Space Manila and thought of reaching out.  I'm Robert James, founder of STRUKKD LABS. We're a full-stack development studio based in the Philippines.  We've helped similar businesses streamline their operations with custom software solutions.  Would you be open to a quick 15-minute call to discuss how we might help Creative Space Manila?  I'm happy to build a free prototype to show you what's possible.  Here's what we've been working on: - STRUKKD LABS: https://strukkdlabs.vercel.app/ - My portfolio: https://rj-portfolio-resume.vercel.app/  Totally understand if the timing isn't right. But if you're thinking about improving your digital presence, I'd love to help.  Cheers, Robert James Cabansay Founder, STRUKKD LABS https://strukkdlabs.vercel.app/  --- 📧 rjamscxx@gmail.com 🌐 strukkdlabs.vercel.app 💼 rj-portfolio-resume.vercel.app"
"startuphubpasig@gmail.com","Startup Hub Pasig","Quick question about Startup Hub Pasig's tech needs","default","Good day,  I noticed Startup Hub Pasig in the startup hub needing member management and event management space and wanted to reach out.  I'm Robert James, founder of STRUKKD LABS. We're a full-stack development studio based in the Philippines.  We've helped similar businesses streamline their operations with custom software solutions.  Would you be open to a quick 15-minute call to discuss how we might help Startup Hub Pasig?  I'm happy to build a free prototype to show you what's possible.  Here's what we've been working on: - STRUKKD LABS: https://strukkdlabs.vercel.app/ - My portfolio: https://rj-portfolio-resume.vercel.app/  Totally understand if the timing isn't right. But if you're thinking about improving your digital presence, I'd love to help.  Cheers, Robert James Cabansay Founder, STRUKKD LABS https://strukkdlabs.vercel.app/  --- 📧 rjamscxx@gmail.com 🌐 strukkdlabs.vercel.app 💼 rj-portfolio-resume.vercel.app"
"pawsandclaws@gmail.com","Paws & Claws - Makati","Quick question about Paws & Claws - Makati's tech needs","default","Good day,  While researching pet grooming service needing appointment booking and crm businesses, I found Paws & Claws - Makati and thought of reaching out.  I'm Robert James, founder of STRUKKD LABS. We're a full-stack development studio based in the Philippines.  We help businesses like Paws & Claws - Makati build custom software that saves time and increases revenue.  Would you be open to a quick 15-minute call to discuss how we might help Paws & Claws - Makati?  I'm happy to build a free prototype to show you what's possible.  Here's what we've been working on: - STRUKKD LABS: https://strukkdlabs.vercel.app/ - My portfolio: https://rj-portfolio-resume.vercel.app/  Totally understand if the timing isn't right. But if you're thinking about improving your digital presence, I'd love to help.  Cheers, Robert James Cabansay Founder, STRUKKD LABS https://strukkdlabs.vercel.app/  --- 📧 rjamscxx@gmail.com 🌐 strukkdlabs.vercel.app 💼 rj-portfolio-resume.vercel.app"
"furbabyhotel@gmail.com","Fur Baby Hotel - BGC","Quick question about Fur Baby Hotel - BGC's tech needs","default","Hello,  I noticed Fur Baby Hotel - BGC in the pet hotel needing reservation system and pet care tracking space and wanted to reach out.  I'm Robert James, founder of STRUKKD LABS. We're a full-stack development studio based in the Philippines.  We help businesses like Fur Baby Hotel - BGC build custom software that saves time and increases revenue.  I'd love to learn more about Fur Baby Hotel - BGC's challenges. Do you have 15 minutes for a quick chat?  I'm happy to build a free prototype to show you what's possible.  Here's what we've been working on: - STRUKKD LABS: https://strukkdlabs.vercel.app/ - My portfolio: https://rj-portfolio-resume.vercel.app/  Totally understand if the timing isn't right. But if you're thinking about improving your digital presence, I'd love to help.  Cheers, Robert James Cabansay Founder, STRUKKD LABS https://strukkdlabs.vercel.app/  --- 📧 rjamscxx@gmail.com 🌐 strukkdlabs.vercel.app 💼 rj-portfolio-resume.vercel.app"
"petcareclinic@gmail.com","Pet Care Clinic - QC","Quick question about Pet Care Clinic - QC's tech needs","default","Hi there,  I noticed Pet Care Clinic - QC in the veterinary clinic needing appointment booking and pet records space and wanted to reach out.  I'm Robert James, founder of STRUKKD LABS. We're a full-stack development studio based in the Philippines.  We help businesses like Pet Care Clinic - QC build custom software that saves time and increases revenue.  Would you be open to a quick 15-minute call to discuss how we might help Pet Care Clinic - QC?  I'm happy to build a free prototype to show you what's possible.  Here's what we've been working on: - STRUKKD LABS: https://strukkdlabs.vercel.app/ - My portfolio: https://rj-portfolio-resume.vercel.app/  Totally understand if the timing isn't right. But if you're thinking about improving your digital presence, I'd love to help.  Cheers, Robert James Cabansay Founder, STRUKKD LABS https://strukkdlabs.vercel.app/  --- 📧 rjamscxx@gmail.com 🌐 strukkdlabs.vercel.app 💼 rj-portfolio-resume.vercel.app"
"dogparkmanila@gmail.com","Dog Park Manila","Quick question about Dog Park Manila's tech needs","default","Hi there,  While researching dog park needing membership and event booking businesses, I found Dog Park Manila and thought of reaching out.  I'm Robert James, founder of STRUKKD LABS. We're a full-stack development studio based in the Philippines.  We help businesses like Dog Park Manila build custom software that saves time and increases revenue.  Would you be open to a quick 15-minute call to discuss how we might help Dog Park Manila?  I'm happy to build a free prototype to show you what's possible.  Here's what we've been working on: - STRUKKD LABS: https://strukkdlabs.vercel.app/ - My portfolio: https://rj-portfolio-resume.vercel.app/  Totally understand if the timing isn't right. But if you're thinking about improving your digital presence, I'd love to help.  Cheers, Robert James Cabansay Founder, STRUKKD LABS https://strukkdlabs.vercel.app/  --- 📧 rjamscxx@gmail.com 🌐 strukkdlabs.vercel.app 💼 rj-portfolio-resume.vercel.app"
"catcafeph@gmail.com","Cat Cafe PH - Pasig","Quick question about Cat Cafe PH - Pasig's tech needs","cafe","Hello,  I came across Cat Cafe PH - Pasig and thought of ways we could help with your digital presence.  I'm Robert James, founder of STRUKKD LABS. We're a full-stack development studio based in the Philippines.  We help cafes build loyalty programs and mobile ordering apps.  Would you be interested in a free consultation to explore how we can help Cat Cafe PH - Pasig?  I'm happy to build a free prototype to show you what's possible.  Here's what we've been working on: - STRUKKD LABS: https://strukkdlabs.vercel.app/ - My portfolio: https://rj-portfolio-resume.vercel.app/  Totally understand if the timing isn't right. But if you're thinking about improving your digital presence, I'd love to help.  Cheers, Robert James Cabansay Founder, STRUKKD LABS https://strukkdlabs.vercel.app/  --- 📧 rjamscxx@gmail.com 🌐 strukkdlabs.vercel.app 💼 rj-portfolio-resume.vercel.app"
"cleanproph@gmail.com","CleanPro PH - Makati","Quick question about CleanPro PH - Makati's tech needs","default","Hi there,  While researching cleaning service needing booking and scheduling system businesses, I found CleanPro PH - Makati and thought of reaching out.  I'm Robert James, founder of STRUKKD LABS. We're a full-stack development studio based in the Philippines.  Our team specializes in building web apps and systems for companies like CleanPro PH - Makati.  I'd love to learn more about CleanPro PH - Makati's challenges. Do you have 15 minutes for a quick chat?  I'm happy to build a free prototype to show you what's possible.  Here's what we've been working on: - STRUKKD LABS: https://strukkdlabs.vercel.app/ - My portfolio: https://rj-portfolio-resume.vercel.app/  Totally understand if the timing isn't right. But if you're thinking about improving your digital presence, I'd love to help.  Cheers, Robert James Cabansay Founder, STRUKKD LABS https://strukkdlabs.vercel.app/  --- 📧 rjamscxx@gmail.com 🌐 strukkdlabs.vercel.app 💼 rj-portfolio-resume.vercel.app"
"fixitph@gmail.com","FixIt PH - BGC","Quick question about FixIt PH - BGC's tech needs","default","Good day,  I came across FixIt PH - BGC and was impressed by what you're building.  I'm Robert James, founder of STRUKKD LABS. We're a full-stack development studio based in the Philippines.  We help businesses like FixIt PH - BGC build custom software that saves time and increases revenue.  I'd love to learn more about FixIt PH - BGC's challenges. Do you have 15 minutes for a quick chat?  I'm happy to build a free prototype to show you what's possible.  Here's what we've been working on: - STRUKKD LABS: https://strukkdlabs.vercel.app/ - My portfolio: https://rj-portfolio-resume.vercel.app/  Totally understand if the timing isn't right. But if you're thinking about improving your digital presence, I'd love to help.  Cheers, Robert James Cabansay Founder, STRUKKD LABS https://strukkdlabs.vercel.app/  --- 📧 rjamscxx@gmail.com 🌐 strukkdlabs.vercel.app 💼 rj-portfolio-resume.vercel.app"
"gardencareph@gmail.com","Garden Care PH - QC","Quick question about Garden Care PH - QC's tech needs","default","Good day,  I noticed Garden Care PH - QC in the gardening service needing booking and maintenance scheduling space and wanted to reach out.  I'm Robert James, founder of STRUKKD LABS. We're a full-stack development studio based in the Philippines.  We help businesses like Garden Care PH - QC build custom software that saves time and increases revenue.  Would you be open to a quick 15-minute call to discuss how we might help Garden Care PH - QC?  I'm happy to build a free prototype to show you what's possible.  Here's what we've been working on: - STRUKKD LABS: https://strukkdlabs.vercel.app/ - My portfolio: https://rj-portfolio-resume.vercel.app/  Totally understand if the timing isn't right. But if you're thinking about improving your digital presence, I'd love to help.  Cheers, Robert James Cabansay Founder, STRUKKD LABS https://strukkdlabs.vercel.app/  --- 📧 rjamscxx@gmail.com 🌐 strukkdlabs.vercel.app 💼 rj-portfolio-resume.vercel.app"
"plumbingproph@gmail.com","Plumbing Pro PH - Manila","Quick question about Plumbing Pro PH - Manila's tech needs","default","Hello,  I came across Plumbing Pro PH - Manila and was impressed by what you're building.  I'm Robert James, founder of STRUKKD LABS. We're a full-stack development studio based in the Philippines.  We've helped similar businesses streamline their operations with custom software solutions.  Would you be open to a quick 15-minute call to discuss how we might help Plumbing Pro PH - Manila?  I'm happy to build a free prototype to show you what's possible.  Here's what we've been working on: - STRUKKD LABS: https://strukkdlabs.vercel.app/ - My portfolio: https://rj-portfolio-resume.vercel.app/  Totally understand if the timing isn't right. But if you're thinking about improving your digital presence, I'd love to help.  Cheers, Robert James Cabansay Founder, STRUKKD LABS https://strukkdlabs.vercel.app/  --- 📧 rjamscxx@gmail.com 🌐 strukkdlabs.vercel.app 💼 rj-portfolio-resume.vercel.app"
"electricalworksph@gmail.com","Electrical Works PH - Pasig","Quick question about Electrical Works PH - Pasig's tech needs","default","Hi there,  While researching electrical service needing booking and job management businesses, I found Electrical Works PH - Pasig and thought of reaching out.  I'm Robert James, founder of STRUKKD LABS. We're a full-stack development studio based in the Philippines.  We help businesses like Electrical Works PH - Pasig build custom software that saves time and increases revenue.  I'd love to learn more about Electrical Works PH - Pasig's challenges. Do you have 15 minutes for a quick chat?  I'm happy to build a free prototype to show you what's possible.  Here's what we've been working on: - STRUKKD LABS: https://strukkdlabs.vercel.app/ - My portfolio: https://rj-portfolio-resume.vercel.app/  Totally understand if the timing isn't right. But if you're thinking about improving your digital presence, I'd love to help.  Cheers, Robert James Cabansay Founder, STRUKKD LABS https://strukkdlabs.vercel.app/  --- 📧 rjamscxx@gmail.com 🌐 strukkdlabs.vercel.app 💼 rj-portfolio-resume.vercel.app"
"paintingproph@gmail.com","Painting Pro PH - Makati","Quick question about Painting Pro PH - Makati's tech needs","default","Hello,  I came across Painting Pro PH - Makati and was impressed by what you're building.  I'm Robert James, founder of STRUKKD LABS. We're a full-stack development studio based in the Philippines.  We help businesses like Painting Pro PH - Makati build custom software that saves time and increases revenue.  I'd love to learn more about Painting Pro PH - Makati's challenges. Do you have 15 minutes for a quick chat?  I'm happy to build a free prototype to show you what's possible.  Here's what we've been working on: - STRUKKD LABS: https://strukkdlabs.vercel.app/ - My portfolio: https://rj-portfolio-resume.vercel.app/  Totally understand if the timing isn't right. But if you're thinking about improving your digital presence, I'd love to help.  Cheers, Robert James Cabansay Founder, STRUKKD LABS https://strukkdlabs.vercel.app/  --- 📧 rjamscxx@gmail.com 🌐 strukkdlabs.vercel.app 💼 rj-portfolio-resume.vercel.app"
"acrepairph@gmail.com","AC Repair PH - BGC","Quick question about AC Repair PH - BGC's tech needs","default","Hi there,  I noticed AC Repair PH - BGC in the ac repair service needing booking and maintenance tracking space and wanted to reach out.  I'm Robert James, founder of STRUKKD LABS. We're a full-stack development studio based in the Philippines.  We help businesses like AC Repair PH - BGC build custom software that saves time and increases revenue.  Would you be open to a quick 15-minute call to discuss how we might help AC Repair PH - BGC?  I'm happy to build a free prototype to show you what's possible.  Here's what we've been working on: - STRUKKD LABS: https://strukkdlabs.vercel.app/ - My portfolio: https://rj-portfolio-resume.vercel.app/  Totally understand if the timing isn't right. But if you're thinking about improving your digital presence, I'd love to help.  Cheers, Robert James Cabansay Founder, STRUKKD LABS https://strukkdlabs.vercel.app/  --- 📧 rjamscxx@gmail.com 🌐 strukkdlabs.vercel.app 💼 rj-portfolio-resume.vercel.app"
"pestcontrolph@gmail.com","Pest Control PH - QC","Quick question about Pest Control PH - QC's tech needs","default","Hi there,  While researching pest control service needing booking and treatment tracking businesses, I found Pest Control PH - QC and thought of reaching out.  I'm Robert James, founder of STRUKKD LABS. We're a full-stack development studio based in the Philippines.  We've helped similar businesses streamline their operations with custom software solutions.  Would you be open to a quick 15-minute call to discuss how we might help Pest Control PH - QC?  I'm happy to build a free prototype to show you what's possible.  Here's what we've been working on: - STRUKKD LABS: https://strukkdlabs.vercel.app/ - My portfolio: https://rj-portfolio-resume.vercel.app/  Totally understand if the timing isn't right. But if you're thinking about improving your digital presence, I'd love to help.  Cheers, Robert James Cabansay Founder, STRUKKD LABS https://strukkdlabs.vercel.app/  --- 📧 rjamscxx@gmail.com 🌐 strukkdlabs.vercel.app 💼 rj-portfolio-resume.vercel.app"
"movingserviceph@gmail.com","Moving Service PH - Manila","Quick question about Moving Service PH - Manila's tech needs","default","Good day,  I noticed Moving Service PH - Manila in the moving service needing booking and inventory tracking space and wanted to reach out.  I'm Robert James, founder of STRUKKD LABS. We're a full-stack development studio based in the Philippines.  We've helped similar businesses streamline their operations with custom software solutions.  I'd love to learn more about Moving Service PH - Manila's challenges. Do you have 15 minutes for a quick chat?  I'm happy to build a free prototype to show you what's possible.  Here's what we've been working on: - STRUKKD LABS: https://strukkdlabs.vercel.app/ - My portfolio: https://rj-portfolio-resume.vercel.app/  Totally understand if the timing isn't right. But if you're thinking about improving your digital presence, I'd love to help.  Cheers, Robert James Cabansay Founder, STRUKKD LABS https://strukkdlabs.vercel.app/  --- 📧 rjamscxx@gmail.com 🌐 strukkdlabs.vercel.app 💼 rj-portfolio-resume.vercel.app"
"locksmithph@gmail.com","Locksmith PH - Pasig","Quick question about Locksmith PH - Pasig's tech needs","default","Good day,  I came across Locksmith PH - Pasig and was impressed by what you're building.  I'm Robert James, founder of STRUKKD LABS. We're a full-stack development studio based in the Philippines.  We've helped similar businesses streamline their operations with custom software solutions.  Would you be open to a quick 15-minute call to discuss how we might help Locksmith PH - Pasig?  I'm happy to build a free prototype to show you what's possible.  Here's what we've been working on: - STRUKKD LABS: https://strukkdlabs.vercel.app/ - My portfolio: https://rj-portfolio-resume.vercel.app/  Totally understand if the timing isn't right. But if you're thinking about improving your digital presence, I'd love to help.  Cheers, Robert James Cabansay Founder, STRUKKD LABS https://strukkdlabs.vercel.app/  --- 📧 rjamscxx@gmail.com 🌐 strukkdlabs.vercel.app 💼 rj-portfolio-resume.vercel.app"
"dreamweddingsph@gmail.com","Dream Weddings PH - Makati","Quick question about Dream Weddings PH - Makati's tech needs","default","Hello,  While researching wedding planning service needing client portal and vendor management businesses, I found Dream Weddings PH - Makati and thought of reaching out.  I'm Robert James, founder of STRUKKD LABS. We're a full-stack development studio based in the Philippines.  We help businesses like Dream Weddings PH - Makati build custom software that saves time and increases revenue.  Would you be open to a quick 15-minute call to discuss how we might help Dream Weddings PH - Makati?  I'm happy to build a free prototype to show you what's possible.  Here's what we've been working on: - STRUKKD LABS: https://strukkdlabs.vercel.app/ - My portfolio: https://rj-portfolio-resume.vercel.app/  Totally understand if the timing isn't right. But if you're thinking about improving your digital presence, I'd love to help.  Cheers, Robert James Cabansay Founder, STRUKKD LABS https://strukkdlabs.vercel.app/  --- 📧 rjamscxx@gmail.com 🌐 strukkdlabs.vercel.app 💼 rj-portfolio-resume.vercel.app"
"partyperfectph@gmail.com","Party Perfect PH - BGC","Quick question about Party Perfect PH - BGC's tech needs","default","Good day,  I came across Party Perfect PH - BGC and was impressed by what you're building.  I'm Robert James, founder of STRUKKD LABS. We're a full-stack development studio based in the Philippines.  Our team specializes in building web apps and systems for companies like Party Perfect PH - BGC.  Would you be open to a quick 15-minute call to discuss how we might help Party Perfect PH - BGC?  I'm happy to build a free prototype to show you what's possible.  Here's what we've been working on: - STRUKKD LABS: https://strukkdlabs.vercel.app/ - My portfolio: https://rj-portfolio-resume.vercel.app/  Totally understand if the timing isn't right. But if you're thinking about improving your digital presence, I'd love to help.  Cheers, Robert James Cabansay Founder, STRUKKD LABS https://strukkdlabs.vercel.app/  --- 📧 rjamscxx@gmail.com 🌐 strukkdlabs.vercel.app 💼 rj-portfolio-resume.vercel.app"
"corporateeventsph@gmail.com","Corporate Events PH - QC","Quick question about Corporate Events PH - QC's tech needs","default","Hello,  I noticed Corporate Events PH - QC in the corporate event planning needing client portal and venue booking space and wanted to reach out.  I'm Robert James, founder of STRUKKD LABS. We're a full-stack development studio based in the Philippines.  We help businesses like Corporate Events PH - QC build custom software that saves time and increases revenue.  I'd love to learn more about Corporate Events PH - QC's challenges. Do you have 15 minutes for a quick chat?  I'm happy to build a free prototype to show you what's possible.  Here's what we've been working on: - STRUKKD LABS: https://strukkdlabs.vercel.app/ - My portfolio: https://rj-portfolio-resume.vercel.app/  Totally understand if the timing isn't right. But if you're thinking about improving your digital presence, I'd love to help.  Cheers, Robert James Cabansay Founder, STRUKKD LABS https://strukkdlabs.vercel.app/  --- 📧 rjamscxx@gmail.com 🌐 strukkdlabs.vercel.app 💼 rj-portfolio-resume.vercel.app"
"flowerarrangementsph@gmail.com","Flower Arrangements PH - Manila","Quick question about Flower Arrangements PH - Manila's tech needs","default","Good day,  While researching flower shop needing e-commerce and event delivery booking businesses, I found Flower Arrangements PH - Manila and thought of reaching out.  I'm Robert James, founder of STRUKKD LABS. We're a full-stack development studio based in the Philippines.  Our team specializes in building web apps and systems for companies like Flower Arrangements PH - Manila.  Would you be open to a quick 15-minute call to discuss how we might help Flower Arrangements PH - Manila?  I'm happy to build a free prototype to show you what's possible.  Here's what we've been working on: - STRUKKD LABS: https://strukkdlabs.vercel.app/ - My portfolio: https://rj-portfolio-resume.vercel.app/  Totally understand if the timing isn't right. But if you're thinking about improving your digital presence, I'd love to help.  Cheers, Robert James Cabansay Founder, STRUKKD LABS https://strukkdlabs.vercel.app/  --- 📧 rjamscxx@gmail.com 🌐 strukkdlabs.vercel.app 💼 rj-portfolio-resume.vercel.app"
"photoboothph@gmail.com","Photo Booth PH - Pasig","Quick question about Photo Booth PH - Pasig's tech needs","default","Good day,  I came across Photo Booth PH - Pasig and was impressed by what you're building.  I'm Robert James, founder of STRUKKD LABS. We're a full-stack development studio based in the Philippines.  Our team specializes in building web apps and systems for companies like Photo Booth PH - Pasig.  Would you be open to a quick 15-minute call to discuss how we might help Photo Booth PH - Pasig?  I'm happy to build a free prototype to show you what's possible.  Here's what we've been working on: - STRUKKD LABS: https://strukkdlabs.vercel.app/ - My portfolio: https://rj-portfolio-resume.vercel.app/  Totally understand if the timing isn't right. But if you're thinking about improving your digital presence, I'd love to help.  Cheers, Robert James Cabansay Founder, STRUKKD LABS https://strukkdlabs.vercel.app/  --- 📧 rjamscxx@gmail.com 🌐 strukkdlabs.vercel.app 💼 rj-portfolio-resume.vercel.app"
"cateringqueenph@gmail.com","Catering Queen PH - Makati","Quick question about Catering Queen PH - Makati's tech needs","default","Hello,  While researching catering service needing menu showcase and event booking businesses, I found Catering Queen PH - Makati and thought of reaching out.  I'm Robert James, founder of STRUKKD LABS. We're a full-stack development studio based in the Philippines.  We've helped similar businesses streamline their operations with custom software solutions.  I'd love to learn more about Catering Queen PH - Makati's challenges. Do you have 15 minutes for a quick chat?  I'm happy to build a free prototype to show you what's possible.  Here's what we've been working on: - STRUKKD LABS: https://strukkdlabs.vercel.app/ - My portfolio: https://rj-portfolio-resume.vercel.app/  Totally understand if the timing isn't right. But if you're thinking about improving your digital presence, I'd love to help.  Cheers, Robert James Cabansay Founder, STRUKKD LABS https://strukkdlabs.vercel.app/  --- 📧 rjamscxx@gmail.com 🌐 strukkdlabs.vercel.app 💼 rj-portfolio-resume.vercel.app"
"soundandlightsph@gmail.com","Sound & Lights PH - BGC","Quick question about Sound & Lights PH - BGC's tech needs","default","Hello,  While researching event av rental needing booking and equipment tracking businesses, I found Sound & Lights PH - BGC and thought of reaching out.  I'm Robert James, founder of STRUKKD LABS. We're a full-stack development studio based in the Philippines.  Our team specializes in building web apps and systems for companies like Sound & Lights PH - BGC.  Would you be open to a quick 15-minute call to discuss how we might help Sound & Lights PH - BGC?  I'm happy to build a free prototype to show you what's possible.  Here's what we've been working on: - STRUKKD LABS: https://strukkdlabs.vercel.app/ - My portfolio: https://rj-portfolio-resume.vercel.app/  Totally understand if the timing isn't right. But if you're thinking about improving your digital presence, I'd love to help.  Cheers, Robert James Cabansay Founder, STRUKKD LABS https://strukkdlabs.vercel.app/  --- 📧 rjamscxx@gmail.com 🌐 strukkdlabs.vercel.app 💼 rj-portfolio-resume.vercel.app"
"stagedesignph@gmail.com","Stage Design PH - QC","Quick question about Stage Design PH - QC's tech needs","default","Hello,  While researching stage design company needing portfolio website and booking businesses, I found Stage Design PH - QC and thought of reaching out.  I'm Robert James, founder of STRUKKD LABS. We're a full-stack development studio based in the Philippines.  We've helped similar businesses streamline their operations with custom software solutions.  Would you be open to a quick 15-minute call to discuss how we might help Stage Design PH - QC?  I'm happy to build a free prototype to show you what's possible.  Here's what we've been working on: - STRUKKD LABS: https://strukkdlabs.vercel.app/ - My portfolio: https://rj-portfolio-resume.vercel.app/  Totally understand if the timing isn't right. But if you're thinking about improving your digital presence, I'd love to help.  Cheers, Robert James Cabansay Founder, STRUKKD LABS https://strukkdlabs.vercel.app/  --- 📧 rjamscxx@gmail.com 🌐 strukkdlabs.vercel.app 💼 rj-portfolio-resume.vercel.app"
"eventcateringmanila@gmail.com","Event Catering Manila","Quick question about Event Catering Manila's tech needs","default","Good day,  I came across Event Catering Manila and was impressed by what you're building.  I'm Robert James, founder of STRUKKD LABS. We're a full-stack development studio based in the Philippines.  Our team specializes in building web apps and systems for companies like Event Catering Manila.  Would you be open to a quick 15-minute call to discuss how we might help Event Catering Manila?  I'm happy to build a free prototype to show you what's possible.  Here's what we've been working on: - STRUKKD LABS: https://strukkdlabs.vercel.app/ - My portfolio: https://rj-portfolio-resume.vercel.app/  Totally understand if the timing isn't right. But if you're thinking about improving your digital presence, I'd love to help.  Cheers, Robert James Cabansay Founder, STRUKKD LABS https://strukkdlabs.vercel.app/  --- 📧 rjamscxx@gmail.com 🌐 strukkdlabs.vercel.app 💼 rj-portfolio-resume.vercel.app"
"weddingflowersph@gmail.com","Wedding Flowers PH - Pasig","Quick question about Wedding Flowers PH - Pasig's tech needs","default","Hello,  While researching wedding florist needing portfolio website and booking system businesses, I found Wedding Flowers PH - Pasig and thought of reaching out.  I'm Robert James, founder of STRUKKD LABS. We're a full-stack development studio based in the Philippines.  We help businesses like Wedding Flowers PH - Pasig build custom software that saves time and increases revenue.  Would you be open to a quick 15-minute call to discuss how we might help Wedding Flowers PH - Pasig?  I'm happy to build a free prototype to show you what's possible.  Here's what we've been working on: - STRUKKD LABS: https://strukkdlabs.vercel.app/ - My portfolio: https://rj-portfolio-resume.vercel.app/  Totally understand if the timing isn't right. But if you're thinking about improving your digital presence, I'd love to help.  Cheers, Robert James Cabansay Founder, STRUKKD LABS https://strukkdlabs.vercel.app/  --- 📧 rjamscxx@gmail.com 🌐 strukkdlabs.vercel.app 💼 rj-portfolio-resume.vercel.app"
"fiestacatering@gmail.com","Fiesta Catering - Makati","Quick question about Fiesta Catering - Makati's tech needs","default","Hi there,  While researching fiesta catering needing online menu and event booking businesses, I found Fiesta Catering - Makati and thought of reaching out.  I'm Robert James, founder of STRUKKD LABS. We're a full-stack development studio based in the Philippines.  We help businesses like Fiesta Catering - Makati build custom software that saves time and increases revenue.  I'd love to learn more about Fiesta Catering - Makati's challenges. Do you have 15 minutes for a quick chat?  I'm happy to build a free prototype to show you what's possible.  Here's what we've been working on: - STRUKKD LABS: https://strukkdlabs.vercel.app/ - My portfolio: https://rj-portfolio-resume.vercel.app/  Totally understand if the timing isn't right. But if you're thinking about improving your digital presence, I'd love to help.  Cheers, Robert James Cabansay Founder, STRUKKD LABS https://strukkdlabs.vercel.app/  --- 📧 rjamscxx@gmail.com 🌐 strukkdlabs.vercel.app 💼 rj-portfolio-resume.vercel.app"
"traditionalfilipinokitchen@gmail.com","Traditional Filipino Kitchen - BGC","Quick question about Traditional Filipino Kitchen - BGC's tech needs","restaurant","Hello,  I've heard great things about Traditional Filipino Kitchen - BGC and wanted to reach out.  I'm Robert James, founder of STRUKKD LABS. We're a full-stack development studio based in the Philippines.  We've helped similar restaurants streamline their operations with custom software.  Would you be open to a quick 15-minute call to discuss how we might help Traditional Filipino Kitchen - BGC?  I'm happy to build a free prototype to show you what's possible.  Here's what we've been working on: - STRUKKD LABS: https://strukkdlabs.vercel.app/ - My portfolio: https://rj-portfolio-resume.vercel.app/  Totally understand if the timing isn't right. But if you're thinking about improving your digital presence, I'd love to help.  Cheers, Robert James Cabansay Founder, STRUKKD LABS https://strukkdlabs.vercel.app/  --- 📧 rjamscxx@gmail.com 🌐 strukkdlabs.vercel.app 💼 rj-portfolio-resume.vercel.app"
"kwekkwekstation@gmail.com","Kwek-Kwek Station - QC","Quick question about Kwek-Kwek Station - QC's tech needs","restaurant","Hi there,  I've heard great things about Kwek-Kwek Station - QC and wanted to reach out.  I'm Robert James, founder of STRUKKD LABS. We're a full-stack development studio based in the Philippines.  We help restaurants like Kwek-Kwek Station - QC build online ordering systems that increase sales by 30%.  Would you be open to a quick 15-minute call to discuss how we might help Kwek-Kwek Station - QC?  I'm happy to build a free prototype to show you what's possible.  Here's what we've been working on: - STRUKKD LABS: https://strukkdlabs.vercel.app/ - My portfolio: https://rj-portfolio-resume.vercel.app/  Totally understand if the timing isn't right. But if you're thinking about improving your digital presence, I'd love to help.  Cheers, Robert James Cabansay Founder, STRUKKD LABS https://strukkdlabs.vercel.app/  --- 📧 rjamscxx@gmail.com 🌐 strukkdlabs.vercel.app 💼 rj-portfolio-resume.vercel.app"
"tokwatbaboyhub@gmail.com","Tokwa't Baboy Hub - Manila","Quick question about Tokwa't Baboy Hub - Manila's tech needs","restaurant","Hi there,  I've heard great things about Tokwa't Baboy Hub - Manila and wanted to reach out.  I'm Robert James, founder of STRUKKD LABS. We're a full-stack development studio based in the Philippines.  We help restaurants like Tokwa't Baboy Hub - Manila build online ordering systems that increase sales by 30%.  I'd love to learn more about Tokwa't Baboy Hub - Manila's challenges. Do you have 15 minutes for a quick chat?  I'm happy to build a free prototype to show you what's possible.  Here's what we've been working on: - STRUKKD LABS: https://strukkdlabs.vercel.app/ - My portfolio: https://rj-portfolio-resume.vercel.app/  Totally understand if the timing isn't right. But if you're thinking about improving your digital presence, I'd love to help.  Cheers, Robert James Cabansay Founder, STRUKKD LABS https://strukkdlabs.vercel.app/  --- 📧 rjamscxx@gmail.com 🌐 strukkdlabs.vercel.app 💼 rj-portfolio-resume.vercel.app"
"bibingkangputo@gmail.com","Bibingka & Puto Bumbong - Pasig","Quick question about Bibingka & Puto Bumbong - Pasig's tech needs","default","Hi there,  While researching filipino delicacy shop needing seasonal online ordering businesses, I found Bibingka & Puto Bumbong - Pasig and thought of reaching out.  I'm Robert James, founder of STRUKKD LABS. We're a full-stack development studio based in the Philippines.  Our team specializes in building web apps and systems for companies like Bibingka & Puto Bumbong - Pasig.  Would you be open to a quick 15-minute call to discuss how we might help Bibingka & Puto Bumbong - Pasig?  I'm happy to build a free prototype to show you what's possible.  Here's what we've been working on: - STRUKKD LABS: https://strukkdlabs.vercel.app/ - My portfolio: https://rj-portfolio-resume.vercel.app/  Totally understand if the timing isn't right. But if you're thinking about improving your digital presence, I'd love to help.  Cheers, Robert James Cabansay Founder, STRUKKD LABS https://strukkdlabs.vercel.app/  --- 📧 rjamscxx@gmail.com 🌐 strukkdlabs.vercel.app 💼 rj-portfolio-resume.vercel.app"
"vegankitchenph@gmail.com","Vegan Kitchen PH - Makati","Quick question about Vegan Kitchen PH - Makati's tech needs","restaurant","Hi there,  I came across Vegan Kitchen PH - Makati and love what you're doing with food in Makati.  I'm Robert James, founder of STRUKKD LABS. We're a full-stack development studio based in the Philippines.  We help restaurants like Vegan Kitchen PH - Makati build online ordering systems that increase sales by 30%.  Would you be open to a quick 15-minute call to discuss how we might help Vegan Kitchen PH - Makati?  I'm happy to build a free prototype to show you what's possible.  Here's what we've been working on: - STRUKKD LABS: https://strukkdlabs.vercel.app/ - My portfolio: https://rj-portfolio-resume.vercel.app/  Totally understand if the timing isn't right. But if you're thinking about improving your digital presence, I'd love to help.  Cheers, Robert James Cabansay Founder, STRUKKD LABS https://strukkdlabs.vercel.app/  --- 📧 rjamscxx@gmail.com 🌐 strukkdlabs.vercel.app 💼 rj-portfolio-resume.vercel.app"
"ketobistro@gmail.com","Keto Bistro - BGC","Quick question about Keto Bistro - BGC's tech needs","default","Hi there,  While researching keto-friendly bistro needing online ordering and meal plan system businesses, I found Keto Bistro - BGC and thought of reaching out.  I'm Robert James, founder of STRUKKD LABS. We're a full-stack development studio based in the Philippines.  Our team specializes in building web apps and systems for companies like Keto Bistro - BGC.  Would you be open to a quick 15-minute call to discuss how we might help Keto Bistro - BGC?  I'm happy to build a free prototype to show you what's possible.  Here's what we've been working on: - STRUKKD LABS: https://strukkdlabs.vercel.app/ - My portfolio: https://rj-portfolio-resume.vercel.app/  Totally understand if the timing isn't right. But if you're thinking about improving your digital presence, I'd love to help.  Cheers, Robert James Cabansay Founder, STRUKKD LABS https://strukkdlabs.vercel.app/  --- 📧 rjamscxx@gmail.com 🌐 strukkdlabs.vercel.app 💼 rj-portfolio-resume.vercel.app"
"smoothiebowlph@gmail.com","Smoothie Bowl PH - QC","Quick question about Smoothie Bowl PH - QC's tech needs","default","Hello,  I came across Smoothie Bowl PH - QC and was impressed by what you're building.  I'm Robert James, founder of STRUKKD LABS. We're a full-stack development studio based in the Philippines.  Our team specializes in building web apps and systems for companies like Smoothie Bowl PH - QC.  Would you be open to a quick 15-minute call to discuss how we might help Smoothie Bowl PH - QC?  I'm happy to build a free prototype to show you what's possible.  Here's what we've been working on: - STRUKKD LABS: https://strukkdlabs.vercel.app/ - My portfolio: https://rj-portfolio-resume.vercel.app/  Totally understand if the timing isn't right. But if you're thinking about improving your digital presence, I'd love to help.  Cheers, Robert James Cabansay Founder, STRUKKD LABS https://strukkdlabs.vercel.app/  --- 📧 rjamscxx@gmail.com 🌐 strukkdlabs.vercel.app 💼 rj-portfolio-resume.vercel.app"
"acaibarmanila@gmail.com","Açaí Bar Manila","Quick question about Açaí Bar Manila's tech needs","default","Good day,  While researching açaí bar needing online ordering and delivery businesses, I found Açaí Bar Manila and thought of reaching out.  I'm Robert James, founder of STRUKKD LABS. We're a full-stack development studio based in the Philippines.  We've helped similar businesses streamline their operations with custom software solutions.  I'd love to learn more about Açaí Bar Manila's challenges. Do you have 15 minutes for a quick chat?  I'm happy to build a free prototype to show you what's possible.  Here's what we've been working on: - STRUKKD LABS: https://strukkdlabs.vercel.app/ - My portfolio: https://rj-portfolio-resume.vercel.app/  Totally understand if the timing isn't right. But if you're thinking about improving your digital presence, I'd love to help.  Cheers, Robert James Cabansay Founder, STRUKKD LABS https://strukkdlabs.vercel.app/  --- 📧 rjamscxx@gmail.com 🌐 strukkdlabs.vercel.app 💼 rj-portfolio-resume.vercel.app"
"coldpressph@gmail.com","Cold Press PH - Pasig","Quick question about Cold Press PH - Pasig's tech needs","default","Hello,  While researching cold press juice bar needing subscription and online ordering businesses, I found Cold Press PH - Pasig and thought of reaching out.  I'm Robert James, founder of STRUKKD LABS. We're a full-stack development studio based in the Philippines.  We help businesses like Cold Press PH - Pasig build custom software that saves time and increases revenue.  Would you be open to a quick 15-minute call to discuss how we might help Cold Press PH - Pasig?  I'm happy to build a free prototype to show you what's possible.  Here's what we've been working on: - STRUKKD LABS: https://strukkdlabs.vercel.app/ - My portfolio: https://rj-portfolio-resume.vercel.app/  Totally understand if the timing isn't right. But if you're thinking about improving your digital presence, I'd love to help.  Cheers, Robert James Cabansay Founder, STRUKKD LABS https://strukkdlabs.vercel.app/  --- 📧 rjamscxx@gmail.com 🌐 strukkdlabs.vercel.app 💼 rj-portfolio-resume.vercel.app"
"veganbakeryph@gmail.com","Vegan Bakery PH - Makati","Quick question about Vegan Bakery PH - Makati's tech needs","default","Good day,  I came across Vegan Bakery PH - Makati and was impressed by what you're building.  I'm Robert James, founder of STRUKKD LABS. We're a full-stack development studio based in the Philippines.  We help businesses like Vegan Bakery PH - Makati build custom software that saves time and increases revenue.  Would you be open to a quick 15-minute call to discuss how we might help Vegan Bakery PH - Makati?  I'm happy to build a free prototype to show you what's possible.  Here's what we've been working on: - STRUKKD LABS: https://strukkdlabs.vercel.app/ - My portfolio: https://rj-portfolio-resume.vercel.app/  Totally understand if the timing isn't right. But if you're thinking about improving your digital presence, I'd love to help.  Cheers, Robert James Cabansay Founder, STRUKKD LABS https://strukkdlabs.vercel.app/  --- 📧 rjamscxx@gmail.com 🌐 strukkdlabs.vercel.app 💼 rj-portfolio-resume.vercel.app"
"glutenfreekitchen@gmail.com","Gluten Free Kitchen - BGC","Quick question about Gluten Free Kitchen - BGC's tech needs","default","Hi there,  While researching gluten-free kitchen needing online ordering and dietary info showcase businesses, I found Gluten Free Kitchen - BGC and thought of reaching out.  I'm Robert James, founder of STRUKKD LABS. We're a full-stack development studio based in the Philippines.  Our team specializes in building web apps and systems for companies like Gluten Free Kitchen - BGC.  Would you be open to a quick 15-minute call to discuss how we might help Gluten Free Kitchen - BGC?  I'm happy to build a free prototype to show you what's possible.  Here's what we've been working on: - STRUKKD LABS: https://strukkdlabs.vercel.app/ - My portfolio: https://rj-portfolio-resume.vercel.app/  Totally understand if the timing isn't right. But if you're thinking about improving your digital presence, I'd love to help.  Cheers, Robert James Cabansay Founder, STRUKKD LABS https://strukkdlabs.vercel.app/  --- 📧 rjamscxx@gmail.com 🌐 strukkdlabs.vercel.app 💼 rj-portfolio-resume.vercel.app"
"rawfoodph@gmail.com","Raw Food PH - QC","Quick question about Raw Food PH - QC's tech needs","restaurant","Hello,  I've heard great things about Raw Food PH - QC and wanted to reach out.  I'm Robert James, founder of STRUKKD LABS. We're a full-stack development studio based in the Philippines.  We've helped similar restaurants streamline their operations with custom software.  Would you be open to a quick 15-minute call to discuss how we might help Raw Food PH - QC?  I'm happy to build a free prototype to show you what's possible.  Here's what we've been working on: - STRUKKD LABS: https://strukkdlabs.vercel.app/ - My portfolio: https://rj-portfolio-resume.vercel.app/  Totally understand if the timing isn't right. But if you're thinking about improving your digital presence, I'd love to help.  Cheers, Robert James Cabansay Founder, STRUKKD LABS https://strukkdlabs.vercel.app/  --- 📧 rjamscxx@gmail.com 🌐 strukkdlabs.vercel.app 💼 rj-portfolio-resume.vercel.app"
"juicebarmanila@gmail.com","Juice Bar Manila","Quick question about Juice Bar Manila's tech needs","default","Good day,  While researching juice bar needing mobile ordering and loyalty program businesses, I found Juice Bar Manila and thought of reaching out.  I'm Robert James, founder of STRUKKD LABS. We're a full-stack development studio based in the Philippines.  We've helped similar businesses streamline their operations with custom software solutions.  Would you be open to a quick 15-minute call to discuss how we might help Juice Bar Manila?  I'm happy to build a free prototype to show you what's possible.  Here's what we've been working on: - STRUKKD LABS: https://strukkdlabs.vercel.app/ - My portfolio: https://rj-portfolio-resume.vercel.app/  Totally understand if the timing isn't right. But if you're thinking about improving your digital presence, I'd love to help.  Cheers, Robert James Cabansay Founder, STRUKKD LABS https://strukkdlabs.vercel.app/  --- 📧 rjamscxx@gmail.com 🌐 strukkdlabs.vercel.app 💼 rj-portfolio-resume.vercel.app"
"proteinshakehub@gmail.com","Protein Shake Hub - Pasig","Quick question about Protein Shake Hub - Pasig's tech needs","default","Good day,  I noticed Protein Shake Hub - Pasig in the protein shake bar needing mobile ordering and nutrition tracking space and wanted to reach out.  I'm Robert James, founder of STRUKKD LABS. We're a full-stack development studio based in the Philippines.  We've helped similar businesses streamline their operations with custom software solutions.  Would you be open to a quick 15-minute call to discuss how we might help Protein Shake Hub - Pasig?  I'm happy to build a free prototype to show you what's possible.  Here's what we've been working on: - STRUKKD LABS: https://strukkdlabs.vercel.app/ - My portfolio: https://rj-portfolio-resume.vercel.app/  Totally understand if the timing isn't right. But if you're thinking about improving your digital presence, I'd love to help.  Cheers, Robert James Cabansay Founder, STRUKKD LABS https://strukkdlabs.vercel.app/  --- 📧 rjamscxx@gmail.com 🌐 strukkdlabs.vercel.app 💼 rj-portfolio-resume.vercel.app"
"organicmarketph@gmail.com","Organic Market PH - Makati","Quick question about Organic Market PH - Makati's tech needs","default","Good day,  While researching organic market needing e-commerce and delivery system businesses, I found Organic Market PH - Makati and thought of reaching out.  I'm Robert James, founder of STRUKKD LABS. We're a full-stack development studio based in the Philippines.  Our team specializes in building web apps and systems for companies like Organic Market PH - Makati.  Would you be open to a quick 15-minute call to discuss how we might help Organic Market PH - Makati?  I'm happy to build a free prototype to show you what's possible.  Here's what we've been working on: - STRUKKD LABS: https://strukkdlabs.vercel.app/ - My portfolio: https://rj-portfolio-resume.vercel.app/  Totally understand if the timing isn't right. But if you're thinking about improving your digital presence, I'd love to help.  Cheers, Robert James Cabansay Founder, STRUKKD LABS https://strukkdlabs.vercel.app/  --- 📧 rjamscxx@gmail.com 🌐 strukkdlabs.vercel.app 💼 rj-portfolio-resume.vercel.app"
"thriftshopph@gmail.com","Thrift Shop PH - BGC","Quick question about Thrift Shop PH - BGC's tech needs","default","Good day,  While researching thrift shop needing e-commerce and inventory management businesses, I found Thrift Shop PH - BGC and thought of reaching out.  I'm Robert James, founder of STRUKKD LABS. We're a full-stack development studio based in the Philippines.  Our team specializes in building web apps and systems for companies like Thrift Shop PH - BGC.  Would you be open to a quick 15-minute call to discuss how we might help Thrift Shop PH - BGC?  I'm happy to build a free prototype to show you what's possible.  Here's what we've been working on: - STRUKKD LABS: https://strukkdlabs.vercel.app/ - My portfolio: https://rj-portfolio-resume.vercel.app/  Totally understand if the timing isn't right. But if you're thinking about improving your digital presence, I'd love to help.  Cheers, Robert James Cabansay Founder, STRUKKD LABS https://strukkdlabs.vercel.app/  --- 📧 rjamscxx@gmail.com 🌐 strukkdlabs.vercel.app 💼 rj-portfolio-resume.vercel.app"
"vintagestoremanila@gmail.com","Vintage Store Manila","Quick question about Vintage Store Manila's tech needs","default","Hi there,  While researching vintage clothing store needing e-commerce and product catalog businesses, I found Vintage Store Manila and thought of reaching out.  I'm Robert James, founder of STRUKKD LABS. We're a full-stack development studio based in the Philippines.  We've helped similar businesses streamline their operations with custom software solutions.  Would you be open to a quick 15-minute call to discuss how we might help Vintage Store Manila?  I'm happy to build a free prototype to show you what's possible.  Here's what we've been working on: - STRUKKD LABS: https://strukkdlabs.vercel.app/ - My portfolio: https://rj-portfolio-resume.vercel.app/  Totally understand if the timing isn't right. But if you're thinking about improving your digital presence, I'd love to help.  Cheers, Robert James Cabansay Founder, STRUKKD LABS https://strukkdlabs.vercel.app/  --- 📧 rjamscxx@gmail.com 🌐 strukkdlabs.vercel.app 💼 rj-portfolio-resume.vercel.app"
"sneakercultureph@gmail.com","Sneaker Culture PH - QC","Quick question about Sneaker Culture PH - QC's tech needs","default","Good day,  While researching sneaker reseller needing e-commerce and authentication system businesses, I found Sneaker Culture PH - QC and thought of reaching out.  I'm Robert James, founder of STRUKKD LABS. We're a full-stack development studio based in the Philippines.  We've helped similar businesses streamline their operations with custom software solutions.  I'd love to learn more about Sneaker Culture PH - QC's challenges. Do you have 15 minutes for a quick chat?  I'm happy to build a free prototype to show you what's possible.  Here's what we've been working on: - STRUKKD LABS: https://strukkdlabs.vercel.app/ - My portfolio: https://rj-portfolio-resume.vercel.app/  Totally understand if the timing isn't right. But if you're thinking about improving your digital presence, I'd love to help.  Cheers, Robert James Cabansay Founder, STRUKKD LABS https://strukkdlabs.vercel.app/  --- 📧 rjamscxx@gmail.com 🌐 strukkdlabs.vercel.app 💼 rj-portfolio-resume.vercel.app"
"accessorieshubph@gmail.com","Accessories Hub PH - Pasig","Quick question about Accessories Hub PH - Pasig's tech needs","default","Good day,  I noticed Accessories Hub PH - Pasig in the fashion accessories store needing e-commerce and inventory space and wanted to reach out.  I'm Robert James, founder of STRUKKD LABS. We're a full-stack development studio based in the Philippines.  We help businesses like Accessories Hub PH - Pasig build custom software that saves time and increases revenue.  Would you be open to a quick 15-minute call to discuss how we might help Accessories Hub PH - Pasig?  I'm happy to build a free prototype to show you what's possible.  Here's what we've been working on: - STRUKKD LABS: https://strukkdlabs.vercel.app/ - My portfolio: https://rj-portfolio-resume.vercel.app/  Totally understand if the timing isn't right. But if you're thinking about improving your digital presence, I'd love to help.  Cheers, Robert James Cabansay Founder, STRUKKD LABS https://strukkdlabs.vercel.app/  --- 📧 rjamscxx@gmail.com 🌐 strukkdlabs.vercel.app 💼 rj-portfolio-resume.vercel.app"
"careers@coins.ph","Coins.ph","Quick question about Coins.ph's tech needs","default","Hello,  While researching crypto exchange needing trading platform and wallet management businesses, I found Coins.ph and thought of reaching out.  I'm Robert James, founder of STRUKKD LABS. We're a full-stack development studio based in the Philippines.  We help businesses like Coins.ph build custom software that saves time and increases revenue.  Would you be open to a quick 15-minute call to discuss how we might help Coins.ph?  I'm happy to build a free prototype to show you what's possible.  Here's what we've been working on: - STRUKKD LABS: https://strukkdlabs.vercel.app/ - My portfolio: https://rj-portfolio-resume.vercel.app/  Totally understand if the timing isn't right. But if you're thinking about improving your digital presence, I'd love to help.  Cheers, Robert James Cabansay Founder, STRUKKD LABS https://strukkdlabs.vercel.app/  --- 📧 rjamscxx@gmail.com 🌐 strukkdlabs.vercel.app 💼 rj-portfolio-resume.vercel.app"
"support@pdax.ph","PDAX (Philippine Digital Asset Exchange)","Quick question about PDAX (Philippine Digital Asset Exchange)'s tech needs","default","Good day,  I came across PDAX (Philippine Digital Asset Exchange) and was impressed by what you're building.  I'm Robert James, founder of STRUKKD LABS. We're a full-stack development studio based in the Philippines.  We help businesses like PDAX (Philippine Digital Asset Exchange) build custom software that saves time and increases revenue.  I'd love to learn more about PDAX (Philippine Digital Asset Exchange)'s challenges. Do you have 15 minutes for a quick chat?  I'm happy to build a free prototype to show you what's possible.  Here's what we've been working on: - STRUKKD LABS: https://strukkdlabs.vercel.app/ - My portfolio: https://rj-portfolio-resume.vercel.app/  Totally understand if the timing isn't right. But if you're thinking about improving your digital presence, I'd love to help.  Cheers, Robert James Cabansay Founder, STRUKKD LABS https://strukkdlabs.vercel.app/  --- 📧 rjamscxx@gmail.com 🌐 strukkdlabs.vercel.app 💼 rj-portfolio-resume.vercel.app"
"careers@billease.ph","BillEase","Quick question about BillEase's tech needs","fintech","Hello,  I noticed BillEase in the fintech space and wanted to connect.  I'm Robert James, founder of STRUKKD LABS. We're a full-stack development studio based in the Philippines.  We've helped similar startups scale their platforms to handle millions of users.  I'd love to explore how we might support BillEase's technical needs.  I'm happy to build a free prototype to show you what's possible.  Here's what we've been working on: - STRUKKD LABS: https://strukkdlabs.vercel.app/ - My portfolio: https://rj-portfolio-resume.vercel.app/  Totally understand if the timing isn't right. But if you're thinking about improving your digital presence, I'd love to help.  Cheers, Robert James Cabansay Founder, STRUKKD LABS https://strukkdlabs.vercel.app/  --- 📧 rjamscxx@gmail.com 🌐 strukkdlabs.vercel.app 💼 rj-portfolio-resume.vercel.app"
"hello@sarisuki.com","SariSuki","Quick question about SariSuki's tech needs","default","Hello,  While researching online grocery platform for sari-sari stores needing vendor tools businesses, I found SariSuki and thought of reaching out.  I'm Robert James, founder of STRUKKD LABS. We're a full-stack development studio based in the Philippines.  Our team specializes in building web apps and systems for companies like SariSuki.  Would you be open to a quick 15-minute call to discuss how we might help SariSuki?  I'm happy to build a free prototype to show you what's possible.  Here's what we've been working on: - STRUKKD LABS: https://strukkdlabs.vercel.app/ - My portfolio: https://rj-portfolio-resume.vercel.app/  Totally understand if the timing isn't right. But if you're thinking about improving your digital presence, I'd love to help.  Cheers, Robert James Cabansay Founder, STRUKKD LABS https://strukkdlabs.vercel.app/  --- 📧 rjamscxx@gmail.com 🌐 strukkdlabs.vercel.app 💼 rj-portfolio-resume.vercel.app"
"hello@nextpay.ph","NextPay","Quick question about NextPay's tech needs","fintech","Hello,  Your innovative approach to banking as a service platform needing merchant integration caught my attention.  I'm Robert James, founder of STRUKKD LABS. We're a full-stack development studio based in the Philippines.  We've helped similar startups scale their platforms to handle millions of users.  Would you be open to a quick call to discuss potential collaboration?  I'm happy to build a free prototype to show you what's possible.  Here's what we've been working on: - STRUKKD LABS: https://strukkdlabs.vercel.app/ - My portfolio: https://rj-portfolio-resume.vercel.app/  Totally understand if the timing isn't right. But if you're thinking about improving your digital presence, I'd love to help.  Cheers, Robert James Cabansay Founder, STRUKKD LABS https://strukkdlabs.vercel.app/  --- 📧 rjamscxx@gmail.com 🌐 strukkdlabs.vercel.app 💼 rj-portfolio-resume.vercel.app"
"hello@dashlabs.ai","Dashlabs.ai","Quick question about Dashlabs.ai's tech needs","default","Hello,  I noticed Dashlabs.ai in the healthtech startup needing telemedicine and patient management space and wanted to reach out.  I'm Robert James, founder of STRUKKD LABS. We're a full-stack development studio based in the Philippines.  Our team specializes in building web apps and systems for companies like Dashlabs.ai.  Would you be open to a quick 15-minute call to discuss how we might help Dashlabs.ai?  I'm happy to build a free prototype to show you what's possible.  Here's what we've been working on: - STRUKKD LABS: https://strukkdlabs.vercel.app/ - My portfolio: https://rj-portfolio-resume.vercel.app/  Totally understand if the timing isn't right. But if you're thinking about improving your digital presence, I'd love to help.  Cheers, Robert James Cabansay Founder, STRUKKD LABS https://strukkdlabs.vercel.app/  --- 📧 rjamscxx@gmail.com 🌐 strukkdlabs.vercel.app 💼 rj-portfolio-resume.vercel.app"
"hello@astraguild.com","Astra Guild Ventures","Quick question about Astra Guild Ventures's tech needs","default","Hi there,  I noticed Astra Guild Ventures in the blockchain gaming guild needing nft management platform space and wanted to reach out.  I'm Robert James, founder of STRUKKD LABS. We're a full-stack development studio based in the Philippines.  We've helped similar businesses streamline their operations with custom software solutions.  I'd love to learn more about Astra Guild Ventures's challenges. Do you have 15 minutes for a quick chat?  I'm happy to build a free prototype to show you what's possible.  Here's what we've been working on: - STRUKKD LABS: https://strukkdlabs.vercel.app/ - My portfolio: https://rj-portfolio-resume.vercel.app/  Totally understand if the timing isn't right. But if you're thinking about improving your digital presence, I'd love to help.  Cheers, Robert James Cabansay Founder, STRUKKD LABS https://strukkdlabs.vercel.app/  --- 📧 rjamscxx@gmail.com 🌐 strukkdlabs.vercel.app 💼 rj-portfolio-resume.vercel.app"
"hello@senti.ai","Senti AI","Quick question about Senti AI's tech needs","default","Hi there,  While researching ai startup needing nlp platform and api management businesses, I found Senti AI and thought of reaching out.  I'm Robert James, founder of STRUKKD LABS. We're a full-stack development studio based in the Philippines.  We help businesses like Senti AI build custom software that saves time and increases revenue.  I'd love to learn more about Senti AI's challenges. Do you have 15 minutes for a quick chat?  I'm happy to build a free prototype to show you what's possible.  Here's what we've been working on: - STRUKKD LABS: https://strukkdlabs.vercel.app/ - My portfolio: https://rj-portfolio-resume.vercel.app/  Totally understand if the timing isn't right. But if you're thinking about improving your digital presence, I'd love to help.  Cheers, Robert James Cabansay Founder, STRUKKD LABS https://strukkdlabs.vercel.app/  --- 📧 rjamscxx@gmail.com 🌐 strukkdlabs.vercel.app 💼 rj-portfolio-resume.vercel.app"
"hello@kayafounders.com","Kaya Founders","Quick question about Kaya Founders's tech needs","default","Hi there,  I came across Kaya Founders and was impressed by what you're building.  I'm Robert James, founder of STRUKKD LABS. We're a full-stack development studio based in the Philippines.  Our team specializes in building web apps and systems for companies like Kaya Founders.  I'd love to learn more about Kaya Founders's challenges. Do you have 15 minutes for a quick chat?  I'm happy to build a free prototype to show you what's possible.  Here's what we've been working on: - STRUKKD LABS: https://strukkdlabs.vercel.app/ - My portfolio: https://rj-portfolio-resume.vercel.app/  Totally understand if the timing isn't right. But if you're thinking about improving your digital presence, I'd love to help.  Cheers, Robert James Cabansay Founder, STRUKKD LABS https://strukkdlabs.vercel.app/  --- 📧 rjamscxx@gmail.com 🌐 strukkdlabs.vercel.app 💼 rj-portfolio-resume.vercel.app"
"hello@foxmontcapital.com","Foxmont Capital","Quick question about Foxmont Capital's tech needs","default","Hi there,  I came across Foxmont Capital and was impressed by what you're building.  I'm Robert James, founder of STRUKKD LABS. We're a full-stack development studio based in the Philippines.  Our team specializes in building web apps and systems for companies like Foxmont Capital.  I'd love to learn more about Foxmont Capital's challenges. Do you have 15 minutes for a quick chat?  I'm happy to build a free prototype to show you what's possible.  Here's what we've been working on: - STRUKKD LABS: https://strukkdlabs.vercel.app/ - My portfolio: https://rj-portfolio-resume.vercel.app/  Totally understand if the timing isn't right. But if you're thinking about improving your digital presence, I'd love to help.  Cheers, Robert James Cabansay Founder, STRUKKD LABS https://strukkdlabs.vercel.app/  --- 📧 rjamscxx@gmail.com 🌐 strukkdlabs.vercel.app 💼 rj-portfolio-resume.vercel.app"
"hello@lenddoefl.com","LenddoEFL","Quick question about LenddoEFL's tech needs","default","Hello,  I noticed LenddoEFL in the credit scoring platform needing data analytics and api management space and wanted to reach out.  I'm Robert James, founder of STRUKKD LABS. We're a full-stack development studio based in the Philippines.  Our team specializes in building web apps and systems for companies like LenddoEFL.  Would you be open to a quick 15-minute call to discuss how we might help LenddoEFL?  I'm happy to build a free prototype to show you what's possible.  Here's what we've been working on: - STRUKKD LABS: https://strukkdlabs.vercel.app/ - My portfolio: https://rj-portfolio-resume.vercel.app/  Totally understand if the timing isn't right. But if you're thinking about improving your digital presence, I'd love to help.  Cheers, Robert James Cabansay Founder, STRUKKD LABS https://strukkdlabs.vercel.app/  --- 📧 rjamscxx@gmail.com 🌐 strukkdlabs.vercel.app 💼 rj-portfolio-resume.vercel.app"
"hello@mclinica.com","mClinica","Quick question about mClinica's tech needs","default","Good day,  While researching healthtech platform needing patient engagement and data analytics businesses, I found mClinica and thought of reaching out.  I'm Robert James, founder of STRUKKD LABS. We're a full-stack development studio based in the Philippines.  We help businesses like mClinica build custom software that saves time and increases revenue.  Would you be open to a quick 15-minute call to discuss how we might help mClinica?  I'm happy to build a free prototype to show you what's possible.  Here's what we've been working on: - STRUKKD LABS: https://strukkdlabs.vercel.app/ - My portfolio: https://rj-portfolio-resume.vercel.app/  Totally understand if the timing isn't right. But if you're thinking about improving your digital presence, I'd love to help.  Cheers, Robert James Cabansay Founder, STRUKKD LABS https://strukkdlabs.vercel.app/  --- 📧 rjamscxx@gmail.com 🌐 strukkdlabs.vercel.app 💼 rj-portfolio-resume.vercel.app"
"hello@autodeal.com.ph","AutoDeal.com.ph","Quick question about AutoDeal.com.ph's tech needs","default","Good day,  While researching auto marketplace needing listing management and crm businesses, I found AutoDeal.com.ph and thought of reaching out.  I'm Robert James, founder of STRUKKD LABS. We're a full-stack development studio based in the Philippines.  We've helped similar businesses streamline their operations with custom software solutions.  I'd love to learn more about AutoDeal.com.ph's challenges. Do you have 15 minutes for a quick chat?  I'm happy to build a free prototype to show you what's possible.  Here's what we've been working on: - STRUKKD LABS: https://strukkdlabs.vercel.app/ - My portfolio: https://rj-portfolio-resume.vercel.app/  Totally understand if the timing isn't right. But if you're thinking about improving your digital presence, I'd love to help.  Cheers, Robert James Cabansay Founder, STRUKKD LABS https://strukkdlabs.vercel.app/  --- 📧 rjamscxx@gmail.com 🌐 strukkdlabs.vercel.app 💼 rj-portfolio-resume.vercel.app"
"hello@preciouspages.com.ph","Precious Pages","Quick question about Precious Pages's tech needs","default","Hi there,  I came across Precious Pages and was impressed by what you're building.  I'm Robert James, founder of STRUKKD LABS. We're a full-stack development studio based in the Philippines.  Our team specializes in building web apps and systems for companies like Precious Pages.  Would you be open to a quick 15-minute call to discuss how we might help Precious Pages?  I'm happy to build a free prototype to show you what's possible.  Here's what we've been working on: - STRUKKD LABS: https://strukkdlabs.vercel.app/ - My portfolio: https://rj-portfolio-resume.vercel.app/  Totally understand if the timing isn't right. But if you're thinking about improving your digital presence, I'd love to help.  Cheers, Robert James Cabansay Founder, STRUKKD LABS https://strukkdlabs.vercel.app/  --- 📧 rjamscxx@gmail.com 🌐 strukkdlabs.vercel.app 💼 rj-portfolio-resume.vercel.app"
"hello@yummy.ph","Yummy PH","Quick question about Yummy PH's tech needs","restaurant","Hello,  I've heard great things about Yummy PH and wanted to reach out.  I'm Robert James, founder of STRUKKD LABS. We're a full-stack development studio based in the Philippines.  Our team builds custom reservation and delivery platforms for restaurants.  I'd love to learn more about Yummy PH's challenges. Do you have 15 minutes for a quick chat?  I'm happy to build a free prototype to show you what's possible.  Here's what we've been working on: - STRUKKD LABS: https://strukkdlabs.vercel.app/ - My portfolio: https://rj-portfolio-resume.vercel.app/  Totally understand if the timing isn't right. But if you're thinking about improving your digital presence, I'd love to help.  Cheers, Robert James Cabansay Founder, STRUKKD LABS https://strukkdlabs.vercel.app/  --- 📧 rjamscxx@gmail.com 🌐 strukkdlabs.vercel.app 💼 rj-portfolio-resume.vercel.app"
"hello@bitesized.ph","Bite-sized PH","Quick question about Bite-sized PH's tech needs","default","Good day,  I noticed Bite-sized PH in the cloud kitchen platform needing vendor management and ordering space and wanted to reach out.  I'm Robert James, founder of STRUKKD LABS. We're a full-stack development studio based in the Philippines.  We help businesses like Bite-sized PH build custom software that saves time and increases revenue.  Would you be open to a quick 15-minute call to discuss how we might help Bite-sized PH?  I'm happy to build a free prototype to show you what's possible.  Here's what we've been working on: - STRUKKD LABS: https://strukkdlabs.vercel.app/ - My portfolio: https://rj-portfolio-resume.vercel.app/  Totally understand if the timing isn't right. But if you're thinking about improving your digital presence, I'd love to help.  Cheers, Robert James Cabansay Founder, STRUKKD LABS https://strukkdlabs.vercel.app/  --- 📧 rjamscxx@gmail.com 🌐 strukkdlabs.vercel.app 💼 rj-portfolio-resume.vercel.app"
"hello@medifi.ph","Medifi PH","Quick question about Medifi PH's tech needs","default","Good day,  I came across Medifi PH and was impressed by what you're building.  I'm Robert James, founder of STRUKKD LABS. We're a full-stack development studio based in the Philippines.  Our team specializes in building web apps and systems for companies like Medifi PH.  I'd love to learn more about Medifi PH's challenges. Do you have 15 minutes for a quick chat?  I'm happy to build a free prototype to show you what's possible.  Here's what we've been working on: - STRUKKD LABS: https://strukkdlabs.vercel.app/ - My portfolio: https://rj-portfolio-resume.vercel.app/  Totally understand if the timing isn't right. But if you're thinking about improving your digital presence, I'd love to help.  Cheers, Robert James Cabansay Founder, STRUKKD LABS https://strukkdlabs.vercel.app/  --- 📧 rjamscxx@gmail.com 🌐 strukkdlabs.vercel.app 💼 rj-portfolio-resume.vercel.app"
"hello@racecommunication.com","Race Communication","Quick question about Race Communication's tech needs","default","Good day,  While researching pr agency needing media database and campaign management businesses, I found Race Communication and thought of reaching out.  I'm Robert James, founder of STRUKKD LABS. We're a full-stack development studio based in the Philippines.  We've helped similar businesses streamline their operations with custom software solutions.  Would you be open to a quick 15-minute call to discuss how we might help Race Communication?  I'm happy to build a free prototype to show you what's possible.  Here's what we've been working on: - STRUKKD LABS: https://strukkdlabs.vercel.app/ - My portfolio: https://rj-portfolio-resume.vercel.app/  Totally understand if the timing isn't right. But if you're thinking about improving your digital presence, I'd love to help.  Cheers, Robert James Cabansay Founder, STRUKKD LABS https://strukkdlabs.vercel.app/  --- 📧 rjamscxx@gmail.com 🌐 strukkdlabs.vercel.app 💼 rj-portfolio-resume.vercel.app"
"express@shopee.ph","Shopee Express PH","Quick question about Shopee Express PH's tech needs","default","Good day,  While researching logistics platform needing driver management and routing businesses, I found Shopee Express PH and thought of reaching out.  I'm Robert James, founder of STRUKKD LABS. We're a full-stack development studio based in the Philippines.  We help businesses like Shopee Express PH build custom software that saves time and increases revenue.  Would you be open to a quick 15-minute call to discuss how we might help Shopee Express PH?  I'm happy to build a free prototype to show you what's possible.  Here's what we've been working on: - STRUKKD LABS: https://strukkdlabs.vercel.app/ - My portfolio: https://rj-portfolio-resume.vercel.app/  Totally understand if the timing isn't right. But if you're thinking about improving your digital presence, I'd love to help.  Cheers, Robert James Cabansay Founder, STRUKKD LABS https://strukkdlabs.vercel.app/  --- 📧 rjamscxx@gmail.com 🌐 strukkdlabs.vercel.app 💼 rj-portfolio-resume.vercel.app"
"merchant@foodpanda.ph","FoodPanda PH","Quick question about FoodPanda PH's tech needs","restaurant","Good day,  Your restaurant caught my attention while researching food delivery platform needing merchant and rider management businesses.  I'm Robert James, founder of STRUKKD LABS. We're a full-stack development studio based in the Philippines.  We've helped similar restaurants streamline their operations with custom software.  I'd love to learn more about FoodPanda PH's challenges. Do you have 15 minutes for a quick chat?  I'm happy to build a free prototype to show you what's possible.  Here's what we've been working on: - STRUKKD LABS: https://strukkdlabs.vercel.app/ - My portfolio: https://rj-portfolio-resume.vercel.app/  Totally understand if the timing isn't right. But if you're thinking about improving your digital presence, I'd love to help.  Cheers, Robert James Cabansay Founder, STRUKKD LABS https://strukkdlabs.vercel.app/  --- 📧 rjamscxx@gmail.com 🌐 strukkdlabs.vercel.app 💼 rj-portfolio-resume.vercel.app"
"hello@angkas.com","Angkas PH","Quick question about Angkas PH's tech needs","default","Hi there,  I noticed Angkas PH in the motorcycle taxi needing rider management and booking platform space and wanted to reach out.  I'm Robert James, founder of STRUKKD LABS. We're a full-stack development studio based in the Philippines.  Our team specializes in building web apps and systems for companies like Angkas PH.  I'd love to learn more about Angkas PH's challenges. Do you have 15 minutes for a quick chat?  I'm happy to build a free prototype to show you what's possible.  Here's what we've been working on: - STRUKKD LABS: https://strukkdlabs.vercel.app/ - My portfolio: https://rj-portfolio-resume.vercel.app/  Totally understand if the timing isn't right. But if you're thinking about improving your digital presence, I'd love to help.  Cheers, Robert James Cabansay Founder, STRUKKD LABS https://strukkdlabs.vercel.app/  --- 📧 rjamscxx@gmail.com 🌐 strukkdlabs.vercel.app 💼 rj-portfolio-resume.vercel.app"
"hello@edamama.ph","Edamama","Quick question about Edamama's tech needs","default","Hi there,  While researching baby products e-commerce needing product catalog and subscription businesses, I found Edamama and thought of reaching out.  I'm Robert James, founder of STRUKKD LABS. We're a full-stack development studio based in the Philippines.  Our team specializes in building web apps and systems for companies like Edamama.  I'd love to learn more about Edamama's challenges. Do you have 15 minutes for a quick chat?  I'm happy to build a free prototype to show you what's possible.  Here's what we've been working on: - STRUKKD LABS: https://strukkdlabs.vercel.app/ - My portfolio: https://rj-portfolio-resume.vercel.app/  Totally understand if the timing isn't right. But if you're thinking about improving your digital presence, I'd love to help.  Cheers, Robert James Cabansay Founder, STRUKKD LABS https://strukkdlabs.vercel.app/  --- 📧 rjamscxx@gmail.com 🌐 strukkdlabs.vercel.app 💼 rj-portfolio-resume.vercel.app"
"hello@maya.ph","Maya Philippines","Quick question about Maya Philippines's tech needs","default","Good day,  I came across Maya Philippines and was impressed by what you're building.  I'm Robert James, founder of STRUKKD LABS. We're a full-stack development studio based in the Philippines.  We've helped similar businesses streamline their operations with custom software solutions.  I'd love to learn more about Maya Philippines's challenges. Do you have 15 minutes for a quick chat?  I'm happy to build a free prototype to show you what's possible.  Here's what we've been working on: - STRUKKD LABS: https://strukkdlabs.vercel.app/ - My portfolio: https://rj-portfolio-resume.vercel.app/  Totally understand if the timing isn't right. But if you're thinking about improving your digital presence, I'd love to help.  Cheers, Robert James Cabansay Founder, STRUKKD LABS https://strukkdlabs.vercel.app/  --- 📧 rjamscxx@gmail.com 🌐 strukkdlabs.vercel.app 💼 rj-portfolio-resume.vercel.app"
"hello@hive.ph","Hive PH","Quick question about Hive PH's tech needs","default","Hello,  While researching co-working management needing desk booking and member portal businesses, I found Hive PH and thought of reaching out.  I'm Robert James, founder of STRUKKD LABS. We're a full-stack development studio based in the Philippines.  We've helped similar businesses streamline their operations with custom software solutions.  I'd love to learn more about Hive PH's challenges. Do you have 15 minutes for a quick chat?  I'm happy to build a free prototype to show you what's possible.  Here's what we've been working on: - STRUKKD LABS: https://strukkdlabs.vercel.app/ - My portfolio: https://rj-portfolio-resume.vercel.app/  Totally understand if the timing isn't right. But if you're thinking about improving your digital presence, I'd love to help.  Cheers, Robert James Cabansay Founder, STRUKKD LABS https://strukkdlabs.vercel.app/  --- 📧 rjamscxx@gmail.com 🌐 strukkdlabs.vercel.app 💼 rj-portfolio-resume.vercel.app"
"hello@medgrocer.com","MedGrocer","Quick question about MedGrocer's tech needs","default","Hello,  I came across MedGrocer and was impressed by what you're building.  I'm Robert James, founder of STRUKKD LABS. We're a full-stack development studio based in the Philippines.  We help businesses like MedGrocer build custom software that saves time and increases revenue.  Would you be open to a quick 15-minute call to discuss how we might help MedGrocer?  I'm happy to build a free prototype to show you what's possible.  Here's what we've been working on: - STRUKKD LABS: https://strukkdlabs.vercel.app/ - My portfolio: https://rj-portfolio-resume.vercel.app/  Totally understand if the timing isn't right. But if you're thinking about improving your digital presence, I'd love to help.  Cheers, Robert James Cabansay Founder, STRUKKD LABS https://strukkdlabs.vercel.app/  --- 📧 rjamscxx@gmail.com 🌐 strukkdlabs.vercel.app 💼 rj-portfolio-resume.vercel.app"
"hello@codechum.com","CodeChum","Quick question about CodeChum's tech needs","default","Good day,  I came across CodeChum and was impressed by what you're building.  I'm Robert James, founder of STRUKKD LABS. We're a full-stack development studio based in the Philippines.  We help businesses like CodeChum build custom software that saves time and increases revenue.  I'd love to learn more about CodeChum's challenges. Do you have 15 minutes for a quick chat?  I'm happy to build a free prototype to show you what's possible.  Here's what we've been working on: - STRUKKD LABS: https://strukkdlabs.vercel.app/ - My portfolio: https://rj-portfolio-resume.vercel.app/  Totally understand if the timing isn't right. But if you're thinking about improving your digital presence, I'd love to help.  Cheers, Robert James Cabansay Founder, STRUKKD LABS https://strukkdlabs.vercel.app/  --- 📧 rjamscxx@gmail.com 🌐 strukkdlabs.vercel.app 💼 rj-portfolio-resume.vercel.app"
"hello@yugatech.com","YugaTech","Quick question about YugaTech's tech needs","default","Hello,  I came across YugaTech and was impressed by what you're building.  I'm Robert James, founder of STRUKKD LABS. We're a full-stack development studio based in the Philippines.  We've helped similar businesses streamline their operations with custom software solutions.  I'd love to learn more about YugaTech's challenges. Do you have 15 minutes for a quick chat?  I'm happy to build a free prototype to show you what's possible.  Here's what we've been working on: - STRUKKD LABS: https://strukkdlabs.vercel.app/ - My portfolio: https://rj-portfolio-resume.vercel.app/  Totally understand if the timing isn't right. But if you're thinking about improving your digital presence, I'd love to help.  Cheers, Robert James Cabansay Founder, STRUKKD LABS https://strukkdlabs.vercel.app/  --- 📧 rjamscxx@gmail.com 🌐 strukkdlabs.vercel.app 💼 rj-portfolio-resume.vercel.app"
"hello@pinoytechnoguide.com","Pinoy Techno Guide","Quick question about Pinoy Techno Guide's tech needs","default","Hi there,  I noticed Pinoy Techno Guide in the tech media needing product database and comparison tools space and wanted to reach out.  I'm Robert James, founder of STRUKKD LABS. We're a full-stack development studio based in the Philippines.  Our team specializes in building web apps and systems for companies like Pinoy Techno Guide.  Would you be open to a quick 15-minute call to discuss how we might help Pinoy Techno Guide?  I'm happy to build a free prototype to show you what's possible.  Here's what we've been working on: - STRUKKD LABS: https://strukkdlabs.vercel.app/ - My portfolio: https://rj-portfolio-resume.vercel.app/  Totally understand if the timing isn't right. But if you're thinking about improving your digital presence, I'd love to help.  Cheers, Robert James Cabansay Founder, STRUKKD LABS https://strukkdlabs.vercel.app/  --- 📧 rjamscxx@gmail.com 🌐 strukkdlabs.vercel.app 💼 rj-portfolio-resume.vercel.app"
"hello@zomato.ph","Zomato PH","Quick question about Zomato PH's tech needs","restaurant","Good day,  I came across Zomato PH and love what you're doing with food in Makati.  I'm Robert James, founder of STRUKKD LABS. We're a full-stack development studio based in the Philippines.  We help restaurants like Zomato PH build online ordering systems that increase sales by 30%.  Would you be open to a quick 15-minute call to discuss how we might help Zomato PH?  I'm happy to build a free prototype to show you what's possible.  Here's what we've been working on: - STRUKKD LABS: https://strukkdlabs.vercel.app/ - My portfolio: https://rj-portfolio-resume.vercel.app/  Totally understand if the timing isn't right. But if you're thinking about improving your digital presence, I'd love to help.  Cheers, Robert James Cabansay Founder, STRUKKD LABS https://strukkdlabs.vercel.app/  --- 📧 rjamscxx@gmail.com 🌐 strukkdlabs.vercel.app 💼 rj-portfolio-resume.vercel.app"
"hello@cloudeats.ph","CloudEats PH","Quick question about CloudEats PH's tech needs","default","Good day,  I came across CloudEats PH and was impressed by what you're building.  I'm Robert James, founder of STRUKKD LABS. We're a full-stack development studio based in the Philippines.  We've helped similar businesses streamline their operations with custom software solutions.  I'd love to learn more about CloudEats PH's challenges. Do you have 15 minutes for a quick chat?  I'm happy to build a free prototype to show you what's possible.  Here's what we've been working on: - STRUKKD LABS: https://strukkdlabs.vercel.app/ - My portfolio: https://rj-portfolio-resume.vercel.app/  Totally understand if the timing isn't right. But if you're thinking about improving your digital presence, I'd love to help.  Cheers, Robert James Cabansay Founder, STRUKKD LABS https://strukkdlabs.vercel.app/  --- 📧 rjamscxx@gmail.com 🌐 strukkdlabs.vercel.app 💼 rj-portfolio-resume.vercel.app"
"hello@lakbay.ph","Lakbay PH","Quick question about Lakbay PH's tech needs","default","Hi there,  I noticed Lakbay PH in the travel platform needing booking and itinerary management space and wanted to reach out.  I'm Robert James, founder of STRUKKD LABS. We're a full-stack development studio based in the Philippines.  We've helped similar businesses streamline their operations with custom software solutions.  Would you be open to a quick 15-minute call to discuss how we might help Lakbay PH?  I'm happy to build a free prototype to show you what's possible.  Here's what we've been working on: - STRUKKD LABS: https://strukkdlabs.vercel.app/ - My portfolio: https://rj-portfolio-resume.vercel.app/  Totally understand if the timing isn't right. But if you're thinking about improving your digital presence, I'd love to help.  Cheers, Robert James Cabansay Founder, STRUKKD LABS https://strukkdlabs.vercel.app/  --- 📧 rjamscxx@gmail.com 🌐 strukkdlabs.vercel.app 💼 rj-portfolio-resume.vercel.app"
"hello@klook.ph","Klook PH","Quick question about Klook PH's tech needs","default","Good day,  I noticed Klook PH in the activities platform needing booking and review management space and wanted to reach out.  I'm Robert James, founder of STRUKKD LABS. We're a full-stack development studio based in the Philippines.  Our team specializes in building web apps and systems for companies like Klook PH.  I'd love to learn more about Klook PH's challenges. Do you have 15 minutes for a quick chat?  I'm happy to build a free prototype to show you what's possible.  Here's what we've been working on: - STRUKKD LABS: https://strukkdlabs.vercel.app/ - My portfolio: https://rj-portfolio-resume.vercel.app/  Totally understand if the timing isn't right. But if you're thinking about improving your digital presence, I'd love to help.  Cheers, Robert James Cabansay Founder, STRUKKD LABS https://strukkdlabs.vercel.app/  --- 📧 rjamscxx@gmail.com 🌐 strukkdlabs.vercel.app 💼 rj-portfolio-resume.vercel.app"
"hello@2go.com.ph","2Go Travel","Quick question about 2Go Travel's tech needs","default","Hello,  While researching ferry service needing booking and passenger management businesses, I found 2Go Travel and thought of reaching out.  I'm Robert James, founder of STRUKKD LABS. We're a full-stack development studio based in the Philippines.  We help businesses like 2Go Travel build custom software that saves time and increases revenue.  Would you be open to a quick 15-minute call to discuss how we might help 2Go Travel?  I'm happy to build a free prototype to show you what's possible.  Here's what we've been working on: - STRUKKD LABS: https://strukkdlabs.vercel.app/ - My portfolio: https://rj-portfolio-resume.vercel.app/  Totally understand if the timing isn't right. But if you're thinking about improving your digital presence, I'd love to help.  Cheers, Robert James Cabansay Founder, STRUKKD LABS https://strukkdlabs.vercel.app/  --- 📧 rjamscxx@gmail.com 🌐 strukkdlabs.vercel.app 💼 rj-portfolio-resume.vercel.app"
"cargo@pal.com.ph","Philippine Airlines Cargo","Quick question about Philippine Airlines Cargo's tech needs","default","Hi there,  I noticed Philippine Airlines Cargo in the airline cargo needing booking and tracking platform space and wanted to reach out.  I'm Robert James, founder of STRUKKD LABS. We're a full-stack development studio based in the Philippines.  Our team specializes in building web apps and systems for companies like Philippine Airlines Cargo.  I'd love to learn more about Philippine Airlines Cargo's challenges. Do you have 15 minutes for a quick chat?  I'm happy to build a free prototype to show you what's possible.  Here's what we've been working on: - STRUKKD LABS: https://strukkdlabs.vercel.app/ - My portfolio: https://rj-portfolio-resume.vercel.app/  Totally understand if the timing isn't right. But if you're thinking about improving your digital presence, I'd love to help.  Cheers, Robert James Cabansay Founder, STRUKKD LABS https://strukkdlabs.vercel.app/  --- 📧 rjamscxx@gmail.com 🌐 strukkdlabs.vercel.app 💼 rj-portfolio-resume.vercel.app"
"baledutong@gmail.com","Bale Dutong - Makati","Quick question about Bale Dutong - Makati's tech needs","restaurant","Hi there,  I came across Bale Dutong - Makati and love what you're doing with food in Makati.  I'm Robert James, founder of STRUKKD LABS. We're a full-stack development studio based in the Philippines.  We've helped similar restaurants streamline their operations with custom software.  I'd love to learn more about Bale Dutong - Makati's challenges. Do you have 15 minutes for a quick chat?  I'm happy to build a free prototype to show you what's possible.  Here's what we've been working on: - STRUKKD LABS: https://strukkdlabs.vercel.app/ - My portfolio: https://rj-portfolio-resume.vercel.app/  Totally understand if the timing isn't right. But if you're thinking about improving your digital presence, I'd love to help.  Cheers, Robert James Cabansay Founder, STRUKKD LABS https://strukkdlabs.vercel.app/  --- 📧 rjamscxx@gmail.com 🌐 strukkdlabs.vercel.app 💼 rj-portfolio-resume.vercel.app"
"bgc@silantro.com.ph","Silantro BGC","Quick question about Silantro BGC's tech needs","restaurant","Hello,  I've heard great things about Silantro BGC and wanted to reach out.  I'm Robert James, founder of STRUKKD LABS. We're a full-stack development studio based in the Philippines.  We've helped similar restaurants streamline their operations with custom software.  Would you be open to a quick 15-minute call to discuss how we might help Silantro BGC?  I'm happy to build a free prototype to show you what's possible.  Here's what we've been working on: - STRUKKD LABS: https://strukkdlabs.vercel.app/ - My portfolio: https://rj-portfolio-resume.vercel.app/  Totally understand if the timing isn't right. But if you're thinking about improving your digital presence, I'd love to help.  Cheers, Robert James Cabansay Founder, STRUKKD LABS https://strukkdlabs.vercel.app/  --- 📧 rjamscxx@gmail.com 🌐 strukkdlabs.vercel.app 💼 rj-portfolio-resume.vercel.app"
"makati@learnhub.ph","LearnHub Makati","Quick question about LearnHub Makati's tech needs","default","Hello,  While researching learning center needing lms and student management businesses, I found LearnHub Makati and thought of reaching out.  I'm Robert James, founder of STRUKKD LABS. We're a full-stack development studio based in the Philippines.  We help businesses like LearnHub Makati build custom software that saves time and increases revenue.  Would you be open to a quick 15-minute call to discuss how we might help LearnHub Makati?  I'm happy to build a free prototype to show you what's possible.  Here's what we've been working on: - STRUKKD LABS: https://strukkdlabs.vercel.app/ - My portfolio: https://rj-portfolio-resume.vercel.app/  Totally understand if the timing isn't right. But if you're thinking about improving your digital presence, I'd love to help.  Cheers, Robert James Cabansay Founder, STRUKKD LABS https://strukkdlabs.vercel.app/  --- 📧 rjamscxx@gmail.com 🌐 strukkdlabs.vercel.app 💼 rj-portfolio-resume.vercel.app"
"makati@pawsandclaws.ph","Paws and Claws Makati","Quick question about Paws and Claws Makati's tech needs","default","Hello,  While researching pet grooming needing appointment booking and crm businesses, I found Paws and Claws Makati and thought of reaching out.  I'm Robert James, founder of STRUKKD LABS. We're a full-stack development studio based in the Philippines.  We've helped similar businesses streamline their operations with custom software solutions.  Would you be open to a quick 15-minute call to discuss how we might help Paws and Claws Makati?  I'm happy to build a free prototype to show you what's possible.  Here's what we've been working on: - STRUKKD LABS: https://strukkdlabs.vercel.app/ - My portfolio: https://rj-portfolio-resume.vercel.app/  Totally understand if the timing isn't right. But if you're thinking about improving your digital presence, I'd love to help.  Cheers, Robert James Cabansay Founder, STRUKKD LABS https://strukkdlabs.vercel.app/  --- 📧 rjamscxx@gmail.com 🌐 strukkdlabs.vercel.app 💼 rj-portfolio-resume.vercel.app"
"makati@wellnesshub.ph","Wellness Hub Makati","Quick question about Wellness Hub Makati's tech needs","default","Hi there,  I noticed Wellness Hub Makati in the wellness center needing booking and membership system space and wanted to reach out.  I'm Robert James, founder of STRUKKD LABS. We're a full-stack development studio based in the Philippines.  Our team specializes in building web apps and systems for companies like Wellness Hub Makati.  I'd love to learn more about Wellness Hub Makati's challenges. Do you have 15 minutes for a quick chat?  I'm happy to build a free prototype to show you what's possible.  Here's what we've been working on: - STRUKKD LABS: https://strukkdlabs.vercel.app/ - My portfolio: https://rj-portfolio-resume.vercel.app/  Totally understand if the timing isn't right. But if you're thinking about improving your digital presence, I'd love to help.  Cheers, Robert James Cabansay Founder, STRUKKD LABS https://strukkdlabs.vercel.app/  --- 📧 rjamscxx@gmail.com 🌐 strukkdlabs.vercel.app 💼 rj-portfolio-resume.vercel.app"
"pasig@womenshealth.ph","Women's Health Pasig","Quick question about Women's Health Pasig's tech needs","default","Good day,  While researching women's health clinic needing appointment booking and patient portal businesses, I found Women's Health Pasig and thought of reaching out.  I'm Robert James, founder of STRUKKD LABS. We're a full-stack development studio based in the Philippines.  We've helped similar businesses streamline their operations with custom software solutions.  Would you be open to a quick 15-minute call to discuss how we might help Women's Health Pasig?  I'm happy to build a free prototype to show you what's possible.  Here's what we've been working on: - STRUKKD LABS: https://strukkdlabs.vercel.app/ - My portfolio: https://rj-portfolio-resume.vercel.app/  Totally understand if the timing isn't right. But if you're thinking about improving your digital presence, I'd love to help.  Cheers, Robert James Cabansay Founder, STRUKKD LABS https://strukkdlabs.vercel.app/  --- 📧 rjamscxx@gmail.com 🌐 strukkdlabs.vercel.app 💼 rj-portfolio-resume.vercel.app"
"salon@hairlab.ph","Hair Lab BGC Salon","Quick question about Hair Lab BGC Salon's tech needs","default","Hi there,  While researching hair salon needing appointment booking and customer management businesses, I found Hair Lab BGC Salon and thought of reaching out.  I'm Robert James, founder of STRUKKD LABS. We're a full-stack development studio based in the Philippines.  We've helped similar businesses streamline their operations with custom software solutions.  Would you be open to a quick 15-minute call to discuss how we might help Hair Lab BGC Salon?  I'm happy to build a free prototype to show you what's possible.  Here's what we've been working on: - STRUKKD LABS: https://strukkdlabs.vercel.app/ - My portfolio: https://rj-portfolio-resume.vercel.app/  Totally understand if the timing isn't right. But if you're thinking about improving your digital presence, I'd love to help.  Cheers, Robert James Cabansay Founder, STRUKKD LABS https://strukkdlabs.vercel.app/  --- 📧 rjamscxx@gmail.com 🌐 strukkdlabs.vercel.app 💼 rj-portfolio-resume.vercel.app"
"cdo@coffee.ph","Cagayan de Oro Coffee","Quick question about Cagayan de Oro Coffee's tech needs","cafe","Good day,  Your cafe concept looks amazing! I wanted to reach out about tech solutions.  I'm Robert James, founder of STRUKKD LABS. We're a full-stack development studio based in the Philippines.  We've helped cafes increase repeat customers by 40% with custom apps.  Would you be interested in a free consultation to explore how we can help Cagayan de Oro Coffee?  I'm happy to build a free prototype to show you what's possible.  Here's what we've been working on: - STRUKKD LABS: https://strukkdlabs.vercel.app/ - My portfolio: https://rj-portfolio-resume.vercel.app/  Totally understand if the timing isn't right. But if you're thinking about improving your digital presence, I'd love to help.  Cheers, Robert James Cabansay Founder, STRUKKD LABS https://strukkdlabs.vercel.app/  --- 📧 rjamscxx@gmail.com 🌐 strukkdlabs.vercel.app 💼 rj-portfolio-resume.vercel.app"
"baguio@dentalclinic.ph","Baguio Dental Clinic","Quick question about Baguio Dental Clinic's tech needs","default","Hi there,  I came across Baguio Dental Clinic and was impressed by what you're building.  I'm Robert James, founder of STRUKKD LABS. We're a full-stack development studio based in the Philippines.  We've helped similar businesses streamline their operations with custom software solutions.  I'd love to learn more about Baguio Dental Clinic's challenges. Do you have 15 minutes for a quick chat?  I'm happy to build a free prototype to show you what's possible.  Here's what we've been working on: - STRUKKD LABS: https://strukkdlabs.vercel.app/ - My portfolio: https://rj-portfolio-resume.vercel.app/  Totally understand if the timing isn't right. But if you're thinking about improving your digital presence, I'd love to help.  Cheers, Robert James Cabansay Founder, STRUKKD LABS https://strukkdlabs.vercel.app/  --- 📧 rjamscxx@gmail.com 🌐 strukkdlabs.vercel.app 💼 rj-portfolio-resume.vercel.app"
"rodnunz@gmail.com","Rod Nunz Tech Solutions","Quick question about Rod Nunz Tech Solutions's tech needs","default","Hi there,  I noticed Rod Nunz Tech Solutions in the digital agency seeking client portal space and wanted to reach out.  I'm Robert James, founder of STRUKKD LABS. We're a full-stack development studio based in the Philippines.  Our team specializes in building web apps and systems for companies like Rod Nunz Tech Solutions.  Would you be open to a quick 15-minute call to discuss how we might help Rod Nunz Tech Solutions?  I'm happy to build a free prototype to show you what's possible.  Here's what we've been working on: - STRUKKD LABS: https://strukkdlabs.vercel.app/ - My portfolio: https://rj-portfolio-resume.vercel.app/  Totally understand if the timing isn't right. But if you're thinking about improving your digital presence, I'd love to help.  Cheers, Robert James Cabansay Founder, STRUKKD LABS https://strukkdlabs.vercel.app/  --- 📧 rjamscxx@gmail.com 🌐 strukkdlabs.vercel.app 💼 rj-portfolio-resume.vercel.app"
"info@glowupph.com","Glow Up PH","Quick question about Glow Up PH's tech needs","default","Good day,  I noticed Glow Up PH in the beauty brand needing online store space and wanted to reach out.  I'm Robert James, founder of STRUKKD LABS. We're a full-stack development studio based in the Philippines.  Our team specializes in building web apps and systems for companies like Glow Up PH.  Would you be open to a quick 15-minute call to discuss how we might help Glow Up PH?  I'm happy to build a free prototype to show you what's possible.  Here's what we've been working on: - STRUKKD LABS: https://strukkdlabs.vercel.app/ - My portfolio: https://rj-portfolio-resume.vercel.app/  Totally understand if the timing isn't right. But if you're thinking about improving your digital presence, I'd love to help.  Cheers, Robert James Cabansay Founder, STRUKKD LABS https://strukkdlabs.vercel.app/  --- 📧 rjamscxx@gmail.com 🌐 strukkdlabs.vercel.app 💼 rj-portfolio-resume.vercel.app"
"hello@craftbeerph.com","Craft Beer PH","Quick question about Craft Beer PH's tech needs","default","Hello,  While researching craft beer shop needing e-commerce businesses, I found Craft Beer PH and thought of reaching out.  I'm Robert James, founder of STRUKKD LABS. We're a full-stack development studio based in the Philippines.  Our team specializes in building web apps and systems for companies like Craft Beer PH.  I'd love to learn more about Craft Beer PH's challenges. Do you have 15 minutes for a quick chat?  I'm happy to build a free prototype to show you what's possible.  Here's what we've been working on: - STRUKKD LABS: https://strukkdlabs.vercel.app/ - My portfolio: https://rj-portfolio-resume.vercel.app/  Totally understand if the timing isn't right. But if you're thinking about improving your digital presence, I'd love to help.  Cheers, Robert James Cabansay Founder, STRUKKD LABS https://strukkdlabs.vercel.app/  --- 📧 rjamscxx@gmail.com 🌐 strukkdlabs.vercel.app 💼 rj-portfolio-resume.vercel.app"
"connect@phdigitalmarketing.com","Philippine Digital Marketing","Quick question about Philippine Digital Marketing's tech needs","default","Hi there,  I noticed Philippine Digital Marketing in the digital marketing community needing platform space and wanted to reach out.  I'm Robert James, founder of STRUKKD LABS. We're a full-stack development studio based in the Philippines.  We've helped similar businesses streamline their operations with custom software solutions.  I'd love to learn more about Philippine Digital Marketing's challenges. Do you have 15 minutes for a quick chat?  I'm happy to build a free prototype to show you what's possible.  Here's what we've been working on: - STRUKKD LABS: https://strukkdlabs.vercel.app/ - My portfolio: https://rj-portfolio-resume.vercel.app/  Totally understand if the timing isn't right. But if you're thinking about improving your digital presence, I'd love to help.  Cheers, Robert James Cabansay Founder, STRUKKD LABS https://strukkdlabs.vercel.app/  --- 📧 rjamscxx@gmail.com 🌐 strukkdlabs.vercel.app 💼 rj-portfolio-resume.vercel.app"
"info@cebuwellnesshub.com","Cebu Wellness Hub","Quick question about Cebu Wellness Hub's tech needs","default","Hello,  While researching wellness community needing platform businesses, I found Cebu Wellness Hub and thought of reaching out.  I'm Robert James, founder of STRUKKD LABS. We're a full-stack development studio based in the Philippines.  Our team specializes in building web apps and systems for companies like Cebu Wellness Hub.  I'd love to learn more about Cebu Wellness Hub's challenges. Do you have 15 minutes for a quick chat?  I'm happy to build a free prototype to show you what's possible.  Here's what we've been working on: - STRUKKD LABS: https://strukkdlabs.vercel.app/ - My portfolio: https://rj-portfolio-resume.vercel.app/  Totally understand if the timing isn't right. But if you're thinking about improving your digital presence, I'd love to help.  Cheers, Robert James Cabansay Founder, STRUKKD LABS https://strukkdlabs.vercel.app/  --- 📧 rjamscxx@gmail.com 🌐 strukkdlabs.vercel.app 💼 rj-portfolio-resume.vercel.app"
"connect@manilacondoliving.com","Manila Condo Living","Quick question about Manila Condo Living's tech needs","default","Good day,  I noticed Manila Condo Living in the condo community needing platform space and wanted to reach out.  I'm Robert James, founder of STRUKKD LABS. We're a full-stack development studio based in the Philippines.  We help businesses like Manila Condo Living build custom software that saves time and increases revenue.  I'd love to learn more about Manila Condo Living's challenges. Do you have 15 minutes for a quick chat?  I'm happy to build a free prototype to show you what's possible.  Here's what we've been working on: - STRUKKD LABS: https://strukkdlabs.vercel.app/ - My portfolio: https://rj-portfolio-resume.vercel.app/  Totally understand if the timing isn't right. But if you're thinking about improving your digital presence, I'd love to help.  Cheers, Robert James Cabansay Founder, STRUKKD LABS https://strukkdlabs.vercel.app/  --- 📧 rjamscxx@gmail.com 🌐 strukkdlabs.vercel.app 💼 rj-portfolio-resume.vercel.app"
"hello@manilainteriordesign.com","Manila Interior Design","Quick question about Manila Interior Design's tech needs","default","Hi there,  I noticed Manila Interior Design in the interior design community needing directory space and wanted to reach out.  I'm Robert James, founder of STRUKKD LABS. We're a full-stack development studio based in the Philippines.  We help businesses like Manila Interior Design build custom software that saves time and increases revenue.  I'd love to learn more about Manila Interior Design's challenges. Do you have 15 minutes for a quick chat?  I'm happy to build a free prototype to show you what's possible.  Here's what we've been working on: - STRUKKD LABS: https://strukkdlabs.vercel.app/ - My portfolio: https://rj-portfolio-resume.vercel.app/  Totally understand if the timing isn't right. But if you're thinking about improving your digital presence, I'd love to help.  Cheers, Robert James Cabansay Founder, STRUKKD LABS https://strukkdlabs.vercel.app/  --- 📧 rjamscxx@gmail.com 🌐 strukkdlabs.vercel.app 💼 rj-portfolio-resume.vercel.app"
"info@strengthcables.com","Strength Cables","Quick question about Strength Cables's tech needs","default","Good day,  I came across Strength Cables and was impressed by what you're building.  I'm Robert James, founder of STRUKKD LABS. We're a full-stack development studio based in the Philippines.  Our team specializes in building web apps and systems for companies like Strength Cables.  Would you be open to a quick 15-minute call to discuss how we might help Strength Cables?  I'm happy to build a free prototype to show you what's possible.  Here's what we've been working on: - STRUKKD LABS: https://strukkdlabs.vercel.app/ - My portfolio: https://rj-portfolio-resume.vercel.app/  Totally understand if the timing isn't right. But if you're thinking about improving your digital presence, I'd love to help.  Cheers, Robert James Cabansay Founder, STRUKKD LABS https://strukkdlabs.vercel.app/  --- 📧 rjamscxx@gmail.com 🌐 strukkdlabs.vercel.app 💼 rj-portfolio-resume.vercel.app"
"info@perfumery.ph","Perfumery Philippines","Quick question about Perfumery Philippines's tech needs","default","Hi there,  I noticed Perfumery Philippines in the e-commerce - perfume retail space and wanted to reach out.  I'm Robert James, founder of STRUKKD LABS. We're a full-stack development studio based in the Philippines.  Our team specializes in building web apps and systems for companies like Perfumery Philippines.  I'd love to learn more about Perfumery Philippines's challenges. Do you have 15 minutes for a quick chat?  I'm happy to build a free prototype to show you what's possible.  Here's what we've been working on: - STRUKKD LABS: https://strukkdlabs.vercel.app/ - My portfolio: https://rj-portfolio-resume.vercel.app/  Totally understand if the timing isn't right. But if you're thinking about improving your digital presence, I'd love to help.  Cheers, Robert James Cabansay Founder, STRUKKD LABS https://strukkdlabs.vercel.app/  --- 📧 rjamscxx@gmail.com 🌐 strukkdlabs.vercel.app 💼 rj-portfolio-resume.vercel.app"
"inquiries@hotelclient.ph","Hotel Website Client","Quick question about Hotel Website Client's tech needs","default","Hi there,  I noticed Hotel Website Client in the hospitality - hotel space and wanted to reach out.  I'm Robert James, founder of STRUKKD LABS. We're a full-stack development studio based in the Philippines.  We've helped similar businesses streamline their operations with custom software solutions.  Would you be open to a quick 15-minute call to discuss how we might help Hotel Website Client?  I'm happy to build a free prototype to show you what's possible.  Here's what we've been working on: - STRUKKD LABS: https://strukkdlabs.vercel.app/ - My portfolio: https://rj-portfolio-resume.vercel.app/  Totally understand if the timing isn't right. But if you're thinking about improving your digital presence, I'd love to help.  Cheers, Robert James Cabansay Founder, STRUKKD LABS https://strukkdlabs.vercel.app/  --- 📧 rjamscxx@gmail.com 🌐 strukkdlabs.vercel.app 💼 rj-portfolio-resume.vercel.app"
"contact@mylittlebigboss.com","My Little Big Boss","Quick question about My Little Big Boss's tech needs","default","Hi there,  While researching business development - partnership platform businesses, I found My Little Big Boss and thought of reaching out.  I'm Robert James, founder of STRUKKD LABS. We're a full-stack development studio based in the Philippines.  We help businesses like My Little Big Boss build custom software that saves time and increases revenue.  Would you be open to a quick 15-minute call to discuss how we might help My Little Big Boss?  I'm happy to build a free prototype to show you what's possible.  Here's what we've been working on: - STRUKKD LABS: https://strukkdlabs.vercel.app/ - My portfolio: https://rj-portfolio-resume.vercel.app/  Totally understand if the timing isn't right. But if you're thinking about improving your digital presence, I'd love to help.  Cheers, Robert James Cabansay Founder, STRUKKD LABS https://strukkdlabs.vercel.app/  --- 📧 rjamscxx@gmail.com 🌐 strukkdlabs.vercel.app 💼 rj-portfolio-resume.vercel.app"
"info@oliveandfigs.com","Olive & Figs Restaurant","Quick question about Olive & Figs Restaurant's tech needs","restaurant","Good day,  I came across Olive & Figs Restaurant and love what you're doing with food in Cebu.  I'm Robert James, founder of STRUKKD LABS. We're a full-stack development studio based in the Philippines.  We help restaurants like Olive & Figs Restaurant build online ordering systems that increase sales by 30%.  Would you be open to a quick 15-minute call to discuss how we might help Olive & Figs Restaurant?  I'm happy to build a free prototype to show you what's possible.  Here's what we've been working on: - STRUKKD LABS: https://strukkdlabs.vercel.app/ - My portfolio: https://rj-portfolio-resume.vercel.app/  Totally understand if the timing isn't right. But if you're thinking about improving your digital presence, I'd love to help.  Cheers, Robert James Cabansay Founder, STRUKKD LABS https://strukkdlabs.vercel.app/  --- 📧 rjamscxx@gmail.com 🌐 strukkdlabs.vercel.app 💼 rj-portfolio-resume.vercel.app"
"info@wildflour.com.ph","Wild Flour Restaurant","Quick question about Wild Flour Restaurant's tech needs","restaurant","Hello,  Your restaurant caught my attention while researching restaurant - bakery and dining businesses.  I'm Robert James, founder of STRUKKD LABS. We're a full-stack development studio based in the Philippines.  We've helped similar restaurants streamline their operations with custom software.  I'd love to learn more about Wild Flour Restaurant's challenges. Do you have 15 minutes for a quick chat?  I'm happy to build a free prototype to show you what's possible.  Here's what we've been working on: - STRUKKD LABS: https://strukkdlabs.vercel.app/ - My portfolio: https://rj-portfolio-resume.vercel.app/  Totally understand if the timing isn't right. But if you're thinking about improving your digital presence, I'd love to help.  Cheers, Robert James Cabansay Founder, STRUKKD LABS https://strukkdlabs.vercel.app/  --- 📧 rjamscxx@gmail.com 🌐 strukkdlabs.vercel.app 💼 rj-portfolio-resume.vercel.app"
"info@bristoltwenty.com","Bristol Twenty","Quick question about Bristol Twenty's tech needs","cafe","Good day,  I found Bristol Twenty while researching cafes in Metro Manila and was impressed.  I'm Robert James, founder of STRUKKD LABS. We're a full-stack development studio based in the Philippines.  We've helped cafes increase repeat customers by 40% with custom apps.  Free for a quick virtual coffee? I have some ideas specific to Bristol Twenty.  I'm happy to build a free prototype to show you what's possible.  Here's what we've been working on: - STRUKKD LABS: https://strukkdlabs.vercel.app/ - My portfolio: https://rj-portfolio-resume.vercel.app/  Totally understand if the timing isn't right. But if you're thinking about improving your digital presence, I'd love to help.  Cheers, Robert James Cabansay Founder, STRUKKD LABS https://strukkdlabs.vercel.app/  --- 📧 rjamscxx@gmail.com 🌐 strukkdlabs.vercel.app 💼 rj-portfolio-resume.vercel.app"
"info@contis.ph","Conti's Bakeshop & Restaurant","Quick question about Conti's Bakeshop & Restaurant's tech needs","restaurant","Hi there,  I came across Conti's Bakeshop & Restaurant and love what you're doing with food in Metro Manila.  I'm Robert James, founder of STRUKKD LABS. We're a full-stack development studio based in the Philippines.  We've helped similar restaurants streamline their operations with custom software.  I'd love to learn more about Conti's Bakeshop & Restaurant's challenges. Do you have 15 minutes for a quick chat?  I'm happy to build a free prototype to show you what's possible.  Here's what we've been working on: - STRUKKD LABS: https://strukkdlabs.vercel.app/ - My portfolio: https://rj-portfolio-resume.vercel.app/  Totally understand if the timing isn't right. But if you're thinking about improving your digital presence, I'd love to help.  Cheers, Robert James Cabansay Founder, STRUKKD LABS https://strukkdlabs.vercel.app/  --- 📧 rjamscxx@gmail.com 🌐 strukkdlabs.vercel.app 💼 rj-portfolio-resume.vercel.app"
"info@limitlesstech.ph","Limitless Tech Solutions","Quick question about Limitless Tech Solutions's tech needs","default","Hi there,  I noticed Limitless Tech Solutions in the hardware & iot - tech startup space and wanted to reach out.  I'm Robert James, founder of STRUKKD LABS. We're a full-stack development studio based in the Philippines.  We help businesses like Limitless Tech Solutions build custom software that saves time and increases revenue.  I'd love to learn more about Limitless Tech Solutions's challenges. Do you have 15 minutes for a quick chat?  I'm happy to build a free prototype to show you what's possible.  Here's what we've been working on: - STRUKKD LABS: https://strukkdlabs.vercel.app/ - My portfolio: https://rj-portfolio-resume.vercel.app/  Totally understand if the timing isn't right. But if you're thinking about improving your digital presence, I'd love to help.  Cheers, Robert James Cabansay Founder, STRUKKD LABS https://strukkdlabs.vercel.app/  --- 📧 rjamscxx@gmail.com 🌐 strukkdlabs.vercel.app 💼 rj-portfolio-resume.vercel.app"
"careers@sprout.ph","Sprout Solutions","Quick question about Sprout Solutions's tech needs","default","Hi there,  While researching saas - hr/payroll platform businesses, I found Sprout Solutions and thought of reaching out.  I'm Robert James, founder of STRUKKD LABS. We're a full-stack development studio based in the Philippines.  Our team specializes in building web apps and systems for companies like Sprout Solutions.  Would you be open to a quick 15-minute call to discuss how we might help Sprout Solutions?  I'm happy to build a free prototype to show you what's possible.  Here's what we've been working on: - STRUKKD LABS: https://strukkdlabs.vercel.app/ - My portfolio: https://rj-portfolio-resume.vercel.app/  Totally understand if the timing isn't right. But if you're thinking about improving your digital presence, I'd love to help.  Cheers, Robert James Cabansay Founder, STRUKKD LABS https://strukkdlabs.vercel.app/  --- 📧 rjamscxx@gmail.com 🌐 strukkdlabs.vercel.app 💼 rj-portfolio-resume.vercel.app"
"support@gcash.com","GCash","Quick question about GCash's tech needs","fintech","Good day,  I've been following GCash's growth and wanted to reach out.  I'm Robert James, founder of STRUKKD LABS. We're a full-stack development studio based in the Philippines.  Our team specializes in fintech development with compliance in mind.  I'd love to explore how we might support GCash's technical needs.  I'm happy to build a free prototype to show you what's possible.  Here's what we've been working on: - STRUKKD LABS: https://strukkdlabs.vercel.app/ - My portfolio: https://rj-portfolio-resume.vercel.app/  Totally understand if the timing isn't right. But if you're thinking about improving your digital presence, I'd love to help.  Cheers, Robert James Cabansay Founder, STRUKKD LABS https://strukkdlabs.vercel.app/  --- 📧 rjamscxx@gmail.com 🌐 strukkdlabs.vercel.app 💼 rj-portfolio-resume.vercel.app"
"startup.web@dict.gov.ph","Startup Philippines (Government)","Quick question about Startup Philippines (Government)'s tech needs","default","Hi there,  I noticed Startup Philippines (Government) in the government - startup ecosystem space and wanted to reach out.  I'm Robert James, founder of STRUKKD LABS. We're a full-stack development studio based in the Philippines.  Our team specializes in building web apps and systems for companies like Startup Philippines (Government).  Would you be open to a quick 15-minute call to discuss how we might help Startup Philippines (Government)?  I'm happy to build a free prototype to show you what's possible.  Here's what we've been working on: - STRUKKD LABS: https://strukkdlabs.vercel.app/ - My portfolio: https://rj-portfolio-resume.vercel.app/  Totally understand if the timing isn't right. But if you're thinking about improving your digital presence, I'd love to help.  Cheers, Robert James Cabansay Founder, STRUKKD LABS https://strukkdlabs.vercel.app/  --- 📧 rjamscxx@gmail.com 🌐 strukkdlabs.vercel.app 💼 rj-portfolio-resume.vercel.app"
"info@cafe41.ph","Cafe 41","Quick question about Cafe 41's tech needs","cafe","Hi there,  I found Cafe 41 while researching cafes in Metro Manila and was impressed.  I'm Robert James, founder of STRUKKD LABS. We're a full-stack development studio based in the Philippines.  We help cafes build loyalty programs and mobile ordering apps.  Would you be interested in a free consultation to explore how we can help Cafe 41?  I'm happy to build a free prototype to show you what's possible.  Here's what we've been working on: - STRUKKD LABS: https://strukkdlabs.vercel.app/ - My portfolio: https://rj-portfolio-resume.vercel.app/  Totally understand if the timing isn't right. But if you're thinking about improving your digital presence, I'd love to help.  Cheers, Robert James Cabansay Founder, STRUKKD LABS https://strukkdlabs.vercel.app/  --- 📧 rjamscxx@gmail.com 🌐 strukkdlabs.vercel.app 💼 rj-portfolio-resume.vercel.app"
"philippines@techplanter.com","TECH PLANTER Philippines","Quick question about TECH PLANTER Philippines's tech needs","default","Hi there,  I came across TECH PLANTER Philippines and was impressed by what you're building.  I'm Robert James, founder of STRUKKD LABS. We're a full-stack development studio based in the Philippines.  We help businesses like TECH PLANTER Philippines build custom software that saves time and increases revenue.  Would you be open to a quick 15-minute call to discuss how we might help TECH PLANTER Philippines?  I'm happy to build a free prototype to show you what's possible.  Here's what we've been working on: - STRUKKD LABS: https://strukkdlabs.vercel.app/ - My portfolio: https://rj-portfolio-resume.vercel.app/  Totally understand if the timing isn't right. But if you're thinking about improving your digital presence, I'd love to help.  Cheers, Robert James Cabansay Founder, STRUKKD LABS https://strukkdlabs.vercel.app/  --- 📧 rjamscxx@gmail.com 🌐 strukkdlabs.vercel.app 💼 rj-portfolio-resume.vercel.app"
"ehapigo@pcieerd.dost.gov.ph","PCIEERD Startup Grant","Quick question about PCIEERD Startup Grant's tech needs","default","Good day,  I noticed PCIEERD Startup Grant in the government - research and development space and wanted to reach out.  I'm Robert James, founder of STRUKKD LABS. We're a full-stack development studio based in the Philippines.  We help businesses like PCIEERD Startup Grant build custom software that saves time and increases revenue.  I'd love to learn more about PCIEERD Startup Grant's challenges. Do you have 15 minutes for a quick chat?  I'm happy to build a free prototype to show you what's possible.  Here's what we've been working on: - STRUKKD LABS: https://strukkdlabs.vercel.app/ - My portfolio: https://rj-portfolio-resume.vercel.app/  Totally understand if the timing isn't right. But if you're thinking about improving your digital presence, I'd love to help.  Cheers, Robert James Cabansay Founder, STRUKKD LABS https://strukkdlabs.vercel.app/  --- 📧 rjamscxx@gmail.com 🌐 strukkdlabs.vercel.app 💼 rj-portfolio-resume.vercel.app"
"info@cabel.ph","Cabel Restaurant","Quick question about Cabel Restaurant's tech needs","restaurant","Good day,  Your restaurant caught my attention while researching restaurant - filipino heritage cuisine businesses.  I'm Robert James, founder of STRUKKD LABS. We're a full-stack development studio based in the Philippines.  Our team builds custom reservation and delivery platforms for restaurants.  Would you be open to a quick 15-minute call to discuss how we might help Cabel Restaurant?  I'm happy to build a free prototype to show you what's possible.  Here's what we've been working on: - STRUKKD LABS: https://strukkdlabs.vercel.app/ - My portfolio: https://rj-portfolio-resume.vercel.app/  Totally understand if the timing isn't right. But if you're thinking about improving your digital presence, I'd love to help.  Cheers, Robert James Cabansay Founder, STRUKKD LABS https://strukkdlabs.vercel.app/  --- 📧 rjamscxx@gmail.com 🌐 strukkdlabs.vercel.app 💼 rj-portfolio-resume.vercel.app"
"wofexuniversity@gmail.com","WOFEX University","Quick question about WOFEX University's tech needs","restaurant","Good day,  I've heard great things about WOFEX University and wanted to reach out.  I'm Robert James, founder of STRUKKD LABS. We're a full-stack development studio based in the Philippines.  We help restaurants like WOFEX University build online ordering systems that increase sales by 30%.  Would you be open to a quick 15-minute call to discuss how we might help WOFEX University?  I'm happy to build a free prototype to show you what's possible.  Here's what we've been working on: - STRUKKD LABS: https://strukkdlabs.vercel.app/ - My portfolio: https://rj-portfolio-resume.vercel.app/  Totally understand if the timing isn't right. But if you're thinking about improving your digital presence, I'd love to help.  Cheers, Robert James Cabansay Founder, STRUKKD LABS https://strukkdlabs.vercel.app/  --- 📧 rjamscxx@gmail.com 🌐 strukkdlabs.vercel.app 💼 rj-portfolio-resume.vercel.app"
"info@juancarlo.ph","Juan Carlo Catering","Quick question about Juan Carlo Catering's tech needs","default","Hi there,  I came across Juan Carlo Catering and was impressed by what you're building.  I'm Robert James, founder of STRUKKD LABS. We're a full-stack development studio based in the Philippines.  We've helped similar businesses streamline their operations with custom software solutions.  Would you be open to a quick 15-minute call to discuss how we might help Juan Carlo Catering?  I'm happy to build a free prototype to show you what's possible.  Here's what we've been working on: - STRUKKD LABS: https://strukkdlabs.vercel.app/ - My portfolio: https://rj-portfolio-resume.vercel.app/  Totally understand if the timing isn't right. But if you're thinking about improving your digital presence, I'd love to help.  Cheers, Robert James Cabansay Founder, STRUKKD LABS https://strukkdlabs.vercel.app/  --- 📧 rjamscxx@gmail.com 🌐 strukkdlabs.vercel.app 💼 rj-portfolio-resume.vercel.app"
"info@momandsonscafe.com","MOM & SONS Kitchen & Cafe","Quick question about MOM & SONS Kitchen & Cafe's tech needs","cafe","Hi there,  Your cafe concept looks amazing! I wanted to reach out about tech solutions.  I'm Robert James, founder of STRUKKD LABS. We're a full-stack development studio based in the Philippines.  Our team creates beautiful websites and ordering systems for cafes.  Would you be interested in a free consultation to explore how we can help MOM & SONS Kitchen & Cafe?  I'm happy to build a free prototype to show you what's possible.  Here's what we've been working on: - STRUKKD LABS: https://strukkdlabs.vercel.app/ - My portfolio: https://rj-portfolio-resume.vercel.app/  Totally understand if the timing isn't right. But if you're thinking about improving your digital presence, I'd love to help.  Cheers, Robert James Cabansay Founder, STRUKKD LABS https://strukkdlabs.vercel.app/  --- 📧 rjamscxx@gmail.com 🌐 strukkdlabs.vercel.app 💼 rj-portfolio-resume.vercel.app"
"info@salorestaurant.com","SALÓ Restaurant","Quick question about SALÓ Restaurant's tech needs","restaurant","Good day,  I've heard great things about SALÓ Restaurant and wanted to reach out.  I'm Robert James, founder of STRUKKD LABS. We're a full-stack development studio based in the Philippines.  We've helped similar restaurants streamline their operations with custom software.  Would you be open to a quick 15-minute call to discuss how we might help SALÓ Restaurant?  I'm happy to build a free prototype to show you what's possible.  Here's what we've been working on: - STRUKKD LABS: https://strukkdlabs.vercel.app/ - My portfolio: https://rj-portfolio-resume.vercel.app/  Totally understand if the timing isn't right. But if you're thinking about improving your digital presence, I'd love to help.  Cheers, Robert James Cabansay Founder, STRUKKD LABS https://strukkdlabs.vercel.app/  --- 📧 rjamscxx@gmail.com 🌐 strukkdlabs.vercel.app 💼 rj-portfolio-resume.vercel.app"
"reservations@aureohotels.co","Aureo Hotels","Quick question about Aureo Hotels's tech needs","default","Hello,  I noticed Aureo Hotels in the hospitality - hotels and resorts space and wanted to reach out.  I'm Robert James, founder of STRUKKD LABS. We're a full-stack development studio based in the Philippines.  Our team specializes in building web apps and systems for companies like Aureo Hotels.  I'd love to learn more about Aureo Hotels's challenges. Do you have 15 minutes for a quick chat?  I'm happy to build a free prototype to show you what's possible.  Here's what we've been working on: - STRUKKD LABS: https://strukkdlabs.vercel.app/ - My portfolio: https://rj-portfolio-resume.vercel.app/  Totally understand if the timing isn't right. But if you're thinking about improving your digital presence, I'd love to help.  Cheers, Robert James Cabansay Founder, STRUKKD LABS https://strukkdlabs.vercel.app/  --- 📧 rjamscxx@gmail.com 🌐 strukkdlabs.vercel.app 💼 rj-portfolio-resume.vercel.app"
"reservations@lukslofts.com","Luks Lofts Hotel","Quick question about Luks Lofts Hotel's tech needs","default","Hi there,  I noticed Luks Lofts Hotel in the hospitality - boutique hotel space and wanted to reach out.  I'm Robert James, founder of STRUKKD LABS. We're a full-stack development studio based in the Philippines.  We help businesses like Luks Lofts Hotel build custom software that saves time and increases revenue.  I'd love to learn more about Luks Lofts Hotel's challenges. Do you have 15 minutes for a quick chat?  I'm happy to build a free prototype to show you what's possible.  Here's what we've been working on: - STRUKKD LABS: https://strukkdlabs.vercel.app/ - My portfolio: https://rj-portfolio-resume.vercel.app/  Totally understand if the timing isn't right. But if you're thinking about improving your digital presence, I'd love to help.  Cheers, Robert James Cabansay Founder, STRUKKD LABS https://strukkdlabs.vercel.app/  --- 📧 rjamscxx@gmail.com 🌐 strukkdlabs.vercel.app 💼 rj-portfolio-resume.vercel.app"
"info@blasiancafe.com","Blasian Cafe","Quick question about Blasian Cafe's tech needs","cafe","Hello,  I found Blasian Cafe while researching cafes in Davao and was impressed.  I'm Robert James, founder of STRUKKD LABS. We're a full-stack development studio based in the Philippines.  We've helped cafes increase repeat customers by 40% with custom apps.  Would you be interested in a free consultation to explore how we can help Blasian Cafe?  I'm happy to build a free prototype to show you what's possible.  Here's what we've been working on: - STRUKKD LABS: https://strukkdlabs.vercel.app/ - My portfolio: https://rj-portfolio-resume.vercel.app/  Totally understand if the timing isn't right. But if you're thinking about improving your digital presence, I'd love to help.  Cheers, Robert James Cabansay Founder, STRUKKD LABS https://strukkdlabs.vercel.app/  --- 📧 rjamscxx@gmail.com 🌐 strukkdlabs.vercel.app 💼 rj-portfolio-resume.vercel.app"
"info@bistro.com.ph","The Bistro Group","Quick question about The Bistro Group's tech needs","restaurant","Hello,  I came across The Bistro Group and love what you're doing with food in Metro Manila.  I'm Robert James, founder of STRUKKD LABS. We're a full-stack development studio based in the Philippines.  Our team builds custom reservation and delivery platforms for restaurants.  I'd love to learn more about The Bistro Group's challenges. Do you have 15 minutes for a quick chat?  I'm happy to build a free prototype to show you what's possible.  Here's what we've been working on: - STRUKKD LABS: https://strukkdlabs.vercel.app/ - My portfolio: https://rj-portfolio-resume.vercel.app/  Totally understand if the timing isn't right. But if you're thinking about improving your digital presence, I'd love to help.  Cheers, Robert James Cabansay Founder, STRUKKD LABS https://strukkdlabs.vercel.app/  --- 📧 rjamscxx@gmail.com 🌐 strukkdlabs.vercel.app 💼 rj-portfolio-resume.vercel.app"
"info@filipino-institute.com","Filipino Institute","Quick question about Filipino Institute's tech needs","default","Good day,  While researching education - business training businesses, I found Filipino Institute and thought of reaching out.  I'm Robert James, founder of STRUKKD LABS. We're a full-stack development studio based in the Philippines.  We help businesses like Filipino Institute build custom software that saves time and increases revenue.  Would you be open to a quick 15-minute call to discuss how we might help Filipino Institute?  I'm happy to build a free prototype to show you what's possible.  Here's what we've been working on: - STRUKKD LABS: https://strukkdlabs.vercel.app/ - My portfolio: https://rj-portfolio-resume.vercel.app/  Totally understand if the timing isn't right. But if you're thinking about improving your digital presence, I'd love to help.  Cheers, Robert James Cabansay Founder, STRUKKD LABS https://strukkdlabs.vercel.app/  --- 📧 rjamscxx@gmail.com 🌐 strukkdlabs.vercel.app 💼 rj-portfolio-resume.vercel.app"
"careers@thrilldigital.com","Thrill Digital Agency","Quick question about Thrill Digital Agency's tech needs","default","Hello,  While researching digital agency - home services websites businesses, I found Thrill Digital Agency and thought of reaching out.  I'm Robert James, founder of STRUKKD LABS. We're a full-stack development studio based in the Philippines.  We help businesses like Thrill Digital Agency build custom software that saves time and increases revenue.  Would you be open to a quick 15-minute call to discuss how we might help Thrill Digital Agency?  I'm happy to build a free prototype to show you what's possible.  Here's what we've been working on: - STRUKKD LABS: https://strukkdlabs.vercel.app/ - My portfolio: https://rj-portfolio-resume.vercel.app/  Totally understand if the timing isn't right. But if you're thinking about improving your digital presence, I'd love to help.  Cheers, Robert James Cabansay Founder, STRUKKD LABS https://strukkdlabs.vercel.app/  --- 📧 rjamscxx@gmail.com 🌐 strukkdlabs.vercel.app 💼 rj-portfolio-resume.vercel.app"
"info@filepinoinc.com","Filepino Inc.","Quick question about Filepino Inc.'s tech needs","default","Hi there,  I came across Filepino Inc. and was impressed by what you're building.  I'm Robert James, founder of STRUKKD LABS. We're a full-stack development studio based in the Philippines.  We help businesses like Filepino Inc. build custom software that saves time and increases revenue.  Would you be open to a quick 15-minute call to discuss how we might help Filepino Inc.?  I'm happy to build a free prototype to show you what's possible.  Here's what we've been working on: - STRUKKD LABS: https://strukkdlabs.vercel.app/ - My portfolio: https://rj-portfolio-resume.vercel.app/  Totally understand if the timing isn't right. But if you're thinking about improving your digital presence, I'd love to help.  Cheers, Robert James Cabansay Founder, STRUKKD LABS https://strukkdlabs.vercel.app/  --- 📧 rjamscxx@gmail.com 🌐 strukkdlabs.vercel.app 💼 rj-portfolio-resume.vercel.app"
"careers@eflexervices.com","eFlexervices","Quick question about eFlexervices's tech needs","default","Good day,  I came across eFlexervices and was impressed by what you're building.  I'm Robert James, founder of STRUKKD LABS. We're a full-stack development studio based in the Philippines.  Our team specializes in building web apps and systems for companies like eFlexervices.  I'd love to learn more about eFlexervices's challenges. Do you have 15 minutes for a quick chat?  I'm happy to build a free prototype to show you what's possible.  Here's what we've been working on: - STRUKKD LABS: https://strukkdlabs.vercel.app/ - My portfolio: https://rj-portfolio-resume.vercel.app/  Totally understand if the timing isn't right. But if you're thinking about improving your digital presence, I'd love to help.  Cheers, Robert James Cabansay Founder, STRUKKD LABS https://strukkdlabs.vercel.app/  --- 📧 rjamscxx@gmail.com 🌐 strukkdlabs.vercel.app 💼 rj-portfolio-resume.vercel.app"
"jobs@benchmedia.com","Bench Media","Quick question about Bench Media's tech needs","default","Hello,  While researching digital marketing - media agency businesses, I found Bench Media and thought of reaching out.  I'm Robert James, founder of STRUKKD LABS. We're a full-stack development studio based in the Philippines.  We've helped similar businesses streamline their operations with custom software solutions.  Would you be open to a quick 15-minute call to discuss how we might help Bench Media?  I'm happy to build a free prototype to show you what's possible.  Here's what we've been working on: - STRUKKD LABS: https://strukkdlabs.vercel.app/ - My portfolio: https://rj-portfolio-resume.vercel.app/  Totally understand if the timing isn't right. But if you're thinking about improving your digital presence, I'd love to help.  Cheers, Robert James Cabansay Founder, STRUKKD LABS https://strukkdlabs.vercel.app/  --- 📧 rjamscxx@gmail.com 🌐 strukkdlabs.vercel.app 💼 rj-portfolio-resume.vercel.app"
"info@huskee.co","Huskee","Quick question about Huskee's tech needs","default","Hi there,  I came across Huskee and was impressed by what you're building.  I'm Robert James, founder of STRUKKD LABS. We're a full-stack development studio based in the Philippines.  Our team specializes in building web apps and systems for companies like Huskee.  Would you be open to a quick 15-minute call to discuss how we might help Huskee?  I'm happy to build a free prototype to show you what's possible.  Here's what we've been working on: - STRUKKD LABS: https://strukkdlabs.vercel.app/ - My portfolio: https://rj-portfolio-resume.vercel.app/  Totally understand if the timing isn't right. But if you're thinking about improving your digital presence, I'd love to help.  Cheers, Robert James Cabansay Founder, STRUKKD LABS https://strukkdlabs.vercel.app/  --- 📧 rjamscxx@gmail.com 🌐 strukkdlabs.vercel.app 💼 rj-portfolio-resume.vercel.app"
"hello@starfi.sh","Starfish Web Design","Quick question about Starfish Web Design's tech needs","default","Hi there,  I noticed Starfish Web Design in the web design agency space and wanted to reach out.  I'm Robert James, founder of STRUKKD LABS. We're a full-stack development studio based in the Philippines.  We help businesses like Starfish Web Design build custom software that saves time and increases revenue.  I'd love to learn more about Starfish Web Design's challenges. Do you have 15 minutes for a quick chat?  I'm happy to build a free prototype to show you what's possible.  Here's what we've been working on: - STRUKKD LABS: https://strukkdlabs.vercel.app/ - My portfolio: https://rj-portfolio-resume.vercel.app/  Totally understand if the timing isn't right. But if you're thinking about improving your digital presence, I'd love to help.  Cheers, Robert James Cabansay Founder, STRUKKD LABS https://strukkdlabs.vercel.app/  --- 📧 rjamscxx@gmail.com 🌐 strukkdlabs.vercel.app 💼 rj-portfolio-resume.vercel.app"
"support@maya.ph","Maya","Quick question about Maya's tech needs","fintech","Hello,  I noticed Maya in the fintech space and wanted to connect.  I'm Robert James, founder of STRUKKD LABS. We're a full-stack development studio based in the Philippines.  We help fintech companies build secure, scalable platforms.  Would you be open to a quick call to discuss potential collaboration?  I'm happy to build a free prototype to show you what's possible.  Here's what we've been working on: - STRUKKD LABS: https://strukkdlabs.vercel.app/ - My portfolio: https://rj-portfolio-resume.vercel.app/  Totally understand if the timing isn't right. But if you're thinking about improving your digital presence, I'd love to help.  Cheers, Robert James Cabansay Founder, STRUKKD LABS https://strukkdlabs.vercel.app/  --- 📧 rjamscxx@gmail.com 🌐 strukkdlabs.vercel.app 💼 rj-portfolio-resume.vercel.app"
"support@coins.ph","Coins.ph","Quick question about Coins.ph's tech needs","fintech","Hi there,  Your innovative approach to fintech - cryptocurrency and digital wallet caught my attention.  I'm Robert James, founder of STRUKKD LABS. We're a full-stack development studio based in the Philippines.  We've helped similar startups scale their platforms to handle millions of users.  Would you be open to a quick call to discuss potential collaboration?  I'm happy to build a free prototype to show you what's possible.  Here's what we've been working on: - STRUKKD LABS: https://strukkdlabs.vercel.app/ - My portfolio: https://rj-portfolio-resume.vercel.app/  Totally understand if the timing isn't right. But if you're thinking about improving your digital presence, I'd love to help.  Cheers, Robert James Cabansay Founder, STRUKKD LABS https://strukkdlabs.vercel.app/  --- 📧 rjamscxx@gmail.com 🌐 strukkdlabs.vercel.app 💼 rj-portfolio-resume.vercel.app"
"support@gcash.com","Mynt (GCash)","Quick question about Mynt (GCash)'s tech needs","fintech","Hello,  I noticed Mynt (GCash) in the fintech space and wanted to connect.  I'm Robert James, founder of STRUKKD LABS. We're a full-stack development studio based in the Philippines.  We've helped similar startups scale their platforms to handle millions of users.  I'd love to explore how we might support Mynt (GCash)'s technical needs.  I'm happy to build a free prototype to show you what's possible.  Here's what we've been working on: - STRUKKD LABS: https://strukkdlabs.vercel.app/ - My portfolio: https://rj-portfolio-resume.vercel.app/  Totally understand if the timing isn't right. But if you're thinking about improving your digital presence, I'd love to help.  Cheers, Robert James Cabansay Founder, STRUKKD LABS https://strukkdlabs.vercel.app/  --- 📧 rjamscxx@gmail.com 🌐 strukkdlabs.vercel.app 💼 rj-portfolio-resume.vercel.app"
"hello@pickupcoffee.com","PickUp Coffee","Quick question about PickUp Coffee's tech needs","cafe","Hi there,  Your cafe concept looks amazing! I wanted to reach out about tech solutions.  I'm Robert James, founder of STRUKKD LABS. We're a full-stack development studio based in the Philippines.  Our team creates beautiful websites and ordering systems for cafes.  Would you be interested in a free consultation to explore how we can help PickUp Coffee?  I'm happy to build a free prototype to show you what's possible.  Here's what we've been working on: - STRUKKD LABS: https://strukkdlabs.vercel.app/ - My portfolio: https://rj-portfolio-resume.vercel.app/  Totally understand if the timing isn't right. But if you're thinking about improving your digital presence, I'd love to help.  Cheers, Robert James Cabansay Founder, STRUKKD LABS https://strukkdlabs.vercel.app/  --- 📧 rjamscxx@gmail.com 🌐 strukkdlabs.vercel.app 💼 rj-portfolio-resume.vercel.app"
"support@billease.ph","BillEase","Quick question about BillEase's tech needs","fintech","Hi there,  Your innovative approach to fintech - buy now pay later caught my attention.  I'm Robert James, founder of STRUKKD LABS. We're a full-stack development studio based in the Philippines.  We've helped similar startups scale their platforms to handle millions of users.  I'd love to explore how we might support BillEase's technical needs.  I'm happy to build a free prototype to show you what's possible.  Here's what we've been working on: - STRUKKD LABS: https://strukkdlabs.vercel.app/ - My portfolio: https://rj-portfolio-resume.vercel.app/  Totally understand if the timing isn't right. But if you're thinking about improving your digital presence, I'd love to help.  Cheers, Robert James Cabansay Founder, STRUKKD LABS https://strukkdlabs.vercel.app/  --- 📧 rjamscxx@gmail.com 🌐 strukkdlabs.vercel.app 💼 rj-portfolio-resume.vercel.app"
"support@gotyme.com","GoTyme Bank","Quick question about GoTyme Bank's tech needs","fintech","Good day,  I noticed GoTyme Bank in the fintech space and wanted to connect.  I'm Robert James, founder of STRUKKD LABS. We're a full-stack development studio based in the Philippines.  We help fintech companies build secure, scalable platforms.  I'd love to explore how we might support GoTyme Bank's technical needs.  I'm happy to build a free prototype to show you what's possible.  Here's what we've been working on: - STRUKKD LABS: https://strukkdlabs.vercel.app/ - My portfolio: https://rj-portfolio-resume.vercel.app/  Totally understand if the timing isn't right. But if you're thinking about improving your digital presence, I'd love to help.  Cheers, Robert James Cabansay Founder, STRUKKD LABS https://strukkdlabs.vercel.app/  --- 📧 rjamscxx@gmail.com 🌐 strukkdlabs.vercel.app 💼 rj-portfolio-resume.vercel.app"
"hello@zed.ph","Zed","Quick question about Zed's tech needs","fintech","Hi there,  I've been following Zed's growth and wanted to reach out.  I'm Robert James, founder of STRUKKD LABS. We're a full-stack development studio based in the Philippines.  We help fintech companies build secure, scalable platforms.  I'd love to explore how we might support Zed's technical needs.  I'm happy to build a free prototype to show you what's possible.  Here's what we've been working on: - STRUKKD LABS: https://strukkdlabs.vercel.app/ - My portfolio: https://rj-portfolio-resume.vercel.app/  Totally understand if the timing isn't right. But if you're thinking about improving your digital presence, I'd love to help.  Cheers, Robert James Cabansay Founder, STRUKKD LABS https://strukkdlabs.vercel.app/  --- 📧 rjamscxx@gmail.com 🌐 strukkdlabs.vercel.app 💼 rj-portfolio-resume.vercel.app"
"support@skyro.ph","Skyro","Quick question about Skyro's tech needs","fintech","Hi there,  I noticed Skyro in the fintech space and wanted to connect.  I'm Robert James, founder of STRUKKD LABS. We're a full-stack development studio based in the Philippines.  We've helped similar startups scale their platforms to handle millions of users.  I'd love to explore how we might support Skyro's technical needs.  I'm happy to build a free prototype to show you what's possible.  Here's what we've been working on: - STRUKKD LABS: https://strukkdlabs.vercel.app/ - My portfolio: https://rj-portfolio-resume.vercel.app/  Totally understand if the timing isn't right. But if you're thinking about improving your digital presence, I'd love to help.  Cheers, Robert James Cabansay Founder, STRUKKD LABS https://strukkdlabs.vercel.app/  --- 📧 rjamscxx@gmail.com 🌐 strukkdlabs.vercel.app 💼 rj-portfolio-resume.vercel.app"
"support@cashalo.com","Cashalo","Quick question about Cashalo's tech needs","fintech","Good day,  I've been following Cashalo's growth and wanted to reach out.  I'm Robert James, founder of STRUKKD LABS. We're a full-stack development studio based in the Philippines.  Our team specializes in fintech development with compliance in mind.  Would you be open to a quick call to discuss potential collaboration?  I'm happy to build a free prototype to show you what's possible.  Here's what we've been working on: - STRUKKD LABS: https://strukkdlabs.vercel.app/ - My portfolio: https://rj-portfolio-resume.vercel.app/  Totally understand if the timing isn't right. But if you're thinking about improving your digital presence, I'd love to help.  Cheers, Robert James Cabansay Founder, STRUKKD LABS https://strukkdlabs.vercel.app/  --- 📧 rjamscxx@gmail.com 🌐 strukkdlabs.vercel.app 💼 rj-portfolio-resume.vercel.app"
"support@seabank.com.ph","SeaBank Philippines","Quick question about SeaBank Philippines's tech needs","fintech","Good day,  I noticed SeaBank Philippines in the fintech space and wanted to connect.  I'm Robert James, founder of STRUKKD LABS. We're a full-stack development studio based in the Philippines.  We help fintech companies build secure, scalable platforms.  Would you be open to a quick call to discuss potential collaboration?  I'm happy to build a free prototype to show you what's possible.  Here's what we've been working on: - STRUKKD LABS: https://strukkdlabs.vercel.app/ - My portfolio: https://rj-portfolio-resume.vercel.app/  Totally understand if the timing isn't right. But if you're thinking about improving your digital presence, I'd love to help.  Cheers, Robert James Cabansay Founder, STRUKKD LABS https://strukkdlabs.vercel.app/  --- 📧 rjamscxx@gmail.com 🌐 strukkdlabs.vercel.app 💼 rj-portfolio-resume.vercel.app"
"hello@lista.ph","Lista","Quick question about Lista's tech needs","fintech","Hi there,  I've been following Lista's growth and wanted to reach out.  I'm Robert James, founder of STRUKKD LABS. We're a full-stack development studio based in the Philippines.  We've helped similar startups scale their platforms to handle millions of users.  Would you be open to a quick call to discuss potential collaboration?  I'm happy to build a free prototype to show you what's possible.  Here's what we've been working on: - STRUKKD LABS: https://strukkdlabs.vercel.app/ - My portfolio: https://rj-portfolio-resume.vercel.app/  Totally understand if the timing isn't right. But if you're thinking about improving your digital presence, I'd love to help.  Cheers, Robert James Cabansay Founder, STRUKKD LABS https://strukkdlabs.vercel.app/  --- 📧 rjamscxx@gmail.com 🌐 strukkdlabs.vercel.app 💼 rj-portfolio-resume.vercel.app"
"hello@mykindred.com","My Kindred","Quick question about My Kindred's tech needs","default","Good day,  I noticed My Kindred in the healthcare - women's health space and wanted to reach out.  I'm Robert James, founder of STRUKKD LABS. We're a full-stack development studio based in the Philippines.  Our team specializes in building web apps and systems for companies like My Kindred.  Would you be open to a quick 15-minute call to discuss how we might help My Kindred?  I'm happy to build a free prototype to show you what's possible.  Here's what we've been working on: - STRUKKD LABS: https://strukkdlabs.vercel.app/ - My portfolio: https://rj-portfolio-resume.vercel.app/  Totally understand if the timing isn't right. But if you're thinking about improving your digital presence, I'd love to help.  Cheers, Robert James Cabansay Founder, STRUKKD LABS https://strukkdlabs.vercel.app/  --- 📧 rjamscxx@gmail.com 🌐 strukkdlabs.vercel.app 💼 rj-portfolio-resume.vercel.app"
"hello@toki.ph","Toki","Quick question about Toki's tech needs","default","Hi there,  I noticed Toki in the retail - e-commerce space and wanted to reach out.  I'm Robert James, founder of STRUKKD LABS. We're a full-stack development studio based in the Philippines.  Our team specializes in building web apps and systems for companies like Toki.  I'd love to learn more about Toki's challenges. Do you have 15 minutes for a quick chat?  I'm happy to build a free prototype to show you what's possible.  Here's what we've been working on: - STRUKKD LABS: https://strukkdlabs.vercel.app/ - My portfolio: https://rj-portfolio-resume.vercel.app/  Totally understand if the timing isn't right. But if you're thinking about improving your digital presence, I'd love to help.  Cheers, Robert James Cabansay Founder, STRUKKD LABS https://strukkdlabs.vercel.app/  --- 📧 rjamscxx@gmail.com 🌐 strukkdlabs.vercel.app 💼 rj-portfolio-resume.vercel.app"
"info@phinma-education.com","Phinma Education Holdings","Quick question about Phinma Education Holdings's tech needs","default","Hi there,  I noticed Phinma Education Holdings in the education - higher education space and wanted to reach out.  I'm Robert James, founder of STRUKKD LABS. We're a full-stack development studio based in the Philippines.  We help businesses like Phinma Education Holdings build custom software that saves time and increases revenue.  I'd love to learn more about Phinma Education Holdings's challenges. Do you have 15 minutes for a quick chat?  I'm happy to build a free prototype to show you what's possible.  Here's what we've been working on: - STRUKKD LABS: https://strukkdlabs.vercel.app/ - My portfolio: https://rj-portfolio-resume.vercel.app/  Totally understand if the timing isn't right. But if you're thinking about improving your digital presence, I'd love to help.  Cheers, Robert James Cabansay Founder, STRUKKD LABS https://strukkdlabs.vercel.app/  --- 📧 rjamscxx@gmail.com 🌐 strukkdlabs.vercel.app 💼 rj-portfolio-resume.vercel.app"
"info@onestopwarehouse.com","One Stop Warehouse","Quick question about One Stop Warehouse's tech needs","default","Hi there,  While researching renewable energy - solar wholesale businesses, I found One Stop Warehouse and thought of reaching out.  I'm Robert James, founder of STRUKKD LABS. We're a full-stack development studio based in the Philippines.  Our team specializes in building web apps and systems for companies like One Stop Warehouse.  I'd love to learn more about One Stop Warehouse's challenges. Do you have 15 minutes for a quick chat?  I'm happy to build a free prototype to show you what's possible.  Here's what we've been working on: - STRUKKD LABS: https://strukkdlabs.vercel.app/ - My portfolio: https://rj-portfolio-resume.vercel.app/  Totally understand if the timing isn't right. But if you're thinking about improving your digital presence, I'd love to help.  Cheers, Robert James Cabansay Founder, STRUKKD LABS https://strukkdlabs.vercel.app/  --- 📧 rjamscxx@gmail.com 🌐 strukkdlabs.vercel.app 💼 rj-portfolio-resume.vercel.app"
"support@dito.ph","DITO Telecommunity","Quick question about DITO Telecommunity's tech needs","default","Hello,  While researching telecommunications - 5g network businesses, I found DITO Telecommunity and thought of reaching out.  I'm Robert James, founder of STRUKKD LABS. We're a full-stack development studio based in the Philippines.  We help businesses like DITO Telecommunity build custom software that saves time and increases revenue.  I'd love to learn more about DITO Telecommunity's challenges. Do you have 15 minutes for a quick chat?  I'm happy to build a free prototype to show you what's possible.  Here's what we've been working on: - STRUKKD LABS: https://strukkdlabs.vercel.app/ - My portfolio: https://rj-portfolio-resume.vercel.app/  Totally understand if the timing isn't right. But if you're thinking about improving your digital presence, I'd love to help.  Cheers, Robert James Cabansay Founder, STRUKKD LABS https://strukkdlabs.vercel.app/  --- 📧 rjamscxx@gmail.com 🌐 strukkdlabs.vercel.app 💼 rj-portfolio-resume.vercel.app"
